197.2500,-1539.1500
197.3850,-1539.1500
197.5190,-1539.1500
197.6530,-1442.1500
197.7870,233.8500
197.9220,-183.1500
198.0560,97.8500
198.1900,-20.1500
198.3240,42.8500
198.4590,-285.1500
198.5930,593.8500
198.7270,-57.1500
198.8610,-127.1500
198.9960,296.8500
199.1300,-381.1500
199.2640,-292.1500
199.3980,-44.1500
199.5330,358.8500
199.6670,176.8500
199.8010,-120.1500
199.9350,-354.1500
200.0700,-63.1500
200.2040,-31.1500
200.3380,-229.1500
200.4720,-218.1500
200.6060,-445.1500
200.7410,-233.1500
200.8750,-206.1500
201.0090,-165.1500
201.1430,-356.1500
201.2770,104.8500
201.4120,81.8500
201.5460,310.8500
201.6800,268.8500
201.8140,-270.1500
201.9480,67.8500
202.0820,-93.1500
202.2170,-432.1500
202.3510,-156.1500
202.4850,-117.1500
202.6190,-304.1500
202.7530,-460.1500
202.8870,360.8500
203.0210,147.8500
203.1560,312.8500
203.2900,44.8500
203.4240,-65.1500
203.5580,-266.1500
203.6920,-125.1500
203.8260,-414.1500
203.9600,-176.1500
204.0940,212.8500
204.2290,-272.1500
204.3630,-292.1500
204.4970,-461.1500
204.6310,-377.1500
204.7650,-285.1500
204.8990,-192.1500
205.0330,-227.1500
205.1670,-331.1500
205.3010,-6.1500
205.4350,-441.1500
205.5690,-154.1500
205.7040,-110.1500
205.8380,-425.1500
205.9720,-229.1500
206.1060,645.8500
206.2400,-211.1500
206.3740,-274.1500
206.5080,-22.1500
206.6420,30.8500
206.7760,-181.1500
206.9100,207.8500
207.0440,-4.1500
207.1780,160.8500
207.3120,-81.1500
207.4460,-207.1500
207.5800,-198.1500
207.7140,-384.1500
207.8480,206.8500
207.9820,-500.1500
208.1160,28.8500
208.2500,-356.1500
208.3840,-230.1500
208.5180,-218.1500
208.6520,-351.1500
208.7860,-374.1500
208.9200,266.8500
209.0540,-95.1500
209.1880,-362.1500
209.3220,-201.1500
209.4560,-184.1500
209.5900,-375.1500
209.7240,-117.1500
209.8580,-71.1500
209.9920,-186.1500
210.1260,-260.1500
210.2600,-243.1500
210.3940,-119.1500
210.5280,-99.1500
210.6620,-290.1500
210.7960,-260.1500
210.9290,180.8500
211.0630,-20.1500
211.1970,-139.1500
211.3310,-48.1500
211.4650,-261.1500
211.5990,71.8500
211.7330,118.8500
211.8670,-342.1500
212.0010,-240.1500
212.1350,-102.1500
212.2690,-359.1500
212.4020,-267.1500
212.5360,123.8500
212.6700,-190.1500
212.8040,-321.1500
212.9380,54.8500
213.0720,-293.1500
213.2060,-172.1500
213.3400,-242.1500
213.4730,-221.1500
213.6070,133.8500
213.7410,-438.1500
213.8750,-376.1500
214.0090,-337.1500
214.1430,-230.1500
214.2770,-211.1500
214.4100,-295.1500
214.5440,321.8500
214.6780,136.8500
214.8120,347.8500
214.9460,-379.1500
215.0800,-247.1500
215.2130,-297.1500
215.3470,-208.1500
215.4810,-117.1500
215.6150,-452.1500
215.7490,10.8500
215.8820,-359.1500
216.0160,-418.1500
216.1500,113.8500
216.2840,211.8500
216.4180,-39.1500
216.5510,130.8500
216.6850,7.8500
216.8190,-374.1500
216.9530,-224.1500
217.0860,352.8500
217.2200,-232.1500
217.3540,-54.1500
217.4880,101.8500
217.6210,131.8500
217.7550,-55.1500
217.8890,-214.1500
218.0230,-144.1500
218.1560,107.8500
218.2900,97.8500
218.4240,203.8500
218.5580,-358.1500
218.6910,-487.1500
218.8250,-184.1500
218.9590,565.8500
219.0920,-204.1500
219.2260,-430.1500
219.3600,-400.1500
219.4940,-101.1500
219.6270,-277.1500
219.7610,-275.1500
219.8950,-149.1500
220.0280,-434.1500
220.1620,705.8500
220.2960,169.8500
220.4290,-34.1500
220.5630,-143.1500
220.6970,-43.1500
220.8300,-286.1500
220.9640,-216.1500
221.0980,-381.1500
221.2310,-329.1500
221.3650,57.8500
221.4990,-304.1500
221.6320,-314.1500
221.7660,13.8500
221.9000,-135.1500
222.0330,-197.1500
222.1670,103.8500
222.3000,-290.1500
222.4340,-38.1500
222.5680,279.8500
222.7010,-225.1500
222.8350,-240.1500
222.9680,-319.1500
223.1020,-333.1500
223.2360,-368.1500
223.3690,-18.1500
223.5030,10.8500
223.6360,-326.1500
223.7700,-206.1500
223.9040,-29.1500
224.0370,-237.1500
224.1710,115.8500
224.3040,6.8500
224.4380,-250.1500
224.5710,-165.1500
224.7050,216.8500
224.8390,-66.1500
224.9720,-464.1500
225.1060,-34.1500
225.2390,-162.1500
225.3730,62.8500
225.5060,-94.1500
225.6400,80.8500
225.7730,-214.1500
225.9070,-255.1500
226.0400,-442.1500
226.1740,-142.1500
226.3070,-76.1500
226.4410,-224.1500
226.5750,-39.1500
226.7080,209.8500
226.8420,-114.1500
226.9750,-221.1500
227.1090,-325.1500
227.2420,28.8500
227.3750,49.8500
227.5090,-104.1500
227.6420,-258.1500
227.7760,66.8500
227.9090,36.8500
228.0430,-304.1500
228.1760,257.8500
228.3100,-346.1500
228.4430,395.8500
228.5770,-94.1500
228.7100,-215.1500
228.8440,-46.1500
228.9770,-350.1500
229.1110,-244.1500
229.2440,13.8500
229.3770,-395.1500
229.5110,-49.1500
229.6440,-257.1500
229.7780,-244.1500
229.9110,-276.1500
230.0440,-163.1500
230.1780,-55.1500
230.3110,-297.1500
230.4450,67.8500
230.5780,-292.1500
230.7110,-135.1500
230.8450,407.8500
230.9780,55.8500
231.1120,-340.1500
231.2450,-382.1500
231.3780,-328.1500
231.5120,17.8500
231.6450,-572.1500
231.7790,-431.1500
231.9120,-99.1500
232.0450,67.8500
232.1790,-257.1500
232.3120,-236.1500
232.4450,105.8500
232.5790,315.8500
232.7120,155.8500
232.8450,-277.1500
232.9790,-460.1500
233.1120,48.8500
233.2450,-202.1500
233.3790,-399.1500
233.5120,-64.1500
233.6450,-371.1500
233.7790,-350.1500
233.9120,43.8500
234.0450,-260.1500
234.1790,56.8500
234.3120,-211.1500
234.4450,-7.1500
234.5780,-91.1500
234.7120,-14.1500
234.8450,39.8500
234.9780,-255.1500
235.1120,-92.1500
235.2450,143.8500
235.3780,-276.1500
235.5110,-49.1500
235.6450,6.8500
235.7780,-23.1500
235.9110,-289.1500
236.0440,-429.1500
236.1780,347.8500
236.3110,-347.1500
236.4440,-363.1500
236.5770,-342.1500
236.7110,-138.1500
236.8440,-565.1500
236.9770,-192.1500
237.1100,-235.1500
237.2430,-21.1500
237.3770,-393.1500
237.5100,-345.1500
237.6430,1228.8500
237.7760,-254.1500
237.9090,-222.1500
238.0430,-17.1500
238.1760,-353.1500
238.3090,-130.1500
238.4420,-423.1500
238.5750,-132.1500
238.7090,535.8500
238.8420,-26.1500
238.9750,-66.1500
239.1080,224.8500
239.2410,-406.1500
239.3740,-355.1500
239.5080,-285.1500
239.6410,246.8500
239.7740,461.8500
239.9070,-118.1500
240.0400,-375.1500
240.1730,30.8500
240.3060,313.8500
240.4400,-261.1500
240.5730,199.8500
240.7060,-209.1500
240.8390,-53.1500
240.9720,-124.1500
241.1050,-86.1500
241.2380,38.8500
241.3710,-86.1500
241.5040,-112.1500
241.6380,-172.1500
241.7710,-62.1500
241.9040,-228.1500
242.0370,37.8500
242.1700,-279.1500
242.3030,-452.1500
242.4360,-148.1500
242.5690,-185.1500
242.7020,-283.1500
242.8350,-256.1500
242.9680,-62.1500
243.1010,-176.1500
243.2340,-290.1500
243.3670,-383.1500
243.5000,-176.1500
243.6340,-264.1500
243.7670,-437.1500
243.9000,-321.1500
244.0330,-349.1500
244.1660,110.8500
244.2990,-451.1500
244.4320,-332.1500
244.5650,-44.1500
244.6980,-487.1500
244.8310,-269.1500
244.9640,-382.1500
245.0970,-254.1500
245.2300,-63.1500
245.3630,235.8500
245.4960,-411.1500
245.6290,-201.1500
245.7620,566.8500
245.8950,-347.1500
246.0280,-242.1500
246.1610,539.8500
246.2940,23.8500
246.4270,-330.1500
246.5590,118.8500
246.6920,-103.1500
246.8250,-228.1500
246.9580,-318.1500
247.0910,-436.1500
247.2240,-461.1500
247.3570,-290.1500
247.4900,155.8500
247.6230,-295.1500
247.7560,-365.1500
247.8890,381.8500
248.0220,-145.1500
248.1550,-368.1500
248.2880,-167.1500
248.4210,-326.1500
248.5530,87.8500
248.6860,-341.1500
248.8190,78.8500
248.9520,-349.1500
249.0850,220.8500
249.2180,-81.1500
249.3510,-150.1500
249.4840,176.8500
249.6170,-103.1500
249.7490,-335.1500
249.8820,-335.1500
250.0150,-363.1500
250.1480,-238.1500
250.2810,-377.1500
250.4140,-232.1500
250.5470,-240.1500
250.6790,280.8500
250.8120,-132.1500
250.9450,-37.1500
251.0780,-344.1500
251.2110,-208.1500
251.3440,-385.1500
251.4760,-258.1500
251.6090,-50.1500
251.7420,-378.1500
251.8750,-95.1500
252.0080,-272.1500
252.1400,-475.1500
252.2730,-142.1500
252.4060,211.8500
252.5390,-27.1500
252.6720,-147.1500
252.8040,183.8500
252.9370,-394.1500
253.0700,-55.1500
253.2030,-166.1500
253.3350,78.8500
253.4680,-527.1500
253.6010,-210.1500
253.7340,-143.1500
253.8660,-201.1500
253.9990,486.8500
254.1320,-51.1500
254.2650,-183.1500
254.3970,-244.1500
254.5300,-206.1500
254.6630,16.8500
254.7960,-280.1500
254.9280,-382.1500
255.0610,-336.1500
255.1940,-95.1500
255.3270,-432.1500
255.4590,-55.1500
255.5920,-410.1500
255.7250,236.8500
255.8570,-291.1500
255.9900,-9.1500
256.1230,-302.1500
256.2550,-330.1500
256.3880,-139.1500
256.5210,-368.1500
256.6530,-440.1500
256.7860,-370.1500
256.9190,-236.1500
257.0510,-376.1500
257.1840,-31.1500
257.3170,-312.1500
257.4490,-362.1500
257.5820,-138.1500
257.7150,-309.1500
257.8470,-331.1500
257.9800,-167.1500
258.1130,-281.1500
258.2450,-193.1500
258.3780,-496.1500
258.5100,-386.1500
258.6430,-348.1500
258.7760,5.8500
258.9080,-382.1500
259.0410,-141.1500
259.1740,-276.1500
259.3060,-312.1500
259.4390,-390.1500
259.5710,-314.1500
259.7040,-187.1500
259.8370,179.8500
259.9690,-291.1500
260.1020,-304.1500
260.2340,292.8500
260.3670,58.8500
260.4990,-310.1500
260.6320,-251.1500
260.7650,-277.1500
260.8970,-284.1500
261.0300,-353.1500
261.1620,-143.1500
261.2950,-115.1500
261.4270,86.8500
261.5600,-111.1500
261.6920,-365.1500
261.8250,-85.1500
261.9570,84.8500
262.0900,102.8500
262.2220,1.8500
262.3550,-359.1500
262.4870,-174.1500
262.6200,-368.1500
262.7520,-173.1500
262.8850,-198.1500
263.0170,-32.1500
263.1500,-266.1500
263.2820,-95.1500
263.4150,-371.1500
263.5470,-71.1500
263.6800,224.8500
263.8120,-452.1500
263.9450,-139.1500
264.0770,-374.1500
264.2100,199.8500
264.3420,-430.1500
264.4750,-306.1500
264.6070,176.8500
264.7400,-564.1500
264.8720,-144.1500
265.0040,152.8500
265.1370,59.8500
265.2690,452.8500
265.4020,-373.1500
265.5340,-282.1500
265.6670,-272.1500
265.7990,123.8500
265.9310,-153.1500
266.0640,-5.1500
266.1960,-233.1500
266.3290,-240.1500
266.4610,-249.1500
266.5930,28.8500
266.7260,-458.1500
266.8580,-225.1500
266.9900,-176.1500
267.1230,-250.1500
267.2550,-80.1500
267.3880,-231.1500
267.5200,-343.1500
267.6520,-295.1500
267.7850,129.8500
267.9170,-31.1500
268.0490,-217.1500
268.1820,499.8500
268.3140,78.8500
268.4460,-460.1500
268.5790,-334.1500
268.7110,264.8500
268.8430,-296.1500
268.9760,-127.1500
269.1080,481.8500
269.2400,161.8500
269.3730,-54.1500
269.5050,-227.1500
269.6370,-199.1500
269.7700,-295.1500
269.9020,171.8500
270.0340,-388.1500
270.1670,14.8500
270.2990,-78.1500
270.4310,-0.1500
270.5630,-293.1500
270.6960,-17.1500
270.8280,-180.1500
270.9600,-127.1500
271.0920,-56.1500
271.2250,-355.1500
271.3570,-112.1500
271.4890,-280.1500
271.6210,-374.1500
271.7540,667.8500
271.8860,-310.1500
272.0180,-273.1500
272.1500,366.8500
272.2830,-386.1500
272.4150,-248.1500
272.5470,47.8500
272.6790,39.8500
272.8110,-165.1500
272.9440,-170.1500
273.0760,-503.1500
273.2080,-89.1500
273.3400,-132.1500
273.4730,-192.1500
273.6050,73.8500
273.7370,-375.1500
273.8690,-99.1500
274.0010,-557.1500
274.1330,-7.1500
274.2660,-302.1500
274.3980,1926.8500
274.5300,57.8500
274.6620,180.8500
274.7940,1.8500
274.9260,66.8500
275.0590,-263.1500
275.1910,-49.1500
275.3230,-383.1500
275.4550,119.8500
275.5870,-321.1500
275.7190,-211.1500
275.8510,-189.1500
275.9830,4.8500
276.1160,-20.1500
276.2480,127.8500
276.3800,-385.1500
276.5120,-41.1500
276.6440,-225.1500
276.7760,-362.1500
276.9080,-84.1500
277.0400,-174.1500
277.1720,49.8500
277.3040,-259.1500
277.4370,-56.1500
277.5690,-298.1500
277.7010,-349.1500
277.8330,-165.1500
277.9650,-240.1500
278.0970,20.8500
278.2290,-275.1500
278.3610,-260.1500
278.4930,109.8500
278.6250,238.8500
278.7570,-4.1500
278.8890,-359.1500
279.0210,-258.1500
279.1530,670.8500
279.2850,-330.1500
279.4170,767.8500
279.5490,75.8500
279.6810,-181.1500
279.8130,-290.1500
279.9450,-10.1500
280.0770,-313.1500
280.2090,1366.8500
280.3410,-384.1500
280.4730,-237.1500
280.6050,58.8500
280.7370,-88.1500
280.8690,236.8500
281.0010,-133.1500
281.1330,-458.1500
281.2650,-86.1500
281.3970,-216.1500
281.5290,344.8500
281.6610,-354.1500
281.7930,-521.1500
281.9250,-301.1500
282.0570,-214.1500
282.1890,-209.1500
282.3210,-85.1500
282.4530,-6.1500
282.5850,-360.1500
282.7170,130.8500
282.8490,-144.1500
282.9800,-223.1500
283.1120,-337.1500
283.2440,-54.1500
283.3760,-365.1500
283.5080,-493.1500
283.6400,-379.1500
283.7720,114.8500
283.9040,111.8500
284.0360,-420.1500
284.1680,136.8500
284.2990,-63.1500
284.4310,-65.1500
284.5630,-215.1500
284.6950,-210.1500
284.8270,-357.1500
284.9590,-11.1500
285.0910,-332.1500
285.2220,-370.1500
285.3540,-298.1500
285.4860,-182.1500
285.6180,-400.1500
285.7500,-214.1500
285.8820,150.8500
286.0130,34.8500
286.1450,-77.1500
286.2770,-25.1500
286.4090,56.8500
286.5410,46.8500
286.6730,-349.1500
286.8040,-314.1500
286.9360,-91.1500
287.0680,-402.1500
287.2000,-344.1500
287.3320,361.8500
287.4630,-455.1500
287.5950,-95.1500
287.7270,539.8500
287.8590,-202.1500
287.9900,-249.1500
288.1220,-346.1500
288.2540,20.8500
288.3860,-263.1500
288.5170,-393.1500
288.6490,-251.1500
288.7810,-65.1500
288.9130,-87.1500
289.0440,-446.1500
289.1760,180.8500
289.3080,-263.1500
289.4400,-486.1500
289.5710,-286.1500
289.7030,-378.1500
289.8350,42.8500
289.9670,-357.1500
290.0980,-427.1500
290.2300,-458.1500
290.3620,96.8500
290.4930,-454.1500
290.6250,-282.1500
290.7570,-294.1500
290.8880,-215.1500
291.0200,-57.1500
291.1520,-92.1500
291.2830,-52.1500
291.4150,-192.1500
291.5470,-387.1500
291.6780,-328.1500
291.8100,-88.1500
291.9420,349.8500
292.0730,-63.1500
292.2050,-390.1500
292.3370,14.8500
292.4680,639.8500
292.6000,-279.1500
292.7320,774.8500
292.8630,-322.1500
292.9950,-457.1500
293.1260,48.8500
293.2580,173.8500
293.3900,-383.1500
293.5210,-351.1500
293.6530,-446.1500
293.7850,94.8500
293.9160,-358.1500
294.0480,13.8500
294.1790,17.8500
294.3110,-375.1500
294.4420,31.8500
294.5740,-379.1500
294.7060,-166.1500
294.8370,96.8500
294.9690,-137.1500
295.1000,-290.1500
295.2320,-379.1500
295.3630,214.8500
295.4950,-321.1500
295.6270,-31.1500
295.7580,139.8500
295.8900,-482.1500
296.0210,5.8500
296.1530,14.8500
296.2840,-123.1500
296.4160,-200.1500
296.5470,-240.1500
296.6790,-135.1500
296.8100,-98.1500
296.9420,-470.1500
297.0730,-384.1500
297.2050,-379.1500
297.3360,-279.1500
297.4680,-342.1500
297.5990,-157.1500
297.7310,-475.1500
297.8620,-196.1500
297.9940,-444.1500
298.1250,-387.1500
298.2570,-203.1500
298.3880,26.8500
298.5200,-37.1500
298.6510,-167.1500
298.7820,323.8500
298.9140,-324.1500
299.0450,-194.1500
299.1770,-450.1500
299.3080,-430.1500
299.4400,-14.1500
299.5710,-96.1500
299.7020,-231.1500
299.8340,-176.1500
299.9650,-216.1500
300.0970,-359.1500
300.2280,-82.1500
300.3600,-135.1500
300.4910,-166.1500
300.6220,-63.1500
300.7540,-203.1500
300.8850,-307.1500
301.0170,-117.1500
301.1480,-289.1500
301.2790,-452.1500
301.4110,13.8500
301.5420,-96.1500
301.6730,-108.1500
301.8050,8.8500
301.9360,-336.1500
302.0670,-212.1500
302.1990,-258.1500
302.3300,-380.1500
302.4610,407.8500
302.5930,-27.1500
302.7240,-11.1500
302.8550,-415.1500
302.9870,-203.1500
303.1180,-428.1500
303.2490,-494.1500
303.3810,-210.1500
303.5120,-272.1500
303.6430,-303.1500
303.7750,114.8500
303.9060,-363.1500
304.0370,-339.1500
304.1690,-300.1500
304.3000,-229.1500
304.4310,-410.1500
304.5620,-327.1500
304.6940,-207.1500
304.8250,-121.1500
304.9560,91.8500
305.0870,-290.1500
305.2190,-2.1500
305.3500,-129.1500
305.4810,-304.1500
305.6120,23.8500
305.7440,-30.1500
305.8750,-263.1500
306.0060,603.8500
306.1370,-306.1500
306.2690,-86.1500
306.4000,18.8500
306.5310,100.8500
306.6620,-201.1500
306.7940,95.8500
306.9250,-299.1500
307.0560,-370.1500
307.1870,-64.1500
307.3180,-233.1500
307.4500,-232.1500
307.5810,-337.1500
307.7120,-347.1500
307.8430,-178.1500
307.9740,-133.1500
308.1050,91.8500
308.2370,122.8500
308.3680,-445.1500
308.4990,-253.1500
308.6300,-36.1500
308.7610,-200.1500
308.8920,-153.1500
309.0240,-232.1500
309.1550,-272.1500
309.2860,-248.1500
309.4170,-367.1500
309.5480,-232.1500
309.6790,-238.1500
309.8100,-545.1500
309.9410,560.8500
310.0730,-68.1500
310.2040,-481.1500
310.3350,-46.1500
310.4660,-283.1500
310.5970,-382.1500
310.7280,-255.1500
310.8590,442.8500
310.9900,391.8500
311.1210,-159.1500
311.2520,-194.1500
311.3830,-360.1500
311.5140,-34.1500
311.6460,-255.1500
311.7770,-80.1500
311.9080,-114.1500
312.0390,-204.1500
312.1700,-479.1500
312.3010,-213.1500
312.4320,-346.1500
312.5630,-457.1500
312.6940,-251.1500
312.8250,-256.1500
312.9560,-310.1500
313.0870,18.8500
313.2180,75.8500
313.3490,-200.1500
313.4800,-482.1500
313.6110,-185.1500
313.7420,-154.1500
313.8730,58.8500
314.0040,-118.1500
314.1350,-269.1500
314.2660,-137.1500
314.3970,-269.1500
314.5280,-385.1500
314.6590,-414.1500
314.7900,-354.1500
314.9210,17.8500
315.0520,24.8500
315.1830,-371.1500
315.3140,-432.1500
315.4450,37.8500
315.5760,-53.1500
315.7070,-240.1500
315.8380,-237.1500
315.9680,-69.1500
316.0990,-391.1500
316.2300,-464.1500
316.3610,97.8500
316.4920,-240.1500
316.6230,47.8500
316.7540,173.8500
316.8850,-539.1500
317.0160,-457.1500
317.1470,-508.1500
317.2780,66.8500
317.4080,-361.1500
317.5390,-404.1500
317.6700,-406.1500
317.8010,-72.1500
317.9320,-271.1500
318.0630,-318.1500
318.1940,-219.1500
318.3250,-43.1500
318.4550,-518.1500
318.5860,-252.1500
318.7170,-77.1500
318.8480,-463.1500
318.9790,61.8500
319.1100,300.8500
319.2400,28.8500
319.3710,63.8500
319.5020,-142.1500
319.6330,-327.1500
319.7640,-108.1500
319.8950,-381.1500
320.0250,-141.1500
320.1560,-460.1500
320.2870,-567.1500
320.4180,-318.1500
320.5490,-100.1500
320.6790,-477.1500
320.8100,131.8500
320.9410,-471.1500
321.0720,-452.1500
321.2020,-39.1500
321.3330,320.8500
321.4640,-531.1500
321.5950,-346.1500
321.7260,236.8500
321.8560,-501.1500
321.9870,-241.1500
322.1180,-303.1500
322.2490,-34.1500
322.3790,-77.1500
322.5100,-34.1500
322.6410,-133.1500
322.7710,-468.1500
322.9020,-154.1500
323.0330,-148.1500
323.1640,854.8500
323.2940,-261.1500
323.4250,-318.1500
323.5560,-295.1500
323.6860,-189.1500
323.8170,370.8500
323.9480,-56.1500
324.0780,-210.1500
324.2090,160.8500
324.3400,-310.1500
324.4700,213.8500
324.6010,-285.1500
324.7320,-138.1500
324.8620,-0.1500
324.9930,-308.1500
325.1240,-603.1500
325.2540,-163.1500
325.3850,-150.1500
325.5160,626.8500
325.6460,460.8500
325.7770,-240.1500
325.9080,-281.1500
326.0380,82.8500
326.1690,-222.1500
326.2990,-109.1500
326.4300,112.8500
326.5610,-199.1500
326.6910,-199.1500
326.8220,-411.1500
326.9520,-296.1500
327.0830,-108.1500
327.2140,-392.1500
327.3440,-118.1500
327.4750,-55.1500
327.6050,-115.1500
327.7360,-237.1500
327.8670,-412.1500
327.9970,-249.1500
328.1280,-76.1500
328.2580,-449.1500
328.3890,301.8500
328.5190,-428.1500
328.6500,12.8500
328.7800,-324.1500
328.9110,-80.1500
329.0410,78.8500
329.1720,-463.1500
329.3030,-319.1500
329.4330,-233.1500
329.5640,-382.1500
329.6940,-346.1500
329.8250,-294.1500
329.9550,-76.1500
330.0860,559.8500
330.2160,-223.1500
330.3470,-373.1500
330.4770,-205.1500
330.6080,-202.1500
330.7380,-185.1500
330.8680,-435.1500
330.9990,-265.1500
331.1290,160.8500
331.2600,-364.1500
331.3900,-301.1500
331.5210,153.8500
331.6510,-44.1500
331.7820,-479.1500
331.9120,-417.1500
332.0430,-390.1500
332.1730,9.8500
332.3030,-473.1500
332.4340,118.8500
332.5640,-50.1500
332.6950,-330.1500
332.8250,-479.1500
332.9560,-318.1500
333.0860,-145.1500
333.2160,-396.1500
333.3470,-59.1500
333.4770,-572.1500
333.6080,-184.1500
333.7380,-17.1500
333.8680,-141.1500
333.9990,-103.1500
334.1290,84.8500
334.2590,-348.1500
334.3900,-295.1500
334.5200,49.8500
334.6500,-263.1500
334.7810,155.8500
334.9110,-293.1500
335.0420,-346.1500
335.1720,-64.1500
335.3020,-196.1500
335.4330,351.8500
335.5630,-379.1500
335.6930,-35.1500
335.8240,267.8500
335.9540,-479.1500
336.0840,-27.1500
336.2140,-107.1500
336.3450,380.8500
336.4750,89.8500
336.6050,-337.1500
336.7360,346.8500
336.8660,-181.1500
336.9960,-247.1500
337.1260,-385.1500
337.2570,-136.1500
337.3870,-500.1500
337.5170,-306.1500
337.6480,-487.1500
337.7780,161.8500
337.9080,61.8500
338.0380,21.8500
338.1690,-259.1500
338.2990,293.8500
338.4290,-101.1500
338.5590,-343.1500
338.6900,-251.1500
338.8200,505.8500
338.9500,-54.1500
339.0800,-601.1500
339.2100,-448.1500
339.3410,-189.1500
339.4710,14.8500
339.6010,-174.1500
339.7310,-123.1500
339.8610,-263.1500
339.9920,-234.1500
340.1220,-181.1500
340.2520,-286.1500
340.3820,-303.1500
340.5120,-173.1500
340.6420,195.8500
340.7730,-149.1500
340.9030,-429.1500
341.0330,-155.1500
341.1630,-52.1500
341.2930,87.8500
341.4230,-310.1500
341.5540,-453.1500
341.6840,-69.1500
341.8140,-181.1500
341.9440,-252.1500
342.0740,-155.1500
342.2040,-273.1500
342.3340,240.8500
342.4640,-401.1500
342.5950,-218.1500
342.7250,-410.1500
342.8550,-128.1500
342.9850,-277.1500
343.1150,-379.1500
343.2450,-507.1500
343.3750,-54.1500
343.5050,-191.1500
343.6350,-32.1500
343.7650,-286.1500
343.8950,-542.1500
344.0250,-10.1500
344.1550,-437.1500
344.2860,-256.1500
344.4160,-132.1500
344.5460,113.8500
344.6760,-150.1500
344.8060,192.8500
344.9360,-114.1500
345.0660,253.8500
345.1960,-387.1500
345.3260,-511.1500
345.4560,121.8500
345.5860,-368.1500
345.7160,-371.1500
345.8460,41.8500
345.9760,-506.1500
346.1060,-198.1500
346.2360,6.8500
346.3660,10.8500
346.4960,-229.1500
346.6260,-270.1500
346.7560,-288.1500
346.8860,-338.1500
347.0160,-479.1500
347.1460,-308.1500
347.2760,-379.1500
347.4060,-292.1500
347.5360,-109.1500
347.6660,85.8500
347.7950,-362.1500
347.9250,-254.1500
348.0550,131.8500
348.1850,-255.1500
348.3150,-287.1500
348.4450,126.8500
348.5750,-230.1500
348.7050,-373.1500
348.8350,-366.1500
348.9650,-206.1500
349.0950,5.8500
349.2250,320.8500
349.3540,-398.1500
349.4840,-224.1500
349.6140,-251.1500
349.7440,-378.1500
349.8740,-377.1500
350.0040,-494.1500
350.1340,-422.1500
350.2640,-472.1500
350.3930,-445.1500
350.5230,151.8500
350.6530,-478.1500
350.7830,52.8500
350.9130,178.8500
351.0430,-298.1500
351.1730,-296.1500
351.3020,-48.1500
351.4320,224.8500
351.5620,-178.1500
351.6920,-135.1500
351.8220,-279.1500
351.9510,-517.1500
352.0810,232.8500
352.2110,-162.1500
352.3410,191.8500
352.4710,139.8500
352.6000,-190.1500
352.7300,-337.1500
352.8600,-218.1500
352.9900,-80.1500
353.1200,-118.1500
353.2490,-78.1500
353.3790,-331.1500
353.5090,69.8500
353.6390,-442.1500
353.7680,-147.1500
353.8980,-299.1500
354.0280,-437.1500
354.1580,-276.1500
354.2870,-316.1500
354.4170,-396.1500
354.5470,-393.1500
354.6770,-472.1500
354.8060,-228.1500
354.9360,-21.1500
355.0660,-332.1500
355.1950,-35.1500
355.3250,-52.1500
355.4550,-374.1500
355.5840,200.8500
355.7140,-323.1500
355.8440,125.8500
355.9740,-33.1500
356.1030,-182.1500
356.2330,-216.1500
356.3630,33.8500
356.4920,-406.1500
356.6220,-419.1500
356.7520,-45.1500
356.8810,-516.1500
357.0110,27.8500
357.1400,111.8500
357.2700,-214.1500
357.4000,48.8500
357.5290,-239.1500
357.6590,121.8500
357.7890,11.8500
357.9180,-425.1500
358.0480,-471.1500
358.1770,-215.1500
358.3070,-360.1500
358.4370,-143.1500
358.5660,-332.1500
358.6960,64.8500
358.8250,133.8500
358.9550,-429.1500
359.0850,-50.1500
359.2140,-561.1500
359.3440,-178.1500
359.4730,-405.1500
359.6030,-247.1500
359.7330,-313.1500
359.8620,-393.1500
359.9920,46.8500
360.1210,-275.1500
360.2510,-17.1500
360.3800,-491.1500
360.5100,61.8500
360.6390,-262.1500
360.7690,-148.1500
360.8980,85.8500
361.0280,33.8500
361.1570,-160.1500
361.2870,-83.1500
361.4160,-361.1500
361.5460,-219.1500
361.6750,-239.1500
361.8050,-294.1500
361.9340,-2.1500
362.0640,-252.1500
362.1930,-279.1500
362.3230,-386.1500
362.4520,132.8500
362.5820,-384.1500
362.7110,-213.1500
362.8410,-5.1500
362.9700,-24.1500
363.1000,-384.1500
363.2290,-454.1500
363.3590,-218.1500
363.4880,-323.1500
363.6170,-148.1500
363.7470,-142.1500
363.8760,-543.1500
364.0060,-64.1500
364.1350,-174.1500
364.2650,-255.1500
364.3940,-249.1500
364.5230,363.8500
364.6530,-350.1500
364.7820,-46.1500
364.9120,-367.1500
365.0410,-386.1500
365.1700,-413.1500
365.3000,-55.1500
365.4290,187.8500
365.5580,-274.1500
365.6880,-350.1500
365.8170,-412.1500
365.9470,-127.1500
366.0760,-147.1500
366.2050,-128.1500
366.3350,-470.1500
366.4640,-395.1500
366.5930,106.8500
366.7230,-241.1500
366.8520,-254.1500
366.9810,-116.1500
367.1110,-390.1500
367.2400,-245.1500
367.3690,-218.1500
367.4990,664.8500
367.6280,140.8500
367.7570,-254.1500
367.8860,-96.1500
368.0160,94.8500
368.1450,-149.1500
368.2740,-127.1500
368.4040,-417.1500
368.5330,-158.1500
368.6620,-18.1500
368.7910,-284.1500
368.9210,-545.1500
369.0500,154.8500
369.1790,-119.1500
369.3080,371.8500
369.4380,-462.1500
369.5670,-506.1500
369.6960,-213.1500
369.8250,-62.1500
369.9550,-287.1500
370.0840,-68.1500
370.2130,-159.1500
370.3420,-440.1500
370.4720,-427.1500
370.6010,493.8500
370.7300,-8.1500
370.8590,-607.1500
370.9880,-264.1500
371.1180,-419.1500
371.2470,-18.1500
371.3760,94.8500
371.5050,-122.1500
371.6340,-100.1500
371.7630,-177.1500
371.8930,-370.1500
372.0220,-257.1500
372.1510,-389.1500
372.2800,-461.1500
372.4090,-539.1500
372.5380,-289.1500
372.6670,-131.1500
372.7970,129.8500
372.9260,-503.1500
373.0550,-123.1500
373.1840,-209.1500
373.3130,-366.1500
373.4420,-109.1500
373.5710,-350.1500
373.7000,-220.1500
373.8300,-97.1500
373.9590,-580.1500
374.0880,-249.1500
374.2170,72.8500
374.3460,-256.1500
374.4750,-533.1500
374.6040,-358.1500
374.7330,271.8500
374.8620,-180.1500
374.9910,-349.1500
375.1200,-102.1500
375.2490,-120.1500
375.3780,-349.1500
375.5080,-418.1500
375.6370,-425.1500
375.7660,44.8500
375.8950,-260.1500
376.0240,136.8500
376.1530,-371.1500
376.2820,-226.1500
376.4110,-331.1500
376.5400,-598.1500
376.6690,-111.1500
376.7980,-262.1500
376.9270,-405.1500
377.0560,106.8500
377.1850,-139.1500
377.3140,67.8500
377.4430,304.8500
377.5720,-386.1500
377.7010,-333.1500
377.8300,169.8500
377.9590,-41.1500
378.0880,2217.8500
378.2170,131.8500
378.3460,-293.1500
378.4740,-490.1500
378.6030,-399.1500
378.7320,-79.1500
378.8610,-306.1500
378.9900,-382.1500
379.1190,-551.1500
379.2480,-162.1500
379.3770,-238.1500
379.5060,-257.1500
379.6350,130.8500
379.7640,-169.1500
379.8930,-386.1500
380.0220,-455.1500
380.1500,-110.1500
380.2790,-496.1500
380.4080,-355.1500
380.5370,-206.1500
380.6660,-61.1500
380.7950,-119.1500
380.9240,-229.1500
381.0530,-346.1500
381.1810,-147.1500
381.3100,961.8500
381.4390,-391.1500
381.5680,-256.1500
381.6970,-255.1500
381.8260,-227.1500
381.9550,-402.1500
382.0830,-194.1500
382.2120,-446.1500
382.3410,-14.1500
382.4700,-339.1500
382.5990,-221.1500
382.7270,297.8500
382.8560,-99.1500
382.9850,-75.1500
383.1140,-264.1500
383.2430,-344.1500
383.3710,-218.1500
383.5000,-362.1500
383.6290,-369.1500
383.7580,-375.1500
383.8870,-597.1500
384.0150,-144.1500
384.1440,-420.1500
384.2730,-179.1500
384.4020,-88.1500
384.5300,-361.1500
384.6590,-378.1500
384.7880,-392.1500
384.9170,-365.1500
385.0450,-215.1500
385.1740,-190.1500
385.3030,-557.1500
385.4320,19.8500
385.5600,-177.1500
385.6890,-246.1500
385.8180,-121.1500
385.9460,-72.1500
386.0750,-365.1500
386.2040,-417.1500
386.3320,-192.1500
386.4610,1.8500
386.5900,-11.1500
386.7180,-468.1500
386.8470,-465.1500
386.9760,-272.1500
387.1040,-502.1500
387.2330,-439.1500
387.3620,-153.1500
387.4900,-169.1500
387.6190,-410.1500
387.7480,-192.1500
387.8760,138.8500
388.0050,-167.1500
388.1340,78.8500
388.2620,-449.1500
388.3910,-342.1500
388.5200,-84.1500
388.6480,-423.1500
388.7770,62.8500
388.9050,-383.1500
389.0340,-259.1500
389.1630,-366.1500
389.2910,-190.1500
389.4200,-22.1500
389.5480,45.8500
389.6770,-183.1500
389.8050,-114.1500
389.9340,-8.1500
390.0630,-433.1500
390.1910,-497.1500
390.3200,-341.1500
390.4480,-228.1500
390.5770,-413.1500
390.7050,-450.1500
390.8340,-232.1500
390.9620,-445.1500
391.0910,-431.1500
391.2200,89.8500
391.3480,160.8500
391.4770,-99.1500
391.6050,-512.1500
391.7340,-307.1500
391.8620,-321.1500
391.9910,-450.1500
392.1190,-407.1500
392.2480,-247.1500
392.3760,-165.1500
392.5050,-230.1500
392.6330,-350.1500
392.7620,360.8500
392.8900,-421.1500
393.0180,31.8500
393.1470,-299.1500
393.2750,-504.1500
393.4040,-421.1500
393.5320,-289.1500
393.6610,-169.1500
393.7890,-151.1500
393.9180,-153.1500
394.0460,-219.1500
394.1740,-197.1500
394.3030,-496.1500
394.4310,-334.1500
394.5600,15.8500
394.6880,-516.1500
394.8170,-583.1500
394.9450,119.8500
395.0730,37.8500
395.2020,-148.1500
395.3300,-265.1500
395.4590,-204.1500
395.5870,106.8500
395.7150,47.8500
395.8440,-196.1500
395.9720,-540.1500
396.1000,109.8500
396.2290,-394.1500
396.3570,-100.1500
396.4850,-299.1500
396.6140,-304.1500
396.7420,90.8500
396.8700,-173.1500
396.9990,-90.1500
397.1270,-420.1500
397.2550,-116.1500
397.3840,56.8500
397.5120,-479.1500
397.6400,-364.1500
397.7690,-225.1500
397.8970,-47.1500
398.0250,-210.1500
398.1540,-100.1500
398.2820,273.8500
398.4100,-80.1500
398.5380,-61.1500
398.6670,-230.1500
398.7950,-129.1500
398.9230,463.8500
399.0520,861.8500
399.1800,2048.8500
399.3080,3297.8500
399.4360,5322.8500
399.5650,6098.8500
399.6930,7486.8500
399.8210,8462.8500
399.9490,8734.8500
400.0780,9362.8500
400.2060,7615.8500
400.3340,5912.8500
400.4620,4203.8500
400.5900,2222.8500
400.7190,846.8500
400.8470,17.8500
400.9750,68.8500
401.1030,-248.1500
401.2310,-84.1500
401.3600,-134.1500
401.4880,-43.1500
401.6160,-269.1500
401.7440,-235.1500
401.8720,-321.1500
402.0000,-41.1500
402.1290,-272.1500
402.2570,-388.1500
402.3850,-254.1500
402.5130,-235.1500
402.6410,-265.1500
402.7690,-239.1500
402.8970,-349.1500
403.0260,-481.1500
403.1540,-529.1500
403.2820,-429.1500
403.4100,-260.1500
403.5380,175.8500
403.6660,-479.1500
403.7940,-256.1500
403.9220,-186.1500
404.0500,-158.1500
404.1790,-213.1500
404.3070,-125.1500
404.4350,-406.1500
404.5630,-402.1500
404.6910,-518.1500
404.8190,568.8500
404.9470,-407.1500
405.0750,-360.1500
405.2030,-451.1500
405.3310,-380.1500
405.4590,-438.1500
405.5870,-126.1500
405.7150,-329.1500
405.8430,-322.1500
405.9710,-172.1500
406.0990,145.8500
406.2270,-87.1500
406.3550,-304.1500
406.4830,-518.1500
406.6110,-96.1500
406.7390,-439.1500
406.8670,-446.1500
406.9950,-326.1500
407.1230,-274.1500
407.2510,-548.1500
407.3790,-449.1500
407.5070,-106.1500
407.6350,-227.1500
407.7630,-588.1500
407.8910,-381.1500
408.0190,-46.1500
408.1470,-40.1500
408.2750,209.8500
408.4030,-481.1500
408.5310,-526.1500
408.6590,240.8500
408.7870,-184.1500
408.9150,-322.1500
409.0430,-361.1500
409.1710,43.8500
409.2990,18.8500
409.4270,51.8500
409.5540,-507.1500
409.6820,375.8500
409.8100,-174.1500
409.9380,-349.1500
410.0660,19.8500
410.1940,-148.1500
410.3220,-430.1500
410.4500,-286.1500
410.5780,-523.1500
410.7050,-423.1500
410.8330,-165.1500
410.9610,67.8500
411.0890,406.8500
411.2170,-260.1500
411.3450,-232.1500
411.4730,-379.1500
411.6000,-166.1500
411.7280,-308.1500
411.8560,-467.1500
411.9840,-459.1500
412.1120,-129.1500
412.2390,-141.1500
412.3670,-281.1500
412.4950,55.8500
412.6230,-407.1500
412.7510,-7.1500
412.8780,-527.1500
413.0060,-238.1500
413.1340,49.8500
413.2620,200.8500
413.3900,-96.1500
413.5170,-144.1500
413.6450,25.8500
413.7730,-488.1500
413.9010,209.8500
414.0280,-311.1500
414.1560,-218.1500
414.2840,-379.1500
414.4120,-2.1500
414.5390,-320.1500
414.6670,-350.1500
414.7950,-353.1500
414.9230,-570.1500
415.0500,-309.1500
415.1780,-72.1500
415.3060,407.8500
415.4330,-360.1500
415.5610,-9.1500
415.6890,27.8500
415.8160,-391.1500
415.9440,199.8500
416.0720,-460.1500
416.2000,-7.1500
416.3270,293.8500
416.4550,-386.1500
416.5830,-326.1500
416.7100,-240.1500
416.8380,161.8500
416.9660,-441.1500
417.0930,-257.1500
417.2210,36.8500
417.3480,-112.1500
417.4760,-485.1500
417.6040,-295.1500
417.7310,-256.1500
417.8590,-10.1500
417.9870,-143.1500
418.1140,-414.1500
418.2420,10.8500
418.3690,-349.1500
418.4970,-501.1500
418.6250,143.8500
418.7520,-208.1500
418.8800,-430.1500
419.0070,179.8500
419.1350,-174.1500
419.2630,-385.1500
419.3900,-106.1500
419.5180,-107.1500
419.6450,-399.1500
419.7730,-296.1500
419.9000,-356.1500
420.0280,733.8500
420.1550,-397.1500
420.2830,92.8500
420.4100,-79.1500
420.5380,-253.1500
420.6660,-268.1500
420.7930,-256.1500
420.9210,-328.1500
421.0480,-131.1500
421.1760,26.8500
421.3030,-209.1500
421.4310,-423.1500
421.5580,-549.1500
421.6860,43.8500
421.8130,-133.1500
421.9410,-361.1500
422.0680,-167.1500
422.1950,14.8500
422.3230,-16.1500
422.4500,-549.1500
422.5780,-216.1500
422.7050,-352.1500
422.8330,-234.1500
422.9600,-411.1500
423.0880,-86.1500
423.2150,401.8500
423.3430,361.8500
423.4700,-113.1500
423.5970,265.8500
423.7250,-236.1500
423.8520,-210.1500
423.9800,-173.1500
424.1070,-490.1500
424.2340,-247.1500
424.3620,-312.1500
424.4890,-372.1500
424.6170,693.8500
424.7440,-165.1500
424.8710,-438.1500
424.9990,-217.1500
425.1260,89.8500
425.2530,-111.1500
425.3810,-347.1500
425.5080,-488.1500
425.6360,-18.1500
425.7630,-306.1500
425.8900,-358.1500
426.0180,-489.1500
426.1450,-255.1500
426.2720,-196.1500
426.4000,-12.1500
426.5270,69.8500
426.6540,-425.1500
426.7810,-138.1500
426.9090,-167.1500
427.0360,-177.1500
427.1630,-524.1500
427.2910,-466.1500
427.4180,-268.1500
427.5450,-230.1500
427.6730,-485.1500
427.8000,-554.1500
427.9270,-430.1500
428.0540,-123.1500
428.1820,-264.1500
428.3090,-300.1500
428.4360,-365.1500
428.5630,-471.1500
428.6910,-114.1500
428.8180,-353.1500
428.9450,-26.1500
429.0720,-459.1500
429.2000,-144.1500
429.3270,-145.1500
429.4540,30.8500
429.5810,-241.1500
429.7080,-546.1500
429.8360,-402.1500
429.9630,-321.1500
430.0900,-369.1500
430.2170,-340.1500
430.3440,-445.1500
430.4720,-437.1500
430.5990,-74.1500
430.7260,-327.1500
430.8530,-210.1500
430.9800,-70.1500
431.1070,-420.1500
431.2350,-219.1500
431.3620,-72.1500
431.4890,-252.1500
431.6160,228.8500
431.7430,92.8500
431.8700,-520.1500
431.9970,-270.1500
432.1250,-175.1500
432.2520,-608.1500
432.3790,-294.1500
432.5060,-141.1500
432.6330,-374.1500
432.7600,-190.1500
432.8870,91.8500
433.0140,-272.1500
433.1410,-435.1500
433.2680,13.8500
433.3950,-359.1500
433.5230,-260.1500
433.6500,-286.1500
433.7770,-298.1500
433.9040,-255.1500
434.0310,-484.1500
434.1580,-115.1500
434.2850,17.8500
434.4120,-547.1500
434.5390,-241.1500
434.6660,-491.1500
434.7930,-383.1500
434.9200,-468.1500
435.0470,-59.1500
435.1740,-271.1500
435.3010,-26.1500
435.4280,287.8500
435.5550,209.8500
435.6820,-157.1500
435.8090,-459.1500
435.9360,112.8500
436.0630,-388.1500
436.1900,118.8500
436.3170,-381.1500
436.4440,14.8500
436.5710,-385.1500
436.6980,-72.1500
436.8250,107.8500
436.9520,-115.1500
437.0790,-150.1500
437.2060,-24.1500
437.3330,-437.1500
437.4600,-296.1500
437.5870,-225.1500
437.7140,-474.1500
437.8400,-236.1500
437.9670,-497.1500
438.0940,-518.1500
438.2210,49.8500
438.3480,-196.1500
438.4750,10565.8500
438.6020,-427.1500
438.7290,-576.1500
438.8560,-363.1500
438.9830,-419.1500
439.1090,-78.1500
439.2360,53.8500
439.3630,-596.1500
439.4900,-354.1500
439.6170,-198.1500
439.7440,-398.1500
439.8710,555.8500
439.9970,-377.1500
440.1240,-173.1500
440.2510,-113.1500
440.3780,-372.1500
440.5050,-328.1500
440.6320,34.8500
440.7580,140.8500
440.8850,319.8500
441.0120,-388.1500
441.1390,-8.1500
441.2660,-472.1500
441.3920,-335.1500
441.5190,-447.1500
441.6460,-517.1500
441.7730,-100.1500
441.9000,286.8500
442.0260,-310.1500
442.1530,-174.1500
442.2800,-135.1500
442.4070,-403.1500
442.5330,-9.1500
442.6600,-114.1500
442.7870,-159.1500
442.9140,-410.1500
443.0400,-326.1500
443.1670,-204.1500
443.2940,-196.1500
443.4210,-114.1500
443.5470,-468.1500
443.6740,-235.1500
443.8010,-109.1500
443.9270,84.8500
444.0540,481.8500
444.1810,58.8500
444.3070,94.8500
444.4340,-84.1500
444.5610,-433.1500
444.6880,-511.1500
444.8140,-5.1500
444.9410,-307.1500
445.0680,-460.1500
445.1940,257.8500
445.3210,-402.1500
445.4470,253.8500
445.5740,-549.1500
445.7010,-533.1500
445.8270,-295.1500
445.9540,-566.1500
446.0810,-50.1500
446.2070,-424.1500
446.3340,-232.1500
446.4610,-303.1500
446.5870,-595.1500
446.7140,1.8500
446.8400,7.8500
446.9670,-365.1500
447.0940,-291.1500
447.2200,52.8500
447.3470,-248.1500
447.4730,-391.1500
447.6000,-158.1500
447.7260,-542.1500
447.8530,-199.1500
447.9800,-205.1500
448.1060,-148.1500
448.2330,-209.1500
448.3590,-367.1500
448.4860,-85.1500
448.6120,-301.1500
448.7390,-75.1500
448.8650,81.8500
448.9920,339.8500
449.1180,-324.1500
449.2450,-468.1500
449.3710,-433.1500
449.4980,-183.1500
449.6240,-51.1500
449.7510,-186.1500
449.8770,-378.1500
450.0040,-202.1500
450.1300,-176.1500
450.2570,-433.1500
450.3830,-258.1500
450.5100,-529.1500
450.6360,-374.1500
450.7630,-278.1500
450.8890,-358.1500
451.0160,-614.1500
451.1420,-132.1500
451.2690,-398.1500
451.3950,319.8500
451.5210,-238.1500
451.6480,-360.1500
451.7740,-199.1500
451.9010,-566.1500
452.0270,-233.1500
452.1540,55.8500
452.2800,-288.1500
452.4060,-395.1500
452.5330,-399.1500
452.6590,-455.1500
452.7850,-282.1500
452.9120,-469.1500
453.0380,-453.1500
453.1650,-51.1500
453.2910,157.8500
453.4170,141.8500
453.5440,-420.1500
453.6700,-325.1500
453.7960,129.8500
453.9230,-455.1500
454.0490,-310.1500
454.1750,-373.1500
454.3020,-334.1500
454.4280,-103.1500
454.5540,-153.1500
454.6810,-380.1500
454.8070,-407.1500
454.9330,357.8500
455.0600,-88.1500
455.1860,-374.1500
455.3120,113.8500
455.4390,11.8500
455.5650,-444.1500
455.6910,-434.1500
455.8170,-35.1500
455.9440,56.8500
456.0700,-225.1500
456.1960,-86.1500
456.3220,-539.1500
456.4490,-553.1500
456.5750,-197.1500
456.7010,-356.1500
456.8270,-395.1500
456.9540,-514.1500
457.0800,-420.1500
457.2060,-593.1500
457.3320,-227.1500
457.4590,-511.1500
457.5850,-424.1500
457.7110,-342.1500
457.8370,-27.1500
457.9630,-128.1500
458.0900,-425.1500
458.2160,-437.1500
458.3420,-228.1500
458.4680,-309.1500
458.5940,-212.1500
458.7210,-185.1500
458.8470,-178.1500
458.9730,-495.1500
459.0990,-296.1500
459.2250,-283.1500
459.3510,-317.1500
459.4770,-127.1500
459.6040,-436.1500
459.7300,-319.1500
459.8560,-429.1500
459.9820,-223.1500
460.1080,-566.1500
460.2340,-607.1500
460.3600,-265.1500
460.4860,-53.1500
460.6130,-437.1500
460.7390,49.8500
460.8650,-322.1500
460.9910,230.8500
461.1170,216.8500
461.2430,-394.1500
461.3690,-466.1500
461.4950,-344.1500
461.6210,-214.1500
461.7470,-81.1500
461.8730,-55.1500
461.9990,-439.1500
462.1250,-229.1500
462.2520,35.8500
462.3780,-171.1500
462.5040,-105.1500
462.6300,-138.1500
462.7560,-471.1500
462.8820,-385.1500
463.0080,-310.1500
463.1340,-12.1500
463.2600,-524.1500
463.3860,-324.1500
463.5120,-166.1500
463.6380,-352.1500
463.7640,-449.1500
463.8900,-279.1500
464.0160,69.8500
464.1420,-55.1500
464.2680,-406.1500
464.3940,-317.1500
464.5200,-475.1500
464.6450,-120.1500
464.7710,23.8500
464.8970,-349.1500
465.0230,-345.1500
465.1490,-187.1500
465.2750,-499.1500
465.4010,-430.1500
465.5270,113.8500
465.6530,-169.1500
465.7790,68.8500
465.9050,-483.1500
466.0310,-170.1500
466.1570,-379.1500
466.2820,-288.1500
466.4080,-406.1500
466.5340,-201.1500
466.6600,-570.1500
466.7860,-277.1500
466.9120,-198.1500
467.0380,-265.1500
467.1640,-291.1500
467.2890,-316.1500
467.4150,-279.1500
467.5410,-235.1500
467.6670,-248.1500
467.7930,-299.1500
467.9190,-112.1500
468.0450,115.8500
468.1700,-410.1500
468.2960,-246.1500
468.4220,-289.1500
468.5480,15.8500
468.6740,-536.1500
468.7990,-408.1500
468.9250,-326.1500
469.0510,-428.1500
469.1770,-555.1500
469.3030,-528.1500
469.4280,-29.1500
469.5540,-393.1500
469.6800,-377.1500
469.8060,-106.1500
469.9310,-232.1500
470.0570,473.8500
470.1830,-650.1500
470.3090,-346.1500
470.4340,169.8500
470.5600,-291.1500
470.6860,-136.1500
470.8120,-236.1500
470.9370,-457.1500
471.0630,-407.1500
471.1890,-128.1500
471.3150,63.8500
471.4400,-234.1500
471.5660,-311.1500
471.6920,101.8500
471.8170,-390.1500
471.9430,-185.1500
472.0690,-69.1500
472.1940,-277.1500
472.3200,-383.1500
472.4460,-60.1500
472.5710,-469.1500
472.6970,-356.1500
472.8230,-199.1500
472.9480,-486.1500
473.0740,-221.1500
473.2000,-233.1500
473.3250,-461.1500
473.4510,-291.1500
473.5770,-286.1500
473.7020,-565.1500
473.8280,-282.1500
473.9530,-512.1500
474.0790,-223.1500
474.2050,-472.1500
474.3300,-470.1500
474.4560,-326.1500
474.5810,201.8500
474.7070,-332.1500
474.8330,-336.1500
474.9580,-118.1500
475.0840,-4.1500
475.2090,-337.1500
475.3350,-410.1500
475.4600,-159.1500
475.5860,-298.1500
475.7120,-127.1500
475.8370,-305.1500
475.9630,-323.1500
476.0880,-555.1500
476.2140,-365.1500
476.3390,-336.1500
476.4650,-373.1500
476.5900,-507.1500
476.7160,105.8500
476.8410,-455.1500
476.9670,258.8500
477.0920,-282.1500
477.2180,-157.1500
477.3430,-436.1500
477.4690,263.8500
477.5940,-356.1500
477.7200,-431.1500
477.8450,-179.1500
477.9710,-337.1500
478.0960,-202.1500
478.2220,-309.1500
478.3470,4359.8500
478.4720,-32.1500
478.5980,-417.1500
478.7230,-327.1500
478.8490,-32.1500
478.9740,-145.1500
479.1000,-435.1500
479.2250,-163.1500
479.3500,-332.1500
479.4760,-91.1500
479.6010,-403.1500
479.7270,42.8500
479.8520,-383.1500
479.9770,-132.1500
480.1030,-245.1500
480.2280,231.8500
480.3540,-279.1500
480.4790,59.8500
480.6040,-361.1500
480.7300,-347.1500
480.8550,-578.1500
480.9800,11.8500
481.1060,-522.1500
481.2310,-521.1500
481.3560,-402.1500
481.4820,-572.1500
481.6070,-452.1500
481.7320,-639.1500
481.8580,-306.1500
481.9830,-460.1500
482.1080,-384.1500
482.2340,-538.1500
482.3590,-386.1500
482.4840,72.8500
482.6100,-431.1500
482.7350,-197.1500
482.8600,-534.1500
482.9850,-334.1500
483.1110,-279.1500
483.2360,-127.1500
483.3610,-339.1500
483.4860,-409.1500
483.6120,-21.1500
483.7370,-546.1500
483.8620,-266.1500
483.9870,-101.1500
484.1130,-579.1500
484.2380,-82.1500
484.3630,-453.1500
484.4880,-315.1500
484.6140,-77.1500
484.7390,-267.1500
484.8640,48.8500
484.9890,533.8500
485.1140,-169.1500
485.2400,-234.1500
485.3650,-336.1500
485.4900,-541.1500
485.6150,-10.1500
485.7400,-264.1500
485.8650,-134.1500
485.9910,-227.1500
486.1160,-131.1500
486.2410,-519.1500
486.3660,-501.1500
486.4910,-105.1500
486.6160,-421.1500
486.7420,-300.1500
486.8670,-256.1500
486.9920,-486.1500
487.1170,-452.1500
487.2420,-417.1500
487.3670,-590.1500
487.4920,-333.1500
487.6170,-83.1500
487.7420,-234.1500
487.8680,-415.1500
487.9930,-110.1500
488.1180,-154.1500
488.2430,-148.1500
488.3680,-377.1500
488.4930,-586.1500
488.6180,-391.1500
488.7430,-328.1500
488.8680,-399.1500
488.9930,-293.1500
489.1180,-8.1500
489.2430,-213.1500
489.3680,-359.1500
489.4930,-4.1500
489.6180,-230.1500
489.7430,-438.1500
489.8680,-210.1500
489.9930,-398.1500
490.1180,-570.1500
490.2430,496.8500
490.3680,-347.1500
490.4930,-89.1500
490.6180,-38.1500
490.7430,-575.1500
490.8680,-234.1500
490.9930,-226.1500
491.1180,-16.1500
491.2430,-444.1500
491.3680,-218.1500
491.4930,-36.1500
491.6180,-242.1500
491.7430,-313.1500
491.8680,-378.1500
491.9930,-300.1500
492.1180,-411.1500
492.2430,-194.1500
492.3680,-137.1500
492.4930,-353.1500
492.6180,112.8500
492.7430,-322.1500
492.8670,18.8500
492.9920,-236.1500
493.1170,-39.1500
493.2420,-381.1500
493.3670,-278.1500
493.4920,50.8500
493.6170,-424.1500
493.7420,79.8500
493.8670,-325.1500
493.9910,-548.1500
494.1160,-251.1500
494.2410,-233.1500
494.3660,-299.1500
494.4910,-118.1500
494.6160,40.8500
494.7400,-409.1500
494.8650,-544.1500
494.9900,-362.1500
495.1150,-321.1500
495.2400,-246.1500
495.3650,-342.1500
495.4890,-328.1500
495.6140,-198.1500
495.7390,-284.1500
495.8640,-365.1500
495.9890,-556.1500
496.1130,-24.1500
496.2380,-193.1500
496.3630,-403.1500
496.4880,-490.1500
496.6120,-61.1500
496.7370,-357.1500
496.8620,-267.1500
496.9870,-355.1500
497.1110,-454.1500
497.2360,-430.1500
497.3610,-424.1500
497.4860,72.8500
497.6100,-22.1500
497.7350,-290.1500
497.8600,-97.1500
497.9840,-87.1500
498.1090,-555.1500
498.2340,-417.1500
498.3590,-369.1500
498.4830,-221.1500
498.6080,-238.1500
498.7330,-324.1500
498.8570,-457.1500
498.9820,-251.1500
499.1070,-567.1500
499.2310,-220.1500
499.3560,-342.1500
499.4810,128.8500
499.6050,-674.1500
499.7300,-485.1500
499.8550,34.8500
499.9790,-440.1500
500.1040,-270.1500
500.2280,157.8500
500.3530,-325.1500
500.4780,-482.1500
500.6020,-196.1500
500.7270,123.8500
500.8520,-115.1500
500.9760,-581.1500
501.1010,-346.1500
501.2250,208.8500
501.3500,-475.1500
501.4740,-451.1500
501.5990,-61.1500
501.7240,-297.1500
501.8480,-270.1500
501.9730,112.8500
502.0970,-504.1500
502.2220,-572.1500
502.3460,-57.1500
502.4710,-185.1500
502.5950,-401.1500
502.7200,-493.1500
502.8440,-459.1500
502.9690,-306.1500
503.0940,159.8500
503.2180,-535.1500
503.3430,-394.1500
503.4670,-417.1500
503.5920,-341.1500
503.7160,-383.1500
503.8410,-169.1500
503.9650,227.8500
504.0890,-291.1500
504.2140,-480.1500
504.3380,-313.1500
504.4630,-66.1500
504.5870,-227.1500
504.7120,-229.1500
504.8360,-258.1500
504.9610,345.8500
505.0850,147.8500
505.2100,-412.1500
505.3340,-401.1500
505.4580,282.8500
505.5830,-476.1500
505.7070,-146.1500
505.8320,-338.1500
505.9560,-223.1500
506.0800,-429.1500
506.2050,-342.1500
506.3290,107.8500
506.4540,-515.1500
506.5780,-219.1500
506.7020,-423.1500
506.8270,149.8500
506.9510,-95.1500
507.0760,-245.1500
507.2000,-481.1500
507.3240,-78.1500
507.4490,41.8500
507.5730,-282.1500
507.6970,-361.1500
507.8220,-234.1500
507.9460,-270.1500
508.0700,-544.1500
508.1950,-245.1500
508.3190,-314.1500
508.4430,-211.1500
508.5670,-573.1500
508.6920,-495.1500
508.8160,-426.1500
508.9400,-261.1500
509.0650,-594.1500
509.1890,-124.1500
509.3130,-105.1500
509.4370,-62.1500
509.5620,-321.1500
509.6860,-173.1500
509.8100,-302.1500
509.9350,-134.1500
510.0590,17.8500
510.1830,-449.1500
510.3070,-488.1500
510.4310,-67.1500
510.5560,-239.1500
510.6800,-381.1500
510.8040,-569.1500
510.9280,-236.1500
511.0530,-532.1500
511.1770,-492.1500
511.3010,-276.1500
511.4250,-364.1500
511.5490,-240.1500
511.6740,-190.1500
511.7980,-213.1500
511.9220,-169.1500
512.0460,181.8500
512.1700,-294.1500
512.2940,-486.1500
512.4190,-196.1500
512.5430,-96.1500
512.6670,-291.1500
512.7910,-450.1500
512.9150,-141.1500
513.0390,-326.1500
513.1630,-90.1500
513.2880,141.8500
513.4120,-345.1500
513.5360,40.8500
513.6600,-411.1500
513.7840,-257.1500
513.9080,-202.1500
514.0320,-241.1500
514.1560,-6.1500
514.2800,-94.1500
514.4040,-285.1500
514.5280,-267.1500
514.6530,-66.1500
514.7770,-3.1500
514.9010,-142.1500
515.0250,88.8500
515.1490,-318.1500
515.2730,-159.1500
515.3970,-310.1500
515.5210,-286.1500
515.6450,-287.1500
515.7690,-441.1500
515.8930,-380.1500
516.0170,-393.1500
516.1410,-568.1500
516.2650,-333.1500
516.3890,-393.1500
516.5130,-248.1500
516.6370,-401.1500
516.7610,-631.1500
516.8850,-387.1500
517.0090,-313.1500
517.1330,-160.1500
517.2570,-356.1500
517.3810,-48.1500
517.5050,-54.1500
517.6290,106.8500
517.7530,-333.1500
517.8770,-526.1500
518.0010,-355.1500
518.1250,-312.1500
518.2480,-92.1500
518.3720,-221.1500
518.4960,-545.1500
518.6200,-124.1500
518.7440,-268.1500
518.8680,-224.1500
518.9920,-216.1500
519.1160,-457.1500
519.2400,549.8500
519.3640,21.8500
519.4880,-235.1500
519.6110,-547.1500
519.7350,-307.1500
519.8590,-317.1500
519.9830,-63.1500
520.1070,-304.1500
520.2310,-58.1500
520.3550,-220.1500
520.4780,-469.1500
520.6020,-472.1500
520.7260,85.8500
520.8500,-312.1500
520.9740,9.8500
521.0980,-376.1500
521.2210,-478.1500
521.3450,29.8500
521.4690,-403.1500
521.5930,-280.1500
521.7170,20.8500
521.8400,-232.1500
521.9640,-433.1500
522.0880,-343.1500
522.2120,-318.1500
522.3350,-542.1500
522.4590,-403.1500
522.5830,289.8500
522.7070,-501.1500
522.8300,-618.1500
522.9540,-441.1500
523.0780,-369.1500
523.2020,-13.1500
523.3250,-327.1500
523.4490,-241.1500
523.5730,-225.1500
523.6970,-415.1500
523.8200,-300.1500
523.9440,-358.1500
524.0680,-264.1500
524.1910,-296.1500
524.3150,-572.1500
524.4390,-221.1500
524.5620,-59.1500
524.6860,-356.1500
524.8100,-462.1500
524.9330,-403.1500
525.0570,-371.1500
525.1810,-171.1500
525.3040,-517.1500
525.4280,60.8500
525.5520,-507.1500
525.6750,-242.1500
525.7990,-429.1500
525.9230,-230.1500
526.0460,-108.1500
526.1700,-574.1500
526.2930,-484.1500
526.4170,-241.1500
526.5410,-14.1500
526.6640,-371.1500
526.7880,-341.1500
526.9110,-138.1500
527.0350,-483.1500
527.1590,-339.1500
527.2820,-354.1500
527.4060,-412.1500
527.5290,-91.1500
527.6530,-494.1500
527.7760,-167.1500
527.9000,-401.1500
528.0240,-407.1500
528.1470,-306.1500
528.2710,6.8500
528.3940,-64.1500
528.5180,-6.1500
528.6410,-492.1500
528.7650,-189.1500
528.8880,-248.1500
529.0120,-121.1500
529.1350,-334.1500
529.2590,75.8500
529.3820,-358.1500
529.5060,-459.1500
529.6290,-182.1500
529.7530,-502.1500
529.8760,145.8500
530.0000,40.8500
530.1230,-196.1500
530.2470,-447.1500
530.3700,-343.1500
530.4930,-243.1500
530.6170,-461.1500
530.7400,-4.1500
530.8640,-112.1500
530.9870,-523.1500
531.1110,-137.1500
531.2340,-447.1500
531.3570,-11.1500
531.4810,-65.1500
531.6040,12.8500
531.7280,-542.1500
531.8510,-214.1500
531.9740,-156.1500
532.0980,-337.1500
532.2210,-428.1500
532.3450,-320.1500
532.4680,-478.1500
532.5910,178.8500
532.7150,-293.1500
532.8380,-343.1500
532.9610,-293.1500
533.0850,-431.1500
533.2080,-203.1500
533.3310,-558.1500
533.4550,-14.1500
533.5780,-332.1500
533.7010,-153.1500
533.8250,-59.1500
533.9480,-368.1500
534.0710,-332.1500
534.1950,-72.1500
534.3180,-478.1500
534.4410,-366.1500
534.5640,-183.1500
534.6880,-406.1500
534.8110,-82.1500
534.9340,-294.1500
535.0580,-213.1500
535.1810,42.8500
535.3040,-75.1500
535.4270,-440.1500
535.5510,-525.1500
535.6740,-339.1500
535.7970,-124.1500
535.9200,-48.1500
536.0430,-533.1500
536.1670,-513.1500
536.2900,-171.1500
536.4130,-186.1500
536.5360,-465.1500
536.6600,-376.1500
536.7830,-162.1500
536.9060,-226.1500
537.0290,-392.1500
537.1520,-369.1500
537.2750,-258.1500
537.3990,115.8500
537.5220,-600.1500
537.6450,-310.1500
537.7680,-360.1500
537.8910,-163.1500
538.0140,-294.1500
538.1380,-410.1500
538.2610,-339.1500
538.3840,-272.1500
538.5070,-500.1500
538.6300,-354.1500
538.7530,134.8500
538.8760,-189.1500
538.9990,-457.1500
539.1230,-84.1500
539.2460,213.8500
539.3690,322.8500
539.4920,-412.1500
539.6150,-499.1500
539.7380,192.8500
539.8610,-345.1500
539.9840,-254.1500
540.1070,-167.1500
540.2300,-396.1500
540.3530,-409.1500
540.4760,-651.1500
540.5990,-135.1500
540.7220,-481.1500
540.8460,-193.1500
540.9690,-573.1500
541.0920,-204.1500
541.2150,-486.1500
541.3380,-198.1500
541.4610,-474.1500
541.5840,-289.1500
541.7070,-245.1500
541.8300,-400.1500
541.9530,-176.1500
542.0760,-167.1500
542.1990,-241.1500
542.3220,53.8500
542.4450,152.8500
542.5670,-346.1500
542.6900,-228.1500
542.8130,-341.1500
542.9360,-131.1500
543.0590,-241.1500
543.1820,261.8500
543.3050,79.8500
543.4280,-214.1500
543.5510,-321.1500
543.6740,51.8500
543.7970,-93.1500
543.9200,-334.1500
544.0430,319.8500
544.1660,-486.1500
544.2880,-323.1500
544.4110,-145.1500
544.5340,-470.1500
544.6570,-200.1500
544.7800,-313.1500
544.9030,-167.1500
545.0260,-307.1500
545.1490,-470.1500
545.2710,-453.1500
545.3940,-369.1500
545.5170,-550.1500
545.6400,469.8500
545.7630,-266.1500
545.8860,-381.1500
546.0080,-187.1500
546.1310,-50.1500
546.2540,-275.1500
546.3770,-547.1500
546.5000,-112.1500
546.6230,-122.1500
546.7450,-486.1500
546.8680,-305.1500
546.9910,-6.1500
547.1140,-252.1500
547.2360,-240.1500
547.3590,-475.1500
547.4820,-185.1500
547.6050,-430.1500
547.7280,-344.1500
547.8500,-464.1500
547.9730,-429.1500
548.0960,-307.1500
548.2190,-131.1500
548.3410,-307.1500
548.4640,-516.1500
548.5870,-270.1500
548.7090,-325.1500
548.8320,-224.1500
548.9550,347.8500
549.0780,-27.1500
549.2000,-385.1500
549.3230,-337.1500
549.4460,165.8500
549.5680,-290.1500
549.6910,-107.1500
549.8140,-61.1500
549.9360,-395.1500
550.0590,-348.1500
550.1820,-461.1500
550.3040,-549.1500
550.4270,-261.1500
550.5500,-356.1500
550.6720,-396.1500
550.7950,310.8500
550.9170,-425.1500
551.0400,-288.1500
551.1630,-159.1500
551.2850,102.8500
551.4080,-18.1500
551.5310,398.8500
551.6530,-491.1500
551.7760,-178.1500
551.8980,-174.1500
552.0210,-176.1500
552.1430,-275.1500
552.2660,-281.1500
552.3890,-285.1500
552.5110,-491.1500
552.6340,-494.1500
552.7560,-427.1500
552.8790,255.8500
553.0010,-2.1500
553.1240,-526.1500
553.2460,-431.1500
553.3690,29.8500
553.4920,-278.1500
553.6140,28.8500
553.7370,-645.1500
553.8590,-85.1500
553.9820,-41.1500
554.1040,-195.1500
554.2270,-440.1500
554.3490,-275.1500
554.4720,-288.1500
554.5940,-610.1500
554.7160,54.8500
554.8390,-102.1500
554.9610,-195.1500
555.0840,-450.1500
555.2060,-206.1500
555.3290,-539.1500
555.4510,-517.1500
555.5740,-144.1500
555.6960,-440.1500
555.8190,-221.1500
555.9410,-278.1500
556.0630,-80.1500
556.1860,-292.1500
556.3080,-157.1500
556.4310,261.8500
556.5530,-62.1500
556.6750,-400.1500
556.7980,-312.1500
556.9200,-37.1500
557.0430,-346.1500
557.1650,-478.1500
557.2870,-18.1500
557.4100,-312.1500
557.5320,-196.1500
557.6540,-340.1500
557.7770,-22.1500
557.8990,-256.1500
558.0210,-195.1500
558.1440,60.8500
558.2660,57.8500
558.3880,313.8500
558.5110,-304.1500
558.6330,-247.1500
558.7550,-391.1500
558.8780,-445.1500
559.0000,-35.1500
559.1220,-585.1500
559.2440,-388.1500
559.3670,-315.1500
559.4890,40.8500
559.6110,147.8500
559.7340,-268.1500
559.8560,-209.1500
559.9780,-199.1500
560.1000,-233.1500
560.2230,-256.1500
560.3450,36.8500
560.4670,-456.1500
560.5890,-316.1500
560.7120,-315.1500
560.8340,201.8500
560.9560,-481.1500
561.0780,-292.1500
561.2000,-163.1500
561.3230,53.8500
561.4450,-525.1500
561.5670,-380.1500
561.6890,-464.1500
561.8110,-89.1500
561.9340,-307.1500
562.0560,-277.1500
562.1780,-129.1500
562.3000,-330.1500
562.4220,-166.1500
562.5440,-236.1500
562.6660,3.8500
562.7890,-165.1500
562.9110,-216.1500
563.0330,-35.1500
563.1550,-96.1500
563.2770,-377.1500
563.3990,-574.1500
563.5210,-326.1500
563.6430,-460.1500
563.7660,-250.1500
563.8880,3.8500
564.0100,-193.1500
564.1320,-463.1500
564.2540,-522.1500
564.3760,83.8500
564.4980,-224.1500
564.6200,106.8500
564.7420,-212.1500
564.8640,-544.1500
564.9860,-228.1500
565.1080,298.8500
565.2300,-362.1500
565.3520,-58.1500
565.4740,-169.1500
565.5970,143.8500
565.7190,96.8500
565.8410,-503.1500
565.9630,-271.1500
566.0850,-215.1500
566.2070,-269.1500
566.3290,54.8500
566.4510,37.8500
566.5730,-373.1500
566.6950,-318.1500
566.8170,208.8500
566.9380,-479.1500
567.0600,-294.1500
567.1820,-199.1500
567.3040,-252.1500
567.4260,-491.1500
567.5480,16.8500
567.6700,-182.1500
567.7920,-245.1500
567.9140,-358.1500
568.0360,-254.1500
568.1580,-192.1500
568.2800,-438.1500
568.4020,-111.1500
568.5240,-318.1500
568.6460,-435.1500
568.7670,-323.1500
568.8890,-3.1500
569.0110,-297.1500
569.1330,-367.1500
569.2550,-537.1500
569.3770,-461.1500
569.4990,-183.1500
569.6210,-393.1500
569.7420,282.8500
569.8640,29.8500
569.9860,376.8500
570.1080,-41.1500
570.2300,-449.1500
570.3520,92.8500
570.4730,-192.1500
570.5950,-274.1500
570.7170,-486.1500
570.8390,-193.1500
570.9610,-62.1500
571.0820,-273.1500
571.2040,-409.1500
571.3260,-403.1500
571.4480,-48.1500
571.5700,-18.1500
571.6910,-210.1500
571.8130,-192.1500
571.9350,41.8500
572.0570,-248.1500
572.1780,-422.1500
572.3000,111.8500
572.4220,112.8500
572.5440,168.8500
572.6650,-360.1500
572.7870,-439.1500
572.9090,108.8500
573.0310,-134.1500
573.1520,-493.1500
573.2740,-51.1500
573.3960,-68.1500
573.5170,-55.1500
573.6390,-594.1500
573.7610,-396.1500
573.8820,-222.1500
574.0040,-85.1500
574.1260,-420.1500
574.2470,-53.1500
574.3690,-41.1500
574.4910,-210.1500
574.6120,-419.1500
574.7340,-207.1500
574.8560,-203.1500
574.9770,-50.1500
575.0990,-161.1500
575.2210,-216.1500
575.3420,-280.1500
575.4640,-188.1500
575.5850,-102.1500
575.7070,-438.1500
575.8290,78.8500
575.9500,46.8500
576.0720,-323.1500
576.1930,-397.1500
576.3150,-319.1500
576.4370,-270.1500
576.5580,-262.1500
576.6800,-279.1500
576.8010,208.8500
576.9230,-482.1500
577.0440,63.8500
577.1660,-535.1500
577.2870,-246.1500
577.4090,-298.1500
577.5310,-233.1500
577.6520,-110.1500
577.7740,-529.1500
577.8950,-226.1500
578.0170,-386.1500
578.1380,-366.1500
578.2600,-274.1500
578.3810,-118.1500
578.5030,-350.1500
578.6240,-362.1500
578.7460,-502.1500
578.8670,-288.1500
578.9880,-157.1500
579.1100,169.8500
579.2310,-143.1500
579.3530,-345.1500
579.4740,-214.1500
579.5960,-317.1500
579.7170,-234.1500
579.8390,-230.1500
579.9600,-599.1500
580.0810,-96.1500
580.2030,-301.1500
580.3240,-172.1500
580.4460,-39.1500
580.5670,-171.1500
580.6880,196.8500
580.8100,-461.1500
580.9310,-331.1500
581.0530,-516.1500
581.1740,-183.1500
581.2950,-372.1500
581.4170,-110.1500
581.5380,-50.1500
581.6590,-75.1500
581.7810,-223.1500
581.9020,-353.1500
582.0240,-441.1500
582.1450,-453.1500
582.2660,-402.1500
582.3880,-246.1500
582.5090,-463.1500
582.6300,-209.1500
582.7510,-353.1500
582.8730,-289.1500
582.9940,-301.1500
583.1150,-267.1500
583.2370,-162.1500
583.3580,-375.1500
583.4790,-575.1500
583.6000,-15.1500
583.7220,-278.1500
583.8430,-425.1500
583.9640,90.8500
584.0860,-359.1500
584.2070,-132.1500
584.3280,-468.1500
584.4490,-117.1500
584.5700,-172.1500
584.6920,-182.1500
584.8130,1145.8500
584.9340,-188.1500
585.0550,-441.1500
585.1770,-47.1500
585.2980,-180.1500
585.4190,-467.1500
585.5400,203.8500
585.6610,-101.1500
585.7830,-119.1500
585.9040,-389.1500
586.0250,90.8500
586.1460,-446.1500
586.2670,-348.1500
586.3880,-282.1500
586.5100,331.8500
586.6310,-486.1500
586.7520,-478.1500
586.8730,-331.1500
586.9940,-506.1500
587.1150,-459.1500
587.2360,-346.1500
587.3570,-514.1500
587.4790,-415.1500
587.6000,26.8500
587.7210,-301.1500
587.8420,-384.1500
587.9630,188.8500
588.0840,58.8500
588.2050,-446.1500
588.3260,-296.1500
588.4470,-214.1500
588.5680,-294.1500
588.6890,-172.1500
588.8100,-127.1500
588.9310,-290.1500
589.0520,-389.1500
589.1740,-398.1500
589.2950,-118.1500
589.4160,-180.1500
589.5370,-3.1500
589.6580,-320.1500
589.7790,-519.1500
589.9000,24.8500
590.0210,-350.1500
590.1420,-355.1500
590.2630,-520.1500
590.3840,-241.1500
590.5050,256.8500
590.6260,-432.1500
590.7470,-196.1500
590.8670,-119.1500
590.9880,-124.1500
591.1090,-295.1500
591.2300,90.8500
591.3510,-45.1500
591.4720,-260.1500
591.5930,-296.1500
591.7140,-202.1500
591.8350,-314.1500
591.9560,-352.1500
592.0770,-552.1500
592.1980,-248.1500
592.3190,-196.1500
592.4400,-81.1500
592.5600,-381.1500
592.6810,-533.1500
592.8020,-122.1500
592.9230,-286.1500
593.0440,-365.1500
593.1650,-456.1500
593.2860,-142.1500
593.4070,-442.1500
593.5270,2.8500
593.6480,-451.1500
593.7690,-111.1500
593.8900,81.8500
594.0110,-210.1500
594.1320,-320.1500
594.2520,-133.1500
594.3730,-435.1500
594.4940,-530.1500
594.6150,-287.1500
594.7360,-281.1500
594.8560,48.8500
594.9770,-441.1500
595.0980,-146.1500
595.2190,-445.1500
595.3400,-152.1500
595.4600,-450.1500
595.5810,232.8500
595.7020,-242.1500
595.8230,-435.1500
595.9430,-86.1500
596.0640,-252.1500
596.1850,109.8500
596.3060,-539.1500
596.4260,-402.1500
596.5470,-501.1500
596.6680,-162.1500
596.7880,-212.1500
596.9090,-220.1500
597.0300,-151.1500
597.1510,-248.1500
597.2710,-403.1500
597.3920,-272.1500
597.5130,-150.1500
597.6330,-84.1500
597.7540,-193.1500
597.8750,-239.1500
597.9950,90.8500
598.1160,-175.1500
598.2370,-309.1500
598.3570,-415.1500
598.4780,-407.1500
598.5990,192.8500
598.7190,-270.1500
598.8400,-467.1500
598.9600,-408.1500
599.0810,-233.1500
599.2020,-254.1500
599.3220,-441.1500
599.4430,-471.1500
599.5630,-103.1500
599.6840,-4.1500
599.8050,-326.1500
599.9250,-513.1500
600.0460,242.8500
600.1660,-288.1500
600.2870,-127.1500
600.4070,-210.1500
600.5280,49.8500
600.6490,-145.1500
600.7690,-207.1500
600.8900,-468.1500
601.0100,-64.1500
601.1310,-375.1500
601.2510,182.8500
601.3720,-160.1500
601.4920,-325.1500
601.6130,-394.1500
601.7330,-363.1500
601.8540,228.8500
601.9740,388.8500
602.0950,144.8500
602.2150,-486.1500
602.3360,-455.1500
602.4560,256.8500
602.5770,-384.1500
602.6970,861.8500
602.8170,-47.1500
602.9380,-241.1500
603.0580,-112.1500
603.1790,-452.1500
603.2990,-417.1500
603.4200,-485.1500
603.5400,-136.1500
603.6600,-453.1500
603.7810,-135.1500
603.9010,-335.1500
604.0220,126.8500
604.1420,-245.1500
604.2620,-219.1500
604.3830,-359.1500
604.5030,109.8500
604.6240,-407.1500
604.7440,-149.1500
604.8640,-94.1500
604.9850,-334.1500
605.1050,-154.1500
605.2250,-205.1500
605.3460,-203.1500
605.4660,-60.1500
605.5860,228.8500
605.7070,377.8500
605.8270,-461.1500
605.9470,-305.1500
606.0680,-305.1500
606.1880,-299.1500
606.3080,-325.1500
606.4290,-20.1500
606.5490,-341.1500
606.6690,-476.1500
606.7890,-400.1500
606.9100,-104.1500
607.0300,-418.1500
607.1500,-337.1500
607.2700,-139.1500
607.3910,-32.1500
607.5110,-363.1500
607.6310,-404.1500
607.7510,161.8500
607.8720,-69.1500
607.9920,-417.1500
608.1120,-21.1500
608.2320,-328.1500
608.3530,-443.1500
608.4730,-389.1500
608.5930,126.8500
608.7130,391.8500
608.8330,-264.1500
608.9540,-387.1500
609.0740,-316.1500
609.1940,-450.1500
609.3140,234.8500
609.4340,-48.1500
609.5540,-212.1500
609.6750,-99.1500
609.7950,-388.1500
609.9150,-408.1500
610.0350,347.8500
610.1550,-270.1500
610.2750,-342.1500
610.3950,-61.1500
610.5160,-468.1500
610.6360,-197.1500
610.7560,-104.1500
610.8760,-63.1500
610.9960,-379.1500
611.1160,205.8500
611.2360,-503.1500
611.3560,-383.1500
611.4760,-232.1500
611.5960,-183.1500
611.7160,78.8500
611.8360,-421.1500
611.9570,-459.1500
612.0770,-235.1500
612.1970,-118.1500
612.3170,-390.1500
612.4370,66.8500
612.5570,50.8500
612.6770,-243.1500
612.7970,-166.1500
612.9170,-491.1500
613.0370,-111.1500
613.1570,-208.1500
613.2770,-168.1500
613.3970,151.8500
613.5170,147.8500
613.6370,-391.1500
613.7570,-245.1500
613.8770,-375.1500
613.9970,-50.1500
614.1170,-336.1500
614.2370,-290.1500
614.3560,-145.1500
614.4760,40.8500
614.5960,-18.1500
614.7160,-266.1500
614.8360,-283.1500
614.9560,-46.1500
615.0760,-174.1500
615.1960,-450.1500
615.3160,-180.1500
615.4360,-88.1500
615.5560,150.8500
615.6760,293.8500
615.7950,-138.1500
615.9150,-176.1500
616.0350,-320.1500
616.1550,-237.1500
616.2750,-364.1500
616.3950,-336.1500
616.5150,-53.1500
616.6350,-575.1500
616.7540,-584.1500
616.8740,-57.1500
616.9940,-193.1500
617.1140,352.8500
617.2340,54.8500
617.3540,-98.1500
617.4730,426.8500
617.5930,-314.1500
617.7130,-211.1500
617.8330,-110.1500
617.9530,-123.1500
618.0720,-596.1500
618.1920,-370.1500
618.3120,81.8500
618.4320,34.8500
618.5510,-388.1500
618.6710,-390.1500
618.7910,-98.1500
618.9110,-179.1500
619.0300,-262.1500
619.1500,-207.1500
619.2700,-259.1500
619.3900,-348.1500
619.5090,-244.1500
619.6290,-274.1500
619.7490,-393.1500
619.8680,-173.1500
619.9880,-511.1500
620.1080,-339.1500
620.2280,887.8500
620.3470,-182.1500
620.4670,-369.1500
620.5870,-405.1500
620.7060,66.8500
620.8260,-382.1500
620.9460,-411.1500
621.0650,-27.1500
621.1850,330.8500
621.3050,-334.1500
621.4240,-294.1500
621.5440,-576.1500
621.6630,-111.1500
621.7830,-296.1500
621.9030,268.8500
622.0220,-480.1500
622.1420,-207.1500
622.2610,188.8500
622.3810,-171.1500
622.5010,-94.1500
622.6200,-264.1500
622.7400,-178.1500
622.8590,-294.1500
622.9790,109.8500
623.0990,-279.1500
623.2180,-119.1500
623.3380,168.8500
623.4570,-124.1500
623.5770,-348.1500
623.6960,-137.1500
623.8160,-523.1500
623.9350,-403.1500
624.0550,-372.1500
624.1740,-239.1500
624.2940,-204.1500
624.4130,-499.1500
624.5330,-150.1500
624.6520,98.8500
624.7720,-384.1500
624.8910,-532.1500
625.0110,-26.1500
625.1300,-303.1500
625.2500,-487.1500
625.3690,-338.1500
625.4890,-319.1500
625.6080,-404.1500
625.7280,-227.1500
625.8470,-218.1500
625.9660,-432.1500
626.0860,-343.1500
626.2050,-474.1500
626.3250,-172.1500
626.4440,-155.1500
626.5640,172.8500
626.6830,35.8500
626.8020,-23.1500
626.9220,125.8500
627.0410,-116.1500
627.1610,-237.1500
627.2800,-4.1500
627.3990,1.8500
627.5190,-182.1500
627.6380,-529.1500
627.7570,-408.1500
627.8770,-280.1500
627.9960,-271.1500
628.1150,-59.1500
628.2350,-84.1500
628.3540,-473.1500
628.4730,-180.1500
628.5930,145.8500
628.7120,-206.1500
628.8310,-215.1500
628.9510,-463.1500
629.0700,113.8500
629.1890,-195.1500
629.3090,-264.1500
629.4280,225.8500
629.5470,-474.1500
629.6660,-63.1500
629.7860,-191.1500
629.9050,-449.1500
630.0240,-65.1500
630.1430,-117.1500
630.2630,-243.1500
630.3820,301.8500
630.5010,-277.1500
630.6200,-352.1500
630.7400,-438.1500
630.8590,98.8500
630.9780,-305.1500
631.0970,-454.1500
631.2160,-402.1500
631.3360,157.8500
631.4550,-382.1500
631.5740,-332.1500
631.6930,-81.1500
631.8120,-262.1500
631.9320,-544.1500
632.0510,98.8500
632.1700,463.8500
632.2890,-29.1500
632.4080,-301.1500
632.5270,-210.1500
632.6460,-207.1500
632.7660,-411.1500
632.8850,230.8500
633.0040,-476.1500
633.1230,-225.1500
633.2420,-384.1500
633.3610,861.8500
633.4800,-368.1500
633.5990,-371.1500
633.7180,7.8500
633.8380,-160.1500
633.9570,-482.1500
634.0760,-156.1500
634.1950,-289.1500
634.3140,-76.1500
634.4330,-37.1500
634.5520,-309.1500
634.6710,-160.1500
634.7900,264.8500
634.9090,31.8500
635.0280,-234.1500
635.1470,-57.1500
635.2660,-401.1500
635.3850,-175.1500
635.5040,-455.1500
635.6230,-79.1500
635.7420,-497.1500
635.8610,-458.1500
635.9800,-182.1500
636.0990,-349.1500
636.2180,-216.1500
636.3370,-192.1500
636.4560,317.8500
636.5750,-42.1500
636.6940,-203.1500
636.8130,-480.1500
636.9320,-435.1500
637.0510,-177.1500
637.1700,-527.1500
637.2890,-124.1500
637.4080,-469.1500
637.5260,-197.1500
637.6450,-584.1500
637.7640,-480.1500
637.8830,-293.1500
638.0020,-19.1500
638.1210,484.8500
638.2400,-438.1500
638.3590,5.8500
638.4780,-316.1500
638.5970,-425.1500
638.7150,505.8500
638.8340,-215.1500
638.9530,0.8500
639.0720,-467.1500
639.1910,-510.1500
639.3100,-6.1500
639.4280,-202.1500
639.5470,-159.1500
639.6660,-42.1500
639.7850,-83.1500
639.9040,-205.1500
640.0230,-497.1500
640.1410,-275.1500
640.2600,-286.1500
640.3790,-58.1500
640.4980,-542.1500
640.6160,-188.1500
640.7350,-205.1500
640.8540,46.8500
640.9730,-430.1500
641.0920,-35.1500
641.2100,-77.1500
641.3290,-281.1500
641.4480,-45.1500
641.5670,262.8500
641.6850,-217.1500
641.8040,-286.1500
641.9230,-210.1500
642.0410,-372.1500
642.1600,-240.1500
642.2790,50.8500
642.3980,-313.1500
642.5160,-375.1500
642.6350,154.8500
642.7540,-279.1500
642.8720,62.8500
642.9910,57.8500
643.1100,-331.1500
643.2280,-428.1500
643.3470,-458.1500
643.4660,-506.1500
643.5840,21.8500
643.7030,267.8500
643.8210,-168.1500
643.9400,-144.1500
644.0590,-95.1500
644.1770,17.8500
644.2960,-433.1500
644.4150,-337.1500
644.5330,-183.1500
644.6520,-9.1500
644.7700,-496.1500
644.8890,-466.1500
645.0080,-17.1500
645.1260,-370.1500
645.2450,-47.1500
645.3630,60.8500
645.4820,-126.1500
645.6000,-189.1500
645.7190,-360.1500
645.8370,-288.1500
645.9560,-129.1500
646.0740,-446.1500
646.1930,-412.1500
646.3120,-25.1500
646.4300,180.8500
646.5490,240.8500
646.6670,-606.1500
646.7860,-444.1500
646.9040,32.8500
647.0230,-58.1500
647.1410,-449.1500
647.2600,-51.1500
647.3780,525.8500
647.4960,-287.1500
647.6150,-71.1500
647.7330,-192.1500
647.8520,280.8500
647.9700,-342.1500
648.0890,-29.1500
648.2070,-45.1500
648.3260,96.8500
648.4440,-213.1500
648.5620,-256.1500
648.6810,-140.1500
648.7990,-265.1500
648.9180,-170.1500
649.0360,-190.1500
649.1540,-328.1500
649.2730,49.8500
649.3910,-303.1500
649.5100,-408.1500
649.6280,-478.1500
649.7460,220.8500
649.8650,-315.1500
649.9830,-405.1500
650.1010,-177.1500
650.2200,-200.1500
650.3380,-357.1500
650.4560,-265.1500
650.5750,-280.1500
650.6930,-440.1500
650.8110,-69.1500
650.9300,-473.1500
651.0480,1455.8500
651.1660,429.8500
651.2850,-219.1500
651.4030,-41.1500
651.5210,-180.1500
651.6390,-198.1500
651.7580,78.8500
651.8760,277.8500
651.9940,-413.1500
652.1120,66.8500
652.2310,-188.1500
652.3490,-394.1500
652.4670,-636.1500
652.5850,-196.1500
652.7040,-19.1500
652.8220,-537.1500
652.9400,-518.1500
653.0580,-100.1500
653.1760,-314.1500
653.2950,-243.1500
653.4130,-2.1500
653.5310,-336.1500
653.6490,-239.1500
653.7670,-397.1500
653.8860,-436.1500
654.0040,-380.1500
654.1220,157.8500
654.2400,-493.1500
654.3580,-393.1500
654.4760,-236.1500
654.5940,181.8500
654.7130,-308.1500
654.8310,-542.1500
654.9490,-271.1500
655.0670,-65.1500
655.1850,-465.1500
655.3030,-356.1500
655.4210,-261.1500
655.5390,98.8500
655.6580,-195.1500
655.7760,-312.1500
655.8940,27.8500
656.0120,152.8500
656.1300,-542.1500
656.2480,-325.1500
656.3660,-406.1500
656.4840,-293.1500
656.6020,-428.1500
656.7200,-385.1500
656.8380,-98.1500
656.9560,-286.1500
657.0740,-69.1500
657.1920,-125.1500
657.3100,-359.1500
657.4280,-259.1500
657.5460,-132.1500
657.6640,-177.1500
657.7820,-234.1500
657.9000,67.8500
658.0180,-300.1500
658.1360,-224.1500
658.2540,47.8500
658.3720,102.8500
658.4900,-428.1500
658.6080,-458.1500
658.7260,-46.1500
658.8440,-36.1500
658.9620,-343.1500
659.0800,-492.1500
659.1980,-109.1500
659.3160,-198.1500
