197.2500,-1185.0800
197.3850,-1185.0800
197.5190,-1185.0800
197.6530,-1207.0800
197.7870,187.9200
197.9220,-124.0800
198.0560,77.9200
198.1900,-6.0800
198.3240,-7.0800
198.4590,-177.0800
198.5930,417.9200
198.7270,-33.0800
198.8610,-88.0800
198.9960,219.9200
199.1300,-283.0800
199.2640,-210.0800
199.3980,-67.0800
199.5330,279.9200
199.6670,126.9200
199.8010,-88.0800
199.9350,-268.0800
200.0700,-36.0800
200.2040,2.9200
200.3380,-197.0800
200.4720,-168.0800
200.6060,-332.0800
200.7410,-148.0800
200.8750,-148.0800
201.0090,-127.0800
201.1430,-224.0800
201.2770,86.9200
201.4120,114.9200
201.5460,205.9200
201.6800,173.9200
201.8140,-183.0800
201.9480,72.9200
202.0820,-66.0800
202.2170,-311.0800
202.3510,-117.0800
202.4850,-46.0800
202.6190,-289.0800
202.7530,-337.0800
202.8870,265.9200
203.0210,124.9200
203.1560,236.9200
203.2900,25.9200
203.4240,-18.0800
203.5580,-191.0800
203.6920,-65.0800
203.8260,-283.0800
203.9600,-113.0800
204.0940,173.9200
204.2290,-164.0800
204.3630,-201.0800
204.4970,-335.0800
204.6310,-263.0800
204.7650,-210.0800
204.8990,-139.0800
205.0330,-112.0800
205.1670,-222.0800
205.3010,13.9200
205.4350,-327.0800
205.5690,-74.0800
205.7040,-81.0800
205.8380,-296.0800
205.9720,-141.0800
206.1060,516.9200
206.2400,-162.0800
206.3740,-220.0800
206.5080,54.9200
206.6420,36.9200
206.7760,-131.0800
206.9100,154.9200
207.0440,2.9200
207.1780,122.9200
207.3120,-35.0800
207.4460,-138.0800
207.5800,-179.0800
207.7140,-294.0800
207.8480,135.9200
207.9820,-367.0800
208.1160,21.9200
208.2500,-220.0800
208.3840,-154.0800
208.5180,-186.0800
208.6520,-211.0800
208.7860,-259.0800
208.9200,222.9200
209.0540,-45.0800
209.1880,-285.0800
209.3220,-140.0800
209.4560,-118.0800
209.5900,-260.0800
209.7240,-92.0800
209.8580,-22.0800
209.9920,-115.0800
210.1260,-170.0800
210.2600,-153.0800
210.3940,-59.0800
210.5280,-25.0800
210.6620,-211.0800
210.7960,-159.0800
210.9290,123.9200
211.0630,-4.0800
211.1970,-82.0800
211.3310,-18.0800
211.4650,-199.0800
211.5990,50.9200
211.7330,117.9200
211.8670,-175.0800
212.0010,-180.0800
212.1350,-57.0800
212.2690,-229.0800
212.4020,-200.0800
212.5360,84.9200
212.6700,-108.0800
212.8040,-262.0800
212.9380,36.9200
213.0720,-215.0800
213.2060,-83.0800
213.3400,-161.0800
213.4730,-132.0800
213.6070,77.9200
213.7410,-265.0800
213.8750,-304.0800
214.0090,-227.0800
214.1430,-166.0800
214.2770,-127.0800
214.4100,-242.0800
214.5440,221.9200
214.6780,131.9200
214.8120,220.9200
214.9460,-246.0800
215.0800,-186.0800
215.2130,-207.0800
215.3470,-112.0800
215.4810,-110.0800
215.6150,-330.0800
215.7490,45.9200
215.8820,-221.0800
216.0160,-281.0800
216.1500,98.9200
216.2840,161.9200
216.4180,-21.0800
216.5510,90.9200
216.6850,32.9200
216.8190,-273.0800
216.9530,-140.0800
217.0860,267.9200
217.2200,-163.0800
217.3540,-24.0800
217.4880,62.9200
217.6210,107.9200
217.7550,-23.0800
217.8890,-129.0800
218.0230,-89.0800
218.1560,88.9200
218.2900,105.9200
218.4240,202.9200
218.5580,-233.0800
218.6910,-369.0800
218.8250,-114.0800
218.9590,438.9200
219.0920,-117.0800
219.2260,-349.0800
219.3600,-283.0800
219.4940,-22.0800
219.6270,-192.0800
219.7610,-203.0800
219.8950,-120.0800
220.0280,-321.0800
220.1620,550.9200
220.2960,146.9200
220.4290,-12.0800
220.5630,-78.0800
220.6970,-14.0800
220.8300,-205.0800
220.9640,-161.0800
221.0980,-238.0800
221.2310,-279.0800
221.3650,51.9200
221.4990,-206.0800
221.6320,-233.0800
221.7660,32.9200
221.9000,-113.0800
222.0330,70.9200
222.1670,85.9200
222.3000,-184.0800
222.4340,-18.0800
222.5680,243.9200
222.7010,-189.0800
222.8350,-128.0800
222.9680,-209.0800
223.1020,-223.0800
223.2360,-234.0800
223.3690,-10.0800
223.5030,6.9200
223.6360,-249.0800
223.7700,-173.0800
223.9040,-11.0800
224.0370,-164.0800
224.1710,87.9200
224.3040,32.9200
224.4380,-164.0800
224.5710,-105.0800
224.7050,159.9200
224.8390,-51.0800
224.9720,-306.0800
225.1060,-38.0800
225.2390,-107.0800
225.3730,77.9200
225.5060,-52.0800
225.6400,36.9200
225.7730,-145.0800
225.9070,-199.0800
226.0400,-301.0800
226.1740,-124.0800
226.3070,-40.0800
226.4410,-167.0800
226.5750,6.9200
226.7080,151.9200
226.8420,-88.0800
226.9750,-152.0800
227.1090,-210.0800
227.2420,13.9200
227.3750,39.9200
227.5090,-41.0800
227.6420,-180.0800
227.7760,36.9200
227.9090,73.9200
228.0430,-232.0800
228.1760,216.9200
228.3100,-242.0800
228.4430,340.9200
228.5770,-85.0800
228.7100,-127.0800
228.8440,7.9200
228.9770,-265.0800
229.1110,-178.0800
229.2440,60.9200
229.3770,-313.0800
229.5110,-52.0800
229.6440,-176.0800
229.7780,-161.0800
229.9110,-176.0800
230.0440,-115.0800
230.1780,-25.0800
230.3110,-200.0800
230.4450,32.9200
230.5780,-192.0800
230.7110,-110.0800
230.8450,327.9200
230.9780,35.9200
231.1120,-222.0800
231.2450,-280.0800
231.3780,-249.0800
231.5120,48.9200
231.6450,-390.0800
231.7790,-317.0800
231.9120,-39.0800
232.0450,59.9200
232.1790,-158.0800
232.3120,-127.0800
232.4450,67.9200
232.5790,240.9200
232.7120,164.9200
232.8450,-209.0800
232.9790,-363.0800
233.1120,27.9200
233.2450,-98.0800
233.3790,-266.0800
233.5120,-33.0800
233.6450,-249.0800
233.7790,-242.0800
233.9120,3.9200
234.0450,-152.0800
234.1790,27.9200
234.3120,-131.0800
234.4450,25.9200
234.5780,-28.0800
234.7120,8.9200
234.8450,50.9200
234.9780,-187.0800
235.1120,-44.0800
235.2450,111.9200
235.3780,-189.0800
235.5110,-31.0800
235.6450,31.9200
235.7780,-5.0800
235.9110,-153.0800
236.0440,-293.0800
236.1780,288.9200
236.3110,-249.0800
236.4440,-262.0800
236.5770,-236.0800
236.7110,-55.0800
236.8440,-380.0800
236.9770,-149.0800
237.1100,-228.0800
237.2430,15.9200
237.3770,-299.0800
237.5100,-244.0800
237.6430,924.9200
237.7760,-164.0800
237.9090,-145.0800
238.0430,-15.0800
238.1760,-248.0800
238.3090,-63.0800
238.4420,-308.0800
238.5750,-81.0800
238.7090,408.9200
238.8420,5.9200
238.9750,-19.0800
239.1080,201.9200
239.2410,-283.0800
239.3740,-216.0800
239.5080,-180.0800
239.6410,192.9200
239.7740,358.9200
239.9070,-44.0800
240.0400,-271.0800
240.1730,29.9200
240.3060,223.9200
240.4400,-165.0800
240.5730,161.9200
240.7060,-151.0800
240.8390,19.9200
240.9720,-72.0800
241.1050,-74.0800
241.2380,25.9200
241.3710,-45.0800
241.5040,-90.0800
241.6380,-134.0800
241.7710,-27.0800
241.9040,-141.0800
242.0370,32.9200
242.1700,-192.0800
242.3030,-290.0800
242.4360,-71.0800
242.5690,-114.0800
242.7020,-199.0800
242.8350,-144.0800
242.9680,-20.0800
243.1010,-130.0800
243.2340,-213.0800
243.3670,-262.0800
243.5000,-142.0800
243.6340,-180.0800
243.7670,-277.0800
243.9000,-216.0800
244.0330,-237.0800
244.1660,77.9200
244.2990,-332.0800
244.4320,-244.0800
244.5650,-9.0800
244.6980,-328.0800
244.8310,-192.0800
244.9640,-256.0800
245.0970,-201.0800
245.2300,-27.0800
245.3630,161.9200
245.4960,-293.0800
245.6290,-136.0800
245.7620,459.9200
245.8950,-250.0800
246.0280,-213.0800
246.1610,453.9200
246.2940,40.9200
246.4270,-217.0800
246.5590,89.9200
246.6920,-46.0800
246.8250,-178.0800
246.9580,-246.0800
247.0910,-275.0800
247.2240,-330.0800
247.3570,-206.0800
247.4900,148.9200
247.6230,-183.0800
247.7560,-270.0800
247.8890,298.9200
248.0220,-112.0800
248.1550,-285.0800
248.2880,-111.0800
248.4210,-233.0800
248.5530,70.9200
248.6860,-224.0800
248.8190,77.9200
248.9520,-257.0800
249.0850,187.9200
249.2180,-39.0800
249.3510,-78.0800
249.4840,157.9200
249.6170,-79.0800
249.7490,-252.0800
249.8820,-211.0800
250.0150,-249.0800
250.1480,-158.0800
250.2810,-248.0800
250.4140,-180.0800
250.5470,-155.0800
250.6790,160.9200
250.8120,-105.0800
250.9450,-12.0800
251.0780,-231.0800
251.2110,-174.0800
251.3440,-298.0800
251.4760,-180.0800
251.6090,0.9200
251.7420,-257.0800
251.8750,-43.0800
252.0080,-235.0800
252.1400,-351.0800
252.2730,-97.0800
252.4060,187.9200
252.5390,-30.0800
252.6720,-90.0800
252.8040,125.9200
252.9370,-251.0800
253.0700,-49.0800
253.2030,-109.0800
253.3350,103.9200
253.4680,-354.0800
253.6010,-156.0800
253.7340,-80.0800
253.8660,-140.0800
253.9990,378.9200
254.1320,-5.0800
254.2650,-179.0800
254.3970,-155.0800
254.5300,-154.0800
254.6630,6.9200
254.7960,-198.0800
254.9280,-259.0800
255.0610,-235.0800
255.1940,-42.0800
255.3270,-293.0800
255.4590,-45.0800
255.5920,-275.0800
255.7250,180.9200
255.8570,-204.0800
255.9900,-21.0800
256.1230,-233.0800
256.2550,-268.0800
256.3880,-65.0800
256.5210,-243.0800
256.6530,-297.0800
256.7860,-226.0800
256.9190,-168.0800
257.0510,-264.0800
257.1840,-65.0800
257.3170,-212.0800
257.4490,-232.0800
257.5820,-74.0800
257.7150,-211.0800
257.8470,-255.0800
257.9800,-109.0800
258.1130,-187.0800
258.2450,-132.0800
258.3780,-361.0800
258.5100,-274.0800
258.6430,-264.0800
258.7760,47.9200
258.9080,-299.0800
259.0410,-68.0800
259.1740,-202.0800
259.3060,-192.0800
259.4390,-287.0800
259.5710,-198.0800
259.7040,-78.0800
259.8370,136.9200
259.9690,-211.0800
260.1020,-212.0800
260.2340,226.9200
260.3670,85.9200
260.4990,-259.0800
260.6320,-148.0800
260.7650,-219.0800
260.8970,-201.0800
261.0300,-235.0800
261.1620,-108.0800
261.2950,-57.0800
261.4270,98.9200
261.5600,-74.0800
261.6920,-253.0800
261.8250,-87.0800
261.9570,95.9200
262.0900,78.9200
262.2220,-7.0800
262.3550,-255.0800
262.4870,-124.0800
262.6200,-272.0800
262.7520,-91.0800
262.8850,-177.0800
263.0170,31.9200
263.1500,-181.0800
263.2820,-55.0800
263.4150,-274.0800
263.5470,-64.0800
263.6800,214.9200
263.8120,-321.0800
263.9450,-111.0800
264.0770,-268.0800
264.2100,150.9200
264.3420,-268.0800
264.4750,-233.0800
264.6070,199.9200
264.7400,-389.0800
264.8720,-111.0800
265.0040,116.9200
265.1370,54.9200
265.2690,343.9200
265.4020,-245.0800
265.5340,-168.0800
265.6670,-169.0800
265.7990,51.9200
265.9310,-90.0800
266.0640,6.9200
266.1960,-128.0800
266.3290,-205.0800
266.4610,-184.0800
266.5930,41.9200
266.7260,-317.0800
266.8580,-139.0800
266.9900,-127.0800
267.1230,-172.0800
267.2550,-73.0800
267.3880,-152.0800
267.5200,-289.0800
267.6520,-219.0800
267.7850,124.9200
267.9170,-37.0800
268.0490,-147.0800
268.1820,390.9200
268.3140,58.9200
268.4460,-332.0800
268.5790,-233.0800
268.7110,209.9200
268.8430,-228.0800
268.9760,-75.0800
269.1080,360.9200
269.2400,150.9200
269.3730,-19.0800
269.5050,-133.0800
269.6370,-150.0800
269.7700,-215.0800
269.9020,139.9200
270.0340,-283.0800
270.1670,39.9200
270.2990,12.9200
270.4310,-0.0800
270.5630,-207.0800
270.6960,9.9200
270.8280,-89.0800
270.9600,-90.0800
271.0920,8.9200
271.2250,-239.0800
271.3570,-71.0800
271.4890,-180.0800
271.6210,-250.0800
271.7540,544.9200
271.8860,-220.0800
272.0180,-201.0800
272.1500,280.9200
272.2830,-280.0800
272.4150,-152.0800
272.5470,80.9200
272.6790,76.9200
272.8110,-115.0800
272.9440,-113.0800
273.0760,-341.0800
273.2080,-43.0800
273.3400,-98.0800
273.4730,-158.0800
273.6050,92.9200
273.7370,-284.0800
273.8690,-46.0800
274.0010,-396.0800
274.1330,30.9200
274.2660,-205.0800
274.3980,1449.9200
274.5300,40.9200
274.6620,123.9200
274.7940,9.9200
274.9260,67.9200
275.0590,-199.0800
275.1910,8.9200
275.3230,-240.0800
275.4550,84.9200
275.5870,-211.0800
275.7190,-168.0800
275.8510,-120.0800
275.9830,29.9200
276.1160,-24.0800
276.2480,119.9200
276.3800,-274.0800
276.5120,-16.0800
276.6440,-170.0800
276.7760,-231.0800
276.9080,-55.0800
277.0400,-127.0800
277.1720,15.9200
277.3040,-174.0800
277.4370,-17.0800
277.5690,-206.0800
277.7010,-262.0800
277.8330,-98.0800
277.9650,-202.0800
278.0970,37.9200
278.2290,-155.0800
278.3610,-159.0800
278.4930,129.9200
278.6250,201.9200
278.7570,19.9200
278.8890,-261.0800
279.0210,-178.0800
279.1530,506.9200
279.2850,-243.0800
279.4170,546.9200
279.5490,70.9200
279.6810,-114.0800
279.8130,-182.0800
279.9450,49.9200
280.0770,-222.0800
280.2090,1107.9200
280.3410,-273.0800
280.4730,-124.0800
280.6050,78.9200
280.7370,-6.0800
280.8690,199.9200
281.0010,-75.0800
281.1330,-347.0800
281.2650,-36.0800
281.3970,-150.0800
281.5290,302.9200
281.6610,-280.0800
281.7930,-351.0800
281.9250,-240.0800
282.0570,-127.0800
282.1890,-139.0800
282.3210,-24.0800
282.4530,-4.0800
282.5850,-237.0800
282.7170,150.9200
282.8490,-90.0800
282.9800,-166.0800
283.1120,-223.0800
283.2440,-16.0800
283.3760,-257.0800
283.5080,-368.0800
283.6400,-239.0800
283.7720,88.9200
283.9040,97.9200
284.0360,-278.0800
284.1680,130.9200
284.2990,-44.0800
284.4310,-17.0800
284.5630,-139.0800
284.6950,-141.0800
284.8270,-234.0800
284.9590,-15.0800
285.0910,-252.0800
285.2220,-270.0800
285.3540,-184.0800
285.4860,-116.0800
285.6180,-247.0800
285.7500,-123.0800
285.8820,147.9200
286.0130,55.9200
286.1450,-62.0800
286.2770,0.9200
286.4090,67.9200
286.5410,83.9200
286.6730,-225.0800
286.8040,-209.0800
286.9360,-41.0800
287.0680,-250.0800
287.2000,-237.0800
287.3320,311.9200
287.4630,-298.0800
287.5950,-55.0800
287.7270,413.9200
287.8590,-136.0800
287.9900,-118.0800
288.1220,-210.0800
288.2540,23.9200
288.3860,-152.0800
288.5170,-283.0800
288.6490,-181.0800
288.7810,-16.0800
288.9130,5.9200
289.0440,-306.0800
289.1760,171.9200
289.3080,-166.0800
289.4400,-336.0800
289.5710,-236.0800
289.7030,-253.0800
289.8350,64.9200
289.9670,-252.0800
290.0980,-327.0800
290.2300,-318.0800
290.3620,98.9200
290.4930,-327.0800
290.6250,-195.0800
290.7570,-169.0800
290.8880,-138.0800
291.0200,-40.0800
291.1520,-23.0800
291.2830,-1.0800
291.4150,-106.0800
291.5470,-259.0800
291.6780,-205.0800
291.8100,-53.0800
291.9420,268.9200
292.0730,-17.0800
292.2050,-294.0800
292.3370,77.9200
292.4680,475.9200
292.6000,-180.0800
292.7320,590.9200
292.8630,-224.0800
292.9950,-333.0800
293.1260,47.9200
293.2580,152.9200
293.3900,-268.0800
293.5210,-245.0800
293.6530,-300.0800
293.7850,71.9200
293.9160,-133.0800
294.0480,15.9200
294.1790,12.9200
294.3110,-239.0800
294.4420,50.9200
294.5740,-271.0800
294.7060,-107.0800
294.8370,91.9200
294.9690,-59.0800
295.1000,-181.0800
295.2320,-247.0800
295.3630,195.9200
295.4950,-200.0800
295.6270,-10.0800
295.7580,138.9200
295.8900,-319.0800
296.0210,32.9200
296.1530,48.9200
296.2840,-86.0800
296.4160,-118.0800
296.5470,-167.0800
296.6790,-61.0800
296.8100,-60.0800
296.9420,-351.0800
297.0730,-275.0800
297.2050,-279.0800
297.3360,-153.0800
297.4680,-226.0800
297.5990,-105.0800
297.7310,-335.0800
297.8620,-120.0800
297.9940,-307.0800
298.1250,-263.0800
298.2570,-114.0800
298.3880,42.9200
298.5200,28.9200
298.6510,-89.0800
298.7820,239.9200
298.9140,-219.0800
299.0450,-158.0800
299.1770,-277.0800
299.3080,-292.0800
299.4400,46.9200
299.5710,-54.0800
299.7020,-173.0800
299.8340,-116.0800
299.9650,-139.0800
300.0970,-215.0800
300.2280,-35.0800
300.3600,-80.0800
300.4910,-100.0800
300.6220,-7.0800
300.7540,-129.0800
300.8850,-234.0800
301.0170,-79.0800
301.1480,-178.0800
301.2790,-324.0800
301.4110,17.9200
301.5420,-5.0800
301.6730,-29.0800
301.8050,13.9200
301.9360,-219.0800
302.0670,-161.0800
302.1990,-175.0800
302.3300,-262.0800
302.4610,311.9200
302.5930,14.9200
302.7240,-6.0800
302.8550,-316.0800
302.9870,-117.0800
303.1180,-279.0800
303.2490,-367.0800
303.3810,-135.0800
303.5120,-245.0800
303.6430,-229.0800
303.7750,125.9200
303.9060,-276.0800
304.0370,-246.0800
304.1690,-196.0800
304.3000,-156.0800
304.4310,-291.0800
304.5620,-201.0800
304.6940,-163.0800
304.8250,-56.0800
304.9560,112.9200
305.0870,-187.0800
305.2190,17.9200
305.3500,-75.0800
305.4810,-227.0800
305.6120,30.9200
305.7440,-16.0800
305.8750,-161.0800
306.0060,523.9200
306.1370,-202.0800
306.2690,-55.0800
306.4000,65.9200
306.5310,102.9200
306.6620,-154.0800
306.7940,135.9200
306.9250,-231.0800
307.0560,-253.0800
307.1870,-52.0800
307.3180,-128.0800
307.4500,-164.0800
307.5810,-223.0800
307.7120,-250.0800
307.8430,-122.0800
307.9740,-89.0800
308.1050,97.9200
308.2370,-57.0800
308.3680,-294.0800
308.4990,-174.0800
308.6300,2.9200
308.7610,-109.0800
308.8920,-108.0800
309.0240,-137.0800
309.1550,-187.0800
309.2860,-180.0800
309.4170,-263.0800
309.5480,-170.0800
309.6790,-157.0800
309.8100,-412.0800
309.9410,442.9200
310.0730,-52.0800
310.2040,-334.0800
310.3350,-16.0800
310.4660,-178.0800
310.5970,-245.0800
310.7280,-184.0800
310.8590,350.9200
310.9900,311.9200
311.1210,-112.0800
311.2520,-102.0800
311.3830,-248.0800
311.5140,-28.0800
311.6460,-175.0800
311.7770,-50.0800
311.9080,-43.0800
312.0390,-141.0800
312.1700,-342.0800
312.3010,-143.0800
312.4320,-217.0800
312.5630,-328.0800
312.6940,-75.0800
312.8250,-161.0800
312.9560,-235.0800
313.0870,41.9200
313.2180,76.9200
313.3490,-129.0800
313.4800,-316.0800
313.6110,-148.0800
313.7420,-81.0800
313.8730,35.9200
314.0040,-46.0800
314.1350,-176.0800
314.2660,-59.0800
314.3970,-170.0800
314.5280,-266.0800
314.6590,-273.0800
314.7900,-206.0800
314.9210,26.9200
315.0520,12.9200
315.1830,-267.0800
315.3140,-298.0800
315.4450,54.9200
315.5760,-55.0800
315.7070,-127.0800
315.8380,-172.0800
315.9680,-14.0800
316.0990,-288.0800
316.2300,-316.0800
316.3610,110.9200
316.4920,-123.0800
316.6230,56.9200
316.7540,147.9200
316.8850,-368.0800
317.0160,-304.0800
317.1470,-347.0800
317.2780,63.9200
317.4080,-254.0800
317.5390,-301.0800
317.6700,-283.0800
317.8010,-31.0800
317.9320,-166.0800
318.0630,-208.0800
318.1940,-169.0800
318.3250,-21.0800
318.4550,-360.0800
318.5860,-135.0800
318.7170,-42.0800
318.8480,-334.0800
318.9790,66.9200
319.1100,249.9200
319.2400,38.9200
319.3710,59.9200
319.5020,-97.0800
319.6330,-243.0800
319.7640,-135.0800
319.8950,-239.0800
320.0250,-81.0800
320.1560,-330.0800
320.2870,-416.0800
320.4180,-222.0800
320.5490,-81.0800
320.6790,-331.0800
320.8100,150.9200
320.9410,-351.0800
321.0720,-288.0800
321.2020,1.9200
321.3330,251.9200
321.4640,-388.0800
321.5950,-225.0800
321.7260,213.9200
321.8560,-347.0800
321.9870,-162.0800
322.1180,-219.0800
322.2490,-4.0800
322.3790,-74.0800
322.5100,13.9200
322.6410,-58.0800
322.7710,-324.0800
322.9020,-82.0800
323.0330,-117.0800
323.1640,700.9200
323.2940,-193.0800
323.4250,-206.0800
323.5560,-203.0800
323.6860,-84.0800
323.8170,297.9200
323.9480,-45.0800
324.0780,-141.0800
324.2090,135.9200
324.3400,-171.0800
324.4700,194.9200
324.6010,-220.0800
324.7320,-76.0800
324.8620,30.9200
324.9930,-221.0800
325.1240,-414.0800
325.2540,-96.0800
325.3850,-99.0800
325.5160,522.9200
325.6460,355.9200
325.7770,-151.0800
325.9080,-180.0800
326.0380,51.9200
326.1690,-156.0800
326.2990,-51.0800
326.4300,80.9200
326.5610,-133.0800
326.6910,-165.0800
326.8220,-283.0800
326.9520,-210.0800
327.0830,-71.0800
327.2140,-258.0800
327.3440,-73.0800
327.4750,-20.0800
327.6050,-65.0800
327.7360,-150.0800
327.8670,-286.0800
327.9970,-157.0800
328.1280,-66.0800
328.2580,-338.0800
328.3890,222.9200
328.5190,-292.0800
328.6500,26.9200
328.7800,-210.0800
328.9110,-37.0800
329.0410,81.9200
329.1720,-351.0800
329.3030,-216.0800
329.4330,-176.0800
329.5640,-260.0800
329.6940,-238.0800
329.8250,-207.0800
329.9550,-51.0800
330.0860,410.9200
330.2160,-164.0800
330.3470,-280.0800
330.4770,-123.0800
330.6080,-118.0800
330.7380,-129.0800
330.8680,-305.0800
330.9990,-170.0800
331.1290,104.9200
331.2600,-238.0800
331.3900,-197.0800
331.5210,145.9200
331.6510,35.9200
331.7820,-338.0800
331.9120,-271.0800
332.0430,-239.0800
332.1730,41.9200
332.3030,-322.0800
332.4340,90.9200
332.5640,-18.0800
332.6950,-211.0800
332.8250,-325.0800
332.9560,-187.0800
333.0860,-122.0800
333.2160,-257.0800
333.3470,-66.0800
333.4770,-406.0800
333.6080,-84.0800
333.7380,14.9200
333.8680,-144.0800
333.9990,-81.0800
334.1290,78.9200
334.2590,-54.0800
334.3900,-215.0800
334.5200,53.9200
334.6500,-175.0800
334.7810,114.9200
334.9110,-205.0800
335.0420,-250.0800
335.1720,-46.0800
335.3020,-114.0800
335.4330,281.9200
335.5630,-255.0800
335.6930,1.9200
335.8240,240.9200
335.9540,-369.0800
336.0840,-22.0800
336.2140,-36.0800
336.3450,311.9200
336.4750,39.9200
336.6050,-256.0800
336.7360,273.9200
336.8660,-97.0800
336.9960,-151.0800
337.1260,-266.0800
337.2570,-87.0800
337.3870,-342.0800
337.5170,-231.0800
337.6480,-326.0800
337.7780,146.9200
337.9080,93.9200
338.0380,20.9200
338.1690,-144.0800
338.2990,205.9200
338.4290,-50.0800
338.5590,-249.0800
338.6900,-179.0800
338.8200,379.9200
338.9500,-28.0800
339.0800,-444.0800
339.2100,-281.0800
339.3410,-124.0800
339.4710,22.9200
339.6010,-110.0800
339.7310,-78.0800
339.8610,-175.0800
339.9920,-131.0800
340.1220,-132.0800
340.2520,-201.0800
340.3820,-199.0800
340.5120,-90.0800
340.6420,169.9200
340.7730,-70.0800
340.9030,-304.0800
341.0330,-88.0800
341.1630,-36.0800
341.2930,112.9200
341.4230,-189.0800
341.5540,-305.0800
341.6840,-31.0800
341.8140,-115.0800
341.9440,-161.0800
342.0740,-84.0800
342.2040,-186.0800
342.3340,187.9200
342.4640,-280.0800
342.5950,-147.0800
342.7250,-276.0800
342.8550,-43.0800
342.9850,-185.0800
343.1150,-275.0800
343.2450,-365.0800
343.3750,3.9200
343.5050,-121.0800
343.6350,14.9200
343.7650,-209.0800
343.8950,-395.0800
344.0250,73.9200
344.1550,-291.0800
344.2860,-182.0800
344.4160,-60.0800
344.5460,110.9200
344.6760,-90.0800
344.8060,142.9200
344.9360,-77.0800
345.0660,175.9200
345.1960,-266.0800
345.3260,-312.0800
345.4560,80.9200
345.5860,-251.0800
345.7160,-277.0800
345.8460,38.9200
345.9760,-381.0800
346.1060,-82.0800
346.2360,55.9200
346.3660,24.9200
346.4960,-192.0800
346.6260,-187.0800
346.7560,-228.0800
346.8860,-205.0800
347.0160,-335.0800
347.1460,-212.0800
347.2760,-268.0800
347.4060,-204.0800
347.5360,-56.0800
347.6660,113.9200
347.7950,-248.0800
347.9250,-151.0800
348.0550,119.9200
348.1850,-157.0800
348.3150,-179.0800
348.4450,69.9200
348.5750,-201.0800
348.7050,-286.0800
348.8350,-265.0800
348.9650,-176.0800
349.0950,5.9200
349.2250,251.9200
349.3540,-259.0800
349.4840,-182.0800
349.6140,-165.0800
349.7440,-255.0800
349.8740,-261.0800
350.0040,-346.0800
350.1340,-274.0800
350.2640,-321.0800
350.3930,-295.0800
350.5230,129.9200
350.6530,-334.0800
350.7830,40.9200
350.9130,196.9200
351.0430,-234.0800
351.1730,-196.0800
351.3020,1.9200
351.4320,182.9200
351.5620,-116.0800
351.6920,-87.0800
351.8220,-184.0800
351.9510,-370.0800
352.0810,147.9200
352.2110,-138.0800
352.3410,137.9200
352.4710,119.9200
352.6000,-147.0800
352.7300,-202.0800
352.8600,-174.0800
352.9900,-33.0800
353.1200,-80.0800
353.2490,-49.0800
353.3790,-251.0800
353.5090,48.9200
353.6390,-295.0800
353.7680,-79.0800
353.8980,-229.0800
354.0280,-282.0800
354.1580,-162.0800
354.2870,-211.0800
354.4170,-324.0800
354.5470,-258.0800
354.6770,-357.0800
354.8060,-106.0800
354.9360,-5.0800
355.0660,-201.0800
355.1950,-39.0800
355.3250,-20.0800
355.4550,-254.0800
355.5840,167.9200
355.7140,-238.0800
355.8440,115.9200
355.9740,-35.0800
356.1030,-133.0800
356.2330,-145.0800
356.3630,32.9200
356.4920,-259.0800
356.6220,-307.0800
356.7520,-14.0800
356.8810,-341.0800
357.0110,50.9200
357.1400,116.9200
357.2700,-139.0800
357.4000,58.9200
357.5290,-127.0800
357.6590,102.9200
357.7890,13.9200
357.9180,-296.0800
358.0480,-338.0800
358.1770,-137.0800
358.3070,-256.0800
358.4370,-74.0800
358.5660,-265.0800
358.6960,60.9200
358.8250,131.9200
358.9550,-305.0800
359.0850,-9.0800
359.2140,-399.0800
359.3440,-90.0800
359.4730,-294.0800
359.6030,-164.0800
359.7330,-206.0800
359.8620,-319.0800
359.9920,65.9200
360.1210,-163.0800
360.2510,0.9200
360.3800,-318.0800
360.5100,93.9200
360.6390,-188.0800
360.7690,-78.0800
360.8980,107.9200
361.0280,62.9200
361.1570,-92.0800
361.2870,-59.0800
361.4160,-248.0800
361.5460,-164.0800
361.6750,-160.0800
361.8050,-164.0800
361.9340,5.9200
362.0640,-169.0800
362.1930,-213.0800
362.3230,-267.0800
362.4520,96.9200
362.5820,-270.0800
362.7110,-144.0800
362.8410,41.9200
362.9700,-23.0800
363.1000,-276.0800
363.2290,-292.0800
363.3590,-160.0800
363.4880,-234.0800
363.6170,-103.0800
363.7470,-101.0800
363.8760,-362.0800
364.0060,-14.0800
364.1350,-124.0800
364.2650,-132.0800
364.3940,-182.0800
364.5230,257.9200
364.6530,-252.0800
364.7820,-25.0800
364.9120,-268.0800
365.0410,-291.0800
365.1700,-251.0800
365.3000,1.9200
365.4290,173.9200
365.5580,-176.0800
365.6880,-237.0800
365.8170,-273.0800
365.9470,-74.0800
366.0760,-48.0800
366.2050,-87.0800
366.3350,-358.0800
366.4640,-222.0800
366.5930,87.9200
366.7230,-150.0800
366.8520,-158.0800
366.9810,-98.0800
367.1110,-258.0800
367.2400,-165.0800
367.3690,-136.0800
367.4990,498.9200
367.6280,137.9200
367.7570,-180.0800
367.8860,-53.0800
368.0160,77.9200
368.1450,-111.0800
368.2740,-75.0800
368.4040,-300.0800
368.5330,-122.0800
368.6620,11.9200
368.7910,-219.0800
368.9210,-371.0800
369.0500,156.9200
369.1790,-69.0800
369.3080,301.9200
369.4380,-344.0800
369.5670,-377.0800
369.6960,-141.0800
369.8250,-3.0800
369.9550,-210.0800
370.0840,-32.0800
370.2130,-126.0800
370.3420,-315.0800
370.4720,-309.0800
370.6010,420.9200
370.7300,26.9200
370.8590,-411.0800
370.9880,-158.0800
371.1180,-292.0800
371.2470,5.9200
371.3760,76.9200
371.5050,-94.0800
371.6340,-21.0800
371.7630,-121.0800
371.8930,-241.0800
372.0220,-183.0800
372.1510,-279.0800
372.2800,-333.0800
372.4090,-386.0800
372.5380,-191.0800
372.6670,-53.0800
372.7970,124.9200
372.9260,-357.0800
373.0550,-52.0800
373.1840,-127.0800
373.3130,-253.0800
373.4420,-66.0800
373.5710,-244.0800
373.7000,-153.0800
373.8300,-60.0800
373.9590,-413.0800
374.0880,-146.0800
374.2170,121.9200
374.3460,-178.0800
374.4750,-375.0800
374.6040,-240.0800
374.7330,276.9200
374.8620,-133.0800
374.9910,-251.0800
375.1200,-80.0800
375.2490,-56.0800
375.3780,-260.0800
375.5080,-312.0800
375.6370,-325.0800
375.7660,63.9200
375.8950,-190.0800
376.0240,132.9200
376.1530,-264.0800
376.2820,-116.0800
376.4110,-239.0800
376.5400,-440.0800
376.6690,-55.0800
376.7980,-177.0800
376.9270,-271.0800
377.0560,82.9200
377.1850,-78.0800
377.3140,59.9200
377.4430,237.9200
377.5720,-274.0800
377.7010,-302.0800
377.8300,147.9200
377.9590,7.9200
378.0880,1681.9200
378.2170,119.9200
378.3460,-207.0800
378.4740,-355.0800
378.6030,-264.0800
378.7320,-48.0800
378.8610,-203.0800
378.9900,-281.0800
379.1190,-389.0800
379.2480,-95.0800
379.3770,-198.0800
379.5060,-175.0800
379.6350,101.9200
379.7640,-70.0800
379.8930,-273.0800
380.0220,-305.0800
380.1500,-100.0800
380.2790,-357.0800
380.4080,-248.0800
380.5370,-165.0800
380.6660,-2.0800
380.7950,-76.0800
380.9240,-160.0800
381.0530,-294.0800
381.1810,-80.0800
381.3100,746.9200
381.4390,-266.0800
381.5680,-178.0800
381.6970,-192.0800
381.8260,-144.0800
381.9550,-256.0800
382.0830,-118.0800
382.2120,-331.0800
382.3410,1.9200
382.4700,-268.0800
382.5990,-144.0800
382.7270,219.9200
382.8560,-14.0800
382.9850,-28.0800
383.1140,-198.0800
383.2430,-214.0800
383.3710,-121.0800
383.5000,-260.0800
383.6290,-286.0800
383.7580,-266.0800
383.8870,-417.0800
384.0150,-71.0800
384.1440,-279.0800
384.2730,-100.0800
384.4020,-27.0800
384.5300,-261.0800
384.6590,-269.0800
384.7880,-309.0800
384.9170,-253.0800
385.0450,-149.0800
385.1740,-120.0800
385.3030,-359.0800
385.4320,28.9200
385.5600,-125.0800
385.6890,-168.0800
385.8180,-70.0800
385.9460,-52.0800
386.0750,-240.0800
386.2040,-272.0800
386.3320,-144.0800
386.4610,37.9200
386.5900,21.9200
386.7180,-313.0800
386.8470,-170.0800
386.9760,-201.0800
387.1040,-367.0800
387.2330,-313.0800
387.3620,-95.0800
387.4900,-90.0800
387.6190,-280.0800
387.7480,-147.0800
387.8760,141.9200
388.0050,-109.0800
388.1340,76.9200
388.2620,-345.0800
388.3910,-248.0800
388.5200,-52.0800
388.6480,-301.0800
388.7770,73.9200
388.9050,-245.0800
389.0340,-160.0800
389.1630,-222.0800
389.2910,-129.0800
389.4200,-0.0800
389.5480,83.9200
389.6770,-135.0800
389.8050,-102.0800
389.9340,-36.0800
390.0630,-304.0800
390.1910,-343.0800
390.3200,-218.0800
390.4480,-121.0800
390.5770,-270.0800
390.7050,-305.0800
390.8340,-132.0800
390.9620,-317.0800
391.0910,-271.0800
391.2200,79.9200
391.3480,148.9200
391.4770,-45.0800
391.6050,-357.0800
391.7340,-209.0800
391.8620,-243.0800
391.9910,-273.0800
392.1190,-278.0800
392.2480,-151.0800
392.3760,-125.0800
392.5050,-164.0800
392.6330,-207.0800
392.7620,287.9200
392.8900,-289.0800
393.0180,48.9200
393.1470,-176.0800
393.2750,-350.0800
393.4040,-289.0800
393.5320,-217.0800
393.6610,-108.0800
393.7890,-83.0800
393.9180,-101.0800
394.0460,-130.0800
394.1740,-142.0800
394.3030,-351.0800
394.4310,-217.0800
394.5600,-5.0800
394.6880,-373.0800
394.8170,-391.0800
394.9450,96.9200
395.0730,22.9200
395.2020,-74.0800
395.3300,-160.0800
395.4590,-183.0800
395.5870,104.9200
395.7150,64.9200
395.8440,-98.0800
395.9720,-410.0800
396.1000,79.9200
396.2290,-246.0800
396.3570,-66.0800
396.4850,-194.0800
396.6140,-258.0800
396.7420,72.9200
396.8700,-101.0800
396.9990,-21.0800
397.1270,-314.0800
397.2550,-40.0800
397.3840,91.9200
397.5120,-380.0800
397.6400,-288.0800
397.7690,-161.0800
397.8970,-55.0800
398.0250,-168.0800
398.1540,-95.0800
398.2820,176.9200
398.4100,-100.0800
398.5380,-88.0800
398.6670,-252.0800
398.7950,-220.0800
398.9230,4.9200
399.0520,-184.0800
399.1800,-191.0800
399.3080,-143.0800
399.4360,171.9200
399.5650,-313.0800
399.6930,-73.0800
399.8210,-125.0800
399.9490,-183.0800
400.0780,285.9200
400.2060,-308.0800
400.3340,-307.0800
400.4620,-173.0800
400.5900,-351.0800
400.7190,-202.0800
400.8470,-282.0800
400.9750,-40.0800
401.1030,-235.0800
401.2310,-75.0800
401.3600,-128.0800
401.4880,-21.0800
401.6160,-194.0800
401.7440,-160.0800
401.8720,-228.0800
402.0000,-6.0800
402.1290,-200.0800
402.2570,-279.0800
402.3850,-171.0800
402.5130,-129.0800
402.6410,-177.0800
402.7690,-132.0800
402.8970,-254.0800
403.0260,-361.0800
403.1540,-382.0800
403.2820,-321.0800
403.4100,-201.0800
403.5380,132.9200
403.6660,-336.0800
403.7940,-195.0800
403.9220,-92.0800
404.0500,-88.0800
404.1790,-115.0800
404.3070,-85.0800
404.4350,-311.0800
404.5630,-280.0800
404.6910,-388.0800
404.8190,418.9200
404.9470,-294.0800
405.0750,-241.0800
405.2030,-375.0800
405.3310,-212.0800
405.4590,-292.0800
405.5870,-82.0800
405.7150,-249.0800
405.8430,-193.0800
405.9710,-96.0800
406.0990,125.9200
406.2270,-33.0800
406.3550,-142.0800
406.4830,-374.0800
406.6110,-20.0800
406.7390,-314.0800
406.8670,-290.0800
406.9950,-199.0800
407.1230,-181.0800
407.2510,-391.0800
407.3790,-320.0800
407.5070,-21.0800
407.6350,-130.0800
407.7630,-432.0800
407.8910,-431.0800
408.0190,-12.0800
408.1470,27.9200
408.2750,162.9200
408.4030,-329.0800
408.5310,-352.0800
408.6590,188.9200
408.7870,-96.0800
408.9150,-220.0800
409.0430,-233.0800
409.1710,77.9200
409.2990,-0.0800
409.4270,60.9200
409.5540,-365.0800
409.6820,293.9200
409.8100,-103.0800
409.9380,-211.0800
410.0660,23.9200
410.1940,-98.0800
410.3220,-270.0800
410.4500,-220.0800
410.5780,-382.0800
410.7050,-295.0800
410.8330,-112.0800
410.9610,85.9200
411.0890,334.9200
411.2170,-186.0800
411.3450,-189.0800
411.4730,-248.0800
411.6000,-95.0800
411.7280,-162.0800
411.8560,-336.0800
411.9840,-320.0800
412.1120,-54.0800
412.2390,-81.0800
412.3670,-191.0800
412.4950,66.9200
412.6230,-287.0800
412.7510,-5.0800
412.8780,-384.0800
413.0060,-211.0800
413.1340,61.9200
413.2620,182.9200
413.3900,-51.0800
413.5170,-113.0800
413.6450,43.9200
413.7730,-346.0800
413.9010,198.9200
414.0280,-72.0800
414.1560,-127.0800
414.2840,-264.0800
414.4120,24.9200
414.5390,-172.0800
414.6670,-229.0800
414.7950,-237.0800
414.9230,-395.0800
415.0500,-184.0800
415.1780,-57.0800
415.3060,339.9200
415.4330,-274.0800
415.5610,54.9200
415.6890,50.9200
415.8160,-272.0800
415.9440,192.9200
416.0720,-307.0800
416.2000,11.9200
416.3270,257.9200
416.4550,-272.0800
416.5830,-226.0800
416.7100,-257.0800
416.8380,135.9200
416.9660,-339.0800
417.0930,-201.0800
417.2210,48.9200
417.3480,-61.0800
417.4760,-327.0800
417.6040,-186.0800
417.7310,-162.0800
417.8590,39.9200
417.9870,-87.0800
418.1140,-252.0800
418.2420,65.9200
418.3690,-220.0800
418.4970,-347.0800
418.6250,163.9200
418.7520,-105.0800
418.8800,-320.0800
419.0070,170.9200
419.1350,-78.0800
419.2630,-214.0800
419.3900,34.9200
419.5180,38.9200
419.6450,39.9200
419.7730,581.9200
419.9000,1735.9200
420.0280,4192.9200
420.1550,4978.9200
420.2830,7060.9200
420.4100,8038.9200
420.5380,8817.9200
420.6660,9411.9200
420.7930,9708.9200
420.9210,8742.9200
421.0480,6955.9200
421.1760,4725.9200
421.3030,2391.9200
421.4310,670.9200
421.5580,-63.0800
421.6860,207.9200
421.8130,81.9200
421.9410,-180.0800
422.0680,-58.0800
422.1950,93.9200
422.3230,83.9200
422.4500,-368.0800
422.5780,-92.0800
422.7050,-252.0800
422.8330,-155.0800
422.9600,-285.0800
423.0880,-18.0800
423.2150,378.9200
423.3430,321.9200
423.4700,-73.0800
423.5970,221.9200
423.7250,-111.0800
423.8520,-144.0800
423.9800,-96.0800
424.1070,-385.0800
424.2340,-144.0800
424.3620,-204.0800
424.4890,-230.0800
424.6170,507.9200
424.7440,-83.0800
424.8710,-332.0800
424.9990,-107.0800
425.1260,85.9200
425.2530,-14.0800
425.3810,-216.0800
425.5080,-312.0800
425.6360,24.9200
425.7630,-223.0800
425.8900,-223.0800
426.0180,-363.0800
426.1450,-156.0800
426.2720,-61.0800
426.4000,38.9200
426.5270,83.9200
426.6540,-287.0800
426.7810,-73.0800
426.9090,-103.0800
427.0360,-104.0800
427.1630,-362.0800
427.2910,-281.0800
427.4180,-184.0800
427.5450,-121.0800
427.6730,-332.0800
427.8000,-385.0800
427.9270,-285.0800
428.0540,-82.0800
428.1820,-169.0800
428.3090,-198.0800
428.4360,-231.0800
428.5630,-334.0800
428.6910,-82.0800
428.8180,-215.0800
428.9450,-1.0800
429.0720,-346.0800
429.2000,-78.0800
429.3270,-66.0800
429.4540,31.9200
429.5810,-121.0800
429.7080,-397.0800
429.8360,-251.0800
429.9630,-195.0800
430.0900,-212.0800
430.2170,-243.0800
430.3440,-323.0800
430.4720,-309.0800
430.5990,-9.0800
430.7260,-221.0800
430.8530,-147.0800
430.9800,-13.0800
431.1070,-281.0800
431.2350,-124.0800
431.3620,-40.0800
431.4890,-150.0800
431.6160,238.9200
431.7430,93.9200
431.8700,-363.0800
431.9970,-172.0800
432.1250,-116.0800
432.2520,-434.0800
432.3790,-188.0800
432.5060,-40.0800
432.6330,-259.0800
432.7600,-135.0800
432.8870,99.9200
433.0140,-192.0800
433.1410,-293.0800
433.2680,-73.0800
433.3950,-249.0800
433.5230,-192.0800
433.6500,-178.0800
433.7770,-220.0800
433.9040,-186.0800
434.0310,-354.0800
434.1580,-99.0800
434.2850,37.9200
434.4120,-366.0800
434.5390,-141.0800
434.6660,-321.0800
434.7930,-279.0800
434.9200,-320.0800
435.0470,-30.0800
435.1740,-179.0800
435.3010,7.9200
435.4280,241.9200
435.5550,162.9200
435.6820,-93.0800
435.8090,-331.0800
435.9360,107.9200
436.0630,-245.0800
436.1900,94.9200
436.3170,-268.0800
436.4440,25.9200
436.5710,-272.0800
436.6980,-16.0800
436.8250,89.9200
436.9520,-28.0800
437.0790,-79.0800
437.2060,-7.0800
437.3330,-284.0800
437.4600,-179.0800
437.5870,-136.0800
437.7140,-309.0800
437.8400,-159.0800
437.9670,-363.0800
438.0940,-365.0800
438.2210,54.9200
438.3480,-153.0800
438.4750,8017.9200
438.6020,-318.0800
438.7290,-418.0800
438.8560,-261.0800
438.9830,-314.0800
439.1090,-42.0800
439.2360,41.9200
439.3630,-434.0800
439.4900,-263.0800
439.6170,-139.0800
439.7440,-264.0800
439.8710,417.9200
439.9970,-252.0800
440.1240,-78.0800
440.2510,-87.0800
440.3780,-238.0800
440.5050,-196.0800
440.6320,57.9200
440.7580,140.9200
440.8850,263.9200
441.0120,-278.0800
441.1390,31.9200
441.2660,-314.0800
441.3920,-218.0800
441.5190,-295.0800
441.6460,-360.0800
441.7730,-77.0800
441.9000,236.9200
442.0260,-215.0800
442.1530,-82.0800
442.2800,-79.0800
442.4070,-286.0800
442.5330,46.9200
442.6600,-47.0800
442.7870,-91.0800
442.9140,-299.0800
443.0400,-230.0800
443.1670,-149.0800
443.2940,-131.0800
443.4210,-106.0800
443.5470,-308.0800
443.6740,-154.0800
443.8010,-62.0800
443.9270,54.9200
444.0540,384.9200
444.1810,68.9200
444.3070,62.9200
444.4340,-47.0800
444.5610,-319.0800
444.6880,-368.0800
444.8140,22.9200
444.9410,-193.0800
445.0680,-334.0800
445.1940,220.9200
445.3210,-273.0800
445.4470,169.9200
445.5740,-364.0800
445.7010,-369.0800
445.8270,-196.0800
445.9540,-396.0800
446.0810,1.9200
446.2070,-292.0800
446.3340,-146.0800
446.4610,-210.0800
446.5870,-408.0800
446.7140,-0.0800
446.8400,40.9200
446.9670,-248.0800
447.0940,-177.0800
447.2200,67.9200
447.3470,-165.0800
447.4730,-266.0800
447.6000,-107.0800
447.7260,-393.0800
447.8530,-100.0800
447.9800,-138.0800
448.1060,-45.0800
448.2330,-122.0800
448.3590,-256.0800
448.4860,-72.0800
448.6120,-249.0800
448.7390,-69.0800
448.8650,94.9200
448.9920,206.9200
449.1180,-213.0800
449.2450,-327.0800
449.3710,-302.0800
449.4980,-160.0800
449.6240,-14.0800
449.7510,-114.0800
449.8770,-261.0800
450.0040,-140.0800
450.1300,-132.0800
450.2570,-301.0800
450.3830,-143.0800
450.5100,-392.0800
450.6360,-256.0800
450.7630,-215.0800
450.8890,-258.0800
451.0160,-430.0800
451.1420,-66.0800
451.2690,-272.0800
451.3950,242.9200
451.5210,-177.0800
451.6480,-279.0800
451.7740,-124.0800
451.9010,-382.0800
452.0270,-174.0800
452.1540,53.9200
452.2800,-190.0800
452.4060,-265.0800
452.5330,-258.0800
452.6590,-348.0800
452.7850,-193.0800
452.9120,-311.0800
453.0380,-320.0800
453.1650,-53.0800
453.2910,108.9200
453.4170,135.9200
453.5440,-336.0800
453.6700,-202.0800
453.7960,97.9200
453.9230,-348.0800
454.0490,-239.0800
454.1750,-287.0800
454.3020,-264.0800
454.4280,-26.0800
454.5540,-103.0800
454.6810,-267.0800
454.8070,-297.0800
454.9330,266.9200
455.0600,-96.0800
455.1860,-171.0800
455.3120,62.9200
455.4390,38.9200
455.5650,-334.0800
455.6910,-316.0800
455.8170,1.9200
455.9440,71.9200
456.0700,-179.0800
456.1960,-69.0800
456.3220,-407.0800
456.4490,-370.0800
456.5750,-132.0800
456.7010,-238.0800
456.8270,-278.0800
456.9540,-333.0800
457.0800,-305.0800
457.2060,-437.0800
457.3320,-144.0800
457.4590,-365.0800
457.5850,-294.0800
457.7110,-263.0800
457.8370,-16.0800
457.9630,-104.0800
458.0900,-288.0800
458.2160,-353.0800
458.3420,-165.0800
458.4680,-230.0800
458.5940,-174.0800
458.7210,-128.0800
458.8470,-100.0800
458.9730,-357.0800
459.0990,-210.0800
459.2250,-192.0800
459.3510,-223.0800
459.4770,-84.0800
459.6040,-312.0800
459.7300,-219.0800
459.8560,-302.0800
459.9820,-138.0800
460.1080,-439.0800
460.2340,-446.0800
460.3600,-181.0800
460.4860,-42.0800
460.6130,-296.0800
460.7390,53.9200
460.8650,-251.0800
460.9910,234.9200
461.1170,154.9200
461.2430,-319.0800
461.3690,-350.0800
461.4950,-236.0800
461.6210,-147.0800
461.7470,-75.0800
461.8730,-58.0800
461.9990,-304.0800
462.1250,-180.0800
462.2520,42.9200
462.3780,-84.0800
462.5040,-49.0800
462.6300,-88.0800
462.7560,-349.0800
462.8820,-238.0800
463.0080,-210.0800
463.1340,91.9200
463.2600,-376.0800
463.3860,-207.0800
463.5120,-106.0800
463.6380,-256.0800
463.7640,-327.0800
463.8900,-190.0800
464.0160,46.9200
464.1420,-52.0800
464.2680,-322.0800
464.3940,-214.0800
464.5200,-351.0800
464.6450,-104.0800
464.7710,22.9200
464.8970,-246.0800
465.0230,-259.0800
465.1490,-80.0800
465.2750,-360.0800
465.4010,-320.0800
465.5270,105.9200
465.6530,-144.0800
465.7790,38.9200
465.9050,-349.0800
466.0310,-124.0800
466.1570,-269.0800
466.2820,-222.0800
466.4080,-258.0800
466.5340,-153.0800
466.6600,-407.0800
466.7860,-186.0800
466.9120,-104.0800
467.0380,-174.0800
467.1640,-173.0800
467.2890,-231.0800
467.4150,-170.0800
467.5410,-148.0800
467.6670,-187.0800
467.7930,-219.0800
467.9190,-62.0800
468.0450,137.9200
468.1700,-297.0800
468.2960,-180.0800
468.4220,-198.0800
468.5480,32.9200
468.6740,-385.0800
468.7990,-278.0800
468.9250,-248.0800
469.0510,-324.0800
469.1770,-407.0800
469.3030,-389.0800
469.4280,-46.0800
469.5540,-279.0800
469.6800,-261.0800
469.8060,-82.0800
469.9310,-128.0800
470.0570,334.9200
470.1830,-466.0800
470.3090,-222.0800
470.4340,138.9200
470.5600,-170.0800
470.6860,-134.0800
470.8120,-167.0800
470.9370,-332.0800
471.0630,-276.0800
471.1890,-67.0800
471.3150,44.9200
471.4400,-155.0800
471.5660,-177.0800
471.6920,48.9200
471.8170,-290.0800
471.9430,-143.0800
472.0690,-39.0800
472.1940,-221.0800
472.3200,-257.0800
472.4460,-32.0800
472.5710,-306.0800
472.6970,-281.0800
472.8230,-107.0800
472.9480,-329.0800
473.0740,-125.0800
473.2000,-208.0800
473.3250,-324.0800
473.4510,-195.0800
473.5770,-219.0800
473.7020,-422.0800
473.8280,-224.0800
473.9530,-379.0800
474.0790,-135.0800
474.2050,-356.0800
474.3300,-327.0800
474.4560,-264.0800
474.5810,204.9200
474.7070,-149.0800
474.8330,-261.0800
474.9580,-66.0800
475.0840,-1.0800
475.2090,-254.0800
475.3350,-295.0800
475.4600,-109.0800
475.5860,-199.0800
475.7120,-81.0800
475.8370,-209.0800
475.9630,-217.0800
476.0880,-376.0800
476.2140,-285.0800
476.3390,-255.0800
476.4650,-241.0800
476.5900,-343.0800
476.7160,119.9200
476.8410,-326.0800
476.9670,218.9200
477.0920,-214.0800
477.2180,-108.0800
477.3430,-309.0800
477.4690,252.9200
477.5940,-272.0800
477.7200,-311.0800
477.8450,-120.0800
477.9710,-240.0800
478.0960,-130.0800
478.2220,-232.0800
478.3470,3308.9200
478.4720,-10.0800
478.5980,-268.0800
478.7230,-257.0800
478.8490,12.9200
478.9740,-93.0800
479.1000,-300.0800
479.2250,-135.0800
479.3500,-258.0800
479.4760,-60.0800
479.6010,-299.0800
479.7270,38.9200
479.8520,-254.0800
479.9770,-142.0800
480.1030,-167.0800
480.2280,176.9200
480.3540,-187.0800
480.4790,75.9200
480.6040,-251.0800
480.7300,-271.0800
480.8550,-426.0800
480.9800,64.9200
481.1060,-373.0800
481.2310,-368.0800
481.3560,-307.0800
481.4820,-413.0800
481.6070,-322.0800
481.7320,-501.0800
481.8580,-238.0800
481.9830,-313.0800
482.1080,-278.0800
482.2340,-406.0800
482.3590,-238.0800
482.4840,119.9200
482.6100,-289.0800
482.7350,-172.0800
482.8600,-385.0800
482.9850,-212.0800
483.1110,-188.0800
483.2360,-77.0800
483.3610,-262.0800
483.4860,-305.0800
483.6120,24.9200
483.7370,-428.0800
483.8620,-203.0800
483.9870,-88.0800
484.1130,-424.0800
484.2380,-39.0800
484.3630,-359.0800
484.4880,-247.0800
484.6140,-35.0800
484.7390,-217.0800
484.8640,78.9200
484.9890,441.9200
485.1140,-98.0800
485.2400,-175.0800
485.3650,-244.0800
485.4900,-399.0800
485.6150,2.9200
485.7400,-194.0800
485.8650,-106.0800
485.9910,-124.0800
486.1160,-93.0800
486.2410,-350.0800
486.3660,-326.0800
486.4910,-53.0800
486.6160,-280.0800
486.7420,-232.0800
486.8670,-180.0800
486.9920,-327.0800
487.1170,-302.0800
487.2420,-307.0800
487.3670,-446.0800
487.4920,-199.0800
487.6170,-23.0800
487.7420,-140.0800
487.8680,-298.0800
487.9930,-49.0800
488.1180,-113.0800
488.2430,-115.0800
488.3680,-288.0800
488.4930,-409.0800
488.6180,-253.0800
488.7430,-260.0800
488.8680,-312.0800
488.9930,-205.0800
489.1180,-4.0800
489.2430,-153.0800
489.3680,-249.0800
489.4930,-8.0800
489.6180,-170.0800
489.7430,-329.0800
489.8680,-168.0800
489.9930,-255.0800
490.1180,-419.0800
490.2430,362.9200
490.3680,-213.0800
490.4930,-37.0800
490.6180,18.9200
490.7430,-410.0800
490.8680,-134.0800
490.9930,-166.0800
491.1180,-31.0800
491.2430,-321.0800
491.3680,-155.0800
491.4930,-15.0800
491.6180,-164.0800
491.7430,-209.0800
491.8680,-263.0800
491.9930,-202.0800
492.1180,-303.0800
492.2430,-114.0800
492.3680,-79.0800
492.4930,-291.0800
492.6180,143.9200
492.7430,-263.0800
492.8670,10.9200
492.9920,-156.0800
493.1170,-14.0800
493.2420,-258.0800
493.3670,-203.0800
493.4920,28.9200
493.6170,-267.0800
493.7420,90.9200
493.8670,-237.0800
493.9910,-398.0800
494.1160,-163.0800
494.2410,-138.0800
494.3660,-226.0800
494.4910,-68.0800
494.6160,46.9200
494.7400,-281.0800
494.8650,-361.0800
494.9900,-251.0800
495.1150,-230.0800
495.2400,-135.0800
495.3650,-247.0800
495.4890,-207.0800
495.6140,-109.0800
495.7390,-234.0800
495.8640,-263.0800
495.9890,-395.0800
496.1130,-7.0800
496.2380,-102.0800
496.3630,-249.0800
496.4880,-350.0800
496.6120,9.9200
496.7370,-297.0800
496.8620,-221.0800
496.9870,-240.0800
497.1110,-325.0800
497.2360,-306.0800
497.3610,-305.0800
497.4860,84.9200
497.6100,10.9200
497.7350,-183.0800
497.8600,-81.0800
497.9840,-103.0800
498.1090,-402.0800
498.2340,-282.0800
498.3590,-225.0800
498.4830,-163.0800
498.6080,-146.0800
498.7330,-235.0800
498.8570,-328.0800
498.9820,-158.0800
499.1070,-398.0800
499.2310,-169.0800
499.3560,-236.0800
499.4810,86.9200
499.6050,-487.0800
499.7300,-376.0800
499.8550,-0.0800
499.9790,-301.0800
500.1040,-174.0800
500.2280,121.9200
500.3530,-219.0800
500.4780,-329.0800
500.6020,-125.0800
500.7270,100.9200
500.8520,-75.0800
500.9760,-456.0800
501.1010,-221.0800
501.2250,174.9200
501.3500,-352.0800
501.4740,-277.0800
501.5990,-10.0800
501.7240,-210.0800
501.8480,-193.0800
501.9730,132.9200
502.0970,-350.0800
502.2220,-411.0800
502.3460,-52.0800
502.4710,-157.0800
502.5950,-285.0800
502.7200,-332.0800
502.8440,-341.0800
502.9690,-219.0800
503.0940,143.9200
503.2180,-396.0800
503.3430,-291.0800
503.4670,-300.0800
503.5920,-253.0800
503.7160,-250.0800
503.8410,-112.0800
503.9650,178.9200
504.0890,-201.0800
504.2140,-340.0800
504.3380,-235.0800
504.4630,2.9200
504.5870,-121.0800
504.7120,-184.0800
504.8360,-186.0800
504.9610,266.9200
505.0850,100.9200
505.2100,-296.0800
505.3340,-273.0800
505.4580,229.9200
505.5830,-365.0800
505.7070,-88.0800
505.8320,-249.0800
505.9560,-132.0800
506.0800,-306.0800
506.2050,-226.0800
506.3290,108.9200
506.4540,-357.0800
506.5780,-179.0800
506.7020,-294.0800
506.8270,96.9200
506.9510,-60.0800
507.0760,-168.0800
507.2000,-336.0800
507.3240,-21.0800
507.4490,72.9200
507.5730,-170.0800
507.6970,-248.0800
507.8220,-179.0800
507.9460,-191.0800
508.0700,-399.0800
508.1950,-203.0800
508.3190,-224.0800
508.4430,-117.0800
508.5670,-406.0800
508.6920,-331.0800
508.8160,-332.0800
508.9400,-198.0800
509.0650,-438.0800
509.1890,-64.0800
509.3130,-67.0800
509.4370,-5.0800
509.5620,-226.0800
509.6860,-152.0800
509.8100,-230.0800
509.9350,-106.0800
510.0590,38.9200
510.1830,-309.0800
510.3070,-370.0800
510.4310,-31.0800
510.5560,-194.0800
510.6800,-279.0800
510.8040,-428.0800
510.9280,-212.0800
511.0530,-387.0800
511.1770,-357.0800
511.3010,-183.0800
511.4250,-239.0800
511.5490,-142.0800
511.6740,-133.0800
511.7980,-173.0800
511.9220,-83.0800
512.0460,142.9200
512.1700,-203.0800
512.2940,-341.0800
512.4190,-115.0800
512.5430,-60.0800
512.6670,-214.0800
512.7910,-297.0800
512.9150,-108.0800
513.0390,-197.0800
513.1630,-83.0800
513.2880,132.9200
513.4120,-237.0800
513.5360,39.9200
513.6600,-308.0800
513.7840,-193.0800
513.9080,-135.0800
514.0320,-156.0800
514.1560,-17.0800
514.2800,-49.0800
514.4040,-182.0800
514.5280,-193.0800
514.6530,-73.0800
514.7770,-0.0800
514.9010,-58.0800
515.0250,108.9200
515.1490,-247.0800
515.2730,-98.0800
515.3970,-216.0800
515.5210,-191.0800
515.6450,-210.0800
515.7690,-310.0800
515.8930,-260.0800
516.0170,-263.0800
516.1410,-414.0800
516.2650,-251.0800
516.3890,-265.0800
516.5130,-173.0800
516.6370,-290.0800
516.7610,-463.0800
516.8850,-282.0800
517.0090,-222.0800
517.1330,-98.0800
517.2570,-239.0800
517.3810,-13.0800
517.5050,-10.0800
517.6290,107.9200
517.7530,-248.0800
517.8770,-353.0800
518.0010,-240.0800
518.1250,-214.0800
518.2480,-65.0800
518.3720,-144.0800
518.4960,-395.0800
518.6200,-109.0800
518.7440,-176.0800
518.8680,-124.0800
518.9920,-139.0800
519.1160,-336.0800
519.2400,412.9200
519.3640,21.9200
519.4880,-179.0800
519.6110,-403.0800
519.7350,-213.0800
519.8590,-215.0800
519.9830,-28.0800
520.1070,-249.0800
520.2310,24.9200
520.3550,-143.0800
520.4780,-293.0800
520.6020,-312.0800
520.7260,45.9200
520.8500,-221.0800
520.9740,14.9200
521.0980,-266.0800
521.2210,-338.0800
521.3450,42.9200
521.4690,-287.0800
521.5930,-199.0800
521.7170,45.9200
521.8400,-162.0800
521.9640,-275.0800
522.0880,-246.0800
522.2120,-222.0800
522.3350,-416.0800
522.4590,-296.0800
522.5830,179.9200
522.7070,-337.0800
522.8300,-438.0800
522.9540,-310.0800
523.0780,-274.0800
523.2020,-6.0800
523.3250,-265.0800
523.4490,-143.0800
523.5730,-170.0800
523.6970,-308.0800
523.8200,-176.0800
523.9440,-228.0800
524.0680,-203.0800
524.1910,-227.0800
524.3150,-407.0800
524.4390,-153.0800
524.5620,-51.0800
524.6860,-265.0800
524.8100,-313.0800
524.9330,-266.0800
525.0570,-243.0800
525.1810,-115.0800
525.3040,-356.0800
525.4280,117.9200
525.5520,-366.0800
525.6750,-168.0800
525.7990,-300.0800
525.9230,-128.0800
526.0460,-70.0800
526.1700,-420.0800
526.2930,-348.0800
526.4170,-127.0800
526.5410,-32.0800
526.6640,-241.0800
526.7880,-224.0800
526.9110,-57.0800
527.0350,-356.0800
527.1590,-270.0800
527.2820,-258.0800
527.4060,-292.0800
527.5290,-56.0800
527.6530,-368.0800
527.7760,-122.0800
527.9000,-272.0800
528.0240,-303.0800
528.1470,-233.0800
528.2710,2.9200
528.3940,20.9200
528.5180,-7.0800
528.6410,-351.0800
528.7650,-149.0800
528.8880,-155.0800
529.0120,-106.0800
529.1350,-241.0800
529.2590,68.9200
529.3820,-219.0800
529.5060,-325.0800
529.6290,-114.0800
529.7530,-379.0800
529.8760,136.9200
530.0000,42.9200
530.1230,-142.0800
530.2470,-317.0800
530.3700,-259.0800
530.4930,-173.0800
530.6170,-341.0800
530.7400,25.9200
530.8640,-70.0800
530.9870,-387.0800
531.1110,-92.0800
531.2340,-294.0800
531.3570,17.9200
531.4810,-5.0800
531.6040,35.9200
531.7280,-393.0800
531.8510,-108.0800
531.9740,-110.0800
532.0980,-245.0800
532.2210,-271.0800
532.3450,-226.0800
532.4680,-360.0800
532.5910,116.9200
532.7150,-178.0800
532.8380,-226.0800
532.9610,-201.0800
533.0850,-292.0800
533.2080,-140.0800
533.3310,-392.0800
533.4550,9.9200
533.5780,-216.0800
533.7010,-118.0800
533.8250,53.9200
533.9480,-276.0800
534.0710,-225.0800
534.1950,-73.0800
534.3180,-325.0800
534.4410,-247.0800
534.5640,-57.0800
534.6880,-254.0800
534.8110,-21.0800
534.9340,-200.0800
535.0580,-132.0800
535.1810,66.9200
535.3040,-18.0800
535.4270,-286.0800
535.5510,-377.0800
535.6740,-221.0800
535.7970,-85.0800
535.9200,-23.0800
536.0430,-373.0800
536.1670,-336.0800
536.2900,-75.0800
536.4130,-109.0800
536.5360,-332.0800
536.6600,-265.0800
536.7830,-89.0800
536.9060,-170.0800
537.0290,-286.0800
537.1520,-253.0800
537.2750,-194.0800
537.3990,99.9200
537.5220,-440.0800
537.6450,-231.0800
537.7680,-233.0800
537.8910,-136.0800
538.0140,-200.0800
538.1380,-291.0800
538.2610,-236.0800
538.3840,-165.0800
538.5070,-366.0800
538.6300,-243.0800
538.7530,126.9200
538.8760,-106.0800
538.9990,-339.0800
539.1230,-78.0800
539.2460,189.9200
539.3690,220.9200
539.4920,-265.0800
539.6150,-339.0800
539.7380,216.9200
539.8610,-243.0800
539.9840,-160.0800
540.1070,-123.0800
540.2300,-237.0800
540.3530,-292.0800
540.4760,-484.0800
540.5990,-91.0800
540.7220,-344.0800
540.8460,-154.0800
540.9690,-410.0800
541.0920,-152.0800
541.2150,-340.0800
541.3380,-124.0800
541.4610,-338.0800
541.5840,-172.0800
541.7070,-183.0800
541.8300,-265.0800
541.9530,-149.0800
542.0760,-118.0800
542.1990,-153.0800
542.3220,55.9200
542.4450,138.9200
542.5670,-260.0800
542.6900,-111.0800
542.8130,-242.0800
542.9360,-86.0800
543.0590,-171.0800
543.1820,261.9200
543.3050,74.9200
543.4280,-124.0800
543.5510,-205.0800
543.6740,120.9200
543.7970,-61.0800
543.9200,-210.0800
544.0430,268.9200
544.1660,-307.0800
544.2880,-209.0800
544.4110,-102.0800
544.5340,-347.0800
544.6570,-125.0800
544.7800,-237.0800
544.9030,-66.0800
545.0260,-181.0800
545.1490,-314.0800
545.2710,-312.0800
545.3940,-256.0800
545.5170,-389.0800
545.6400,386.9200
545.7630,-238.0800
545.8860,-281.0800
546.0080,-108.0800
546.1310,-6.0800
546.2540,-177.0800
546.3770,-396.0800
546.5000,-24.0800
546.6230,-51.0800
546.7450,-338.0800
546.8680,-218.0800
546.9910,24.9200
547.1140,-157.0800
547.2360,-182.0800
547.3590,-331.0800
547.4820,-112.0800
547.6050,-296.0800
547.7280,-273.0800
547.8500,-363.0800
547.9730,-276.0800
548.0960,-204.0800
548.2190,-107.0800
548.3410,-230.0800
548.4640,-375.0800
548.5870,-183.0800
548.7090,-213.0800
548.8320,-154.0800
548.9550,246.9200
549.0780,13.9200
549.2000,-288.0800
549.3230,-221.0800
549.4460,159.9200
549.5680,-176.0800
549.6910,-81.0800
549.8140,-40.0800
549.9360,-265.0800
550.0590,-204.0800
550.1820,-342.0800
550.3040,-382.0800
550.4270,-174.0800
550.5500,-249.0800
550.6720,-267.0800
550.7950,240.9200
550.9170,-290.0800
551.0400,-209.0800
551.1630,-104.0800
551.2850,62.9200
551.4080,24.9200
551.5310,335.9200
551.6530,-336.0800
551.7760,-103.0800
551.8980,-93.0800
552.0210,-116.0800
552.1430,-209.0800
552.2660,-168.0800
552.3890,-164.0800
552.5110,-333.0800
552.6340,-375.0800
552.7560,-276.0800
552.8790,195.9200
553.0010,13.9200
553.1240,-422.0800
553.2460,-300.0800
553.3690,59.9200
553.4920,-176.0800
553.6140,19.9200
553.7370,-479.0800
553.8590,-41.0800
553.9820,11.9200
554.1040,-143.0800
554.2270,-296.0800
554.3490,-208.0800
554.4720,-202.0800
554.5940,-476.0800
554.7160,54.9200
554.8390,-51.0800
554.9610,-109.0800
555.0840,-337.0800
555.2060,-138.0800
555.3290,-392.0800
555.4510,-358.0800
555.5740,-116.0800
555.6960,-295.0800
555.8190,-144.0800
555.9410,-189.0800
556.0630,-55.0800
556.1860,-197.0800
556.3080,-96.0800
556.4310,233.9200
556.5530,-40.0800
556.6750,-293.0800
556.7980,-205.0800
556.9200,-13.0800
557.0430,-279.0800
557.1650,-383.0800
557.2870,30.9200
557.4100,-196.0800
557.5320,-152.0800
557.6540,-207.0800
557.7770,47.9200
557.8990,-146.0800
558.0210,-220.0800
558.1440,67.9200
558.2660,39.9200
558.3880,241.9200
558.5110,-253.0800
558.6330,-171.0800
558.7550,-262.0800
558.8780,-301.0800
559.0000,-27.0800
559.1220,-415.0800
559.2440,-268.0800
559.3670,-188.0800
559.4890,31.9200
559.6110,130.9200
559.7340,-183.0800
559.8560,-124.0800
559.9780,-160.0800
560.1000,-165.0800
560.2230,-167.0800
560.3450,86.9200
560.4670,-344.0800
560.5890,-211.0800
560.7120,-206.0800
560.8340,189.9200
560.9560,-348.0800
561.0780,-197.0800
561.2000,-114.0800
561.3230,67.9200
561.4450,-376.0800
561.5670,-267.0800
561.6890,-319.0800
561.8110,-39.0800
561.9340,-213.0800
562.0560,-204.0800
562.1780,-85.0800
562.3000,-200.0800
562.4220,-82.0800
562.5440,-176.0800
562.6660,28.9200
562.7890,-75.0800
562.9110,-147.0800
563.0330,-18.0800
563.1550,-12.0800
563.2770,-255.0800
563.3990,-447.0800
563.5210,-248.0800
563.6430,-316.0800
563.7660,-166.0800
563.8880,15.9200
564.0100,-130.0800
564.1320,-329.0800
564.2540,-375.0800
564.3760,65.9200
564.4980,-156.0800
564.6200,121.9200
564.7420,-152.0800
564.8640,-391.0800
564.9860,-114.0800
565.1080,258.9200
565.2300,-273.0800
565.3520,-30.0800
565.4740,-126.0800
565.5970,135.9200
565.7190,95.9200
565.8410,-344.0800
565.9630,-85.0800
566.0850,-115.0800
566.2070,-228.0800
566.3290,34.9200
566.4510,20.9200
566.5730,-212.0800
566.6950,-192.0800
566.8170,160.9200
566.9380,-364.0800
567.0600,-212.0800
567.1820,-127.0800
567.3040,-197.0800
567.4260,-358.0800
567.5480,-17.0800
567.6700,-80.0800
567.7920,-190.0800
567.9140,-289.0800
568.0360,-161.0800
568.1580,-137.0800
568.2800,-306.0800
568.4020,-58.0800
568.5240,-205.0800
568.6460,-303.0800
568.7670,-254.0800
568.8890,-3.0800
569.0110,-178.0800
569.1330,-265.0800
569.2550,-388.0800
569.3770,-337.0800
569.4990,-140.0800
569.6210,-252.0800
569.7420,227.9200
569.8640,25.9200
569.9860,291.9200
570.1080,2.9200
570.2300,-326.0800
570.3520,55.9200
570.4730,-122.0800
570.5950,-198.0800
570.7170,-364.0800
570.8390,-135.0800
570.9610,-16.0800
571.0820,-180.0800
571.2040,-277.0800
571.3260,-278.0800
571.4480,3.9200
571.5700,20.9200
571.6910,-148.0800
571.8130,-148.0800
571.9350,58.9200
572.0570,-153.0800
572.1780,-314.0800
572.3000,115.9200
572.4220,139.9200
572.5440,204.9200
572.6650,-257.0800
572.7870,-328.0800
572.9090,87.9200
573.0310,-70.0800
573.1520,-342.0800
573.2740,-38.0800
573.3960,-26.0800
573.5170,-49.0800
573.6390,-418.0800
573.7610,-282.0800
573.8820,-136.0800
574.0040,-12.0800
574.1260,-340.0800
574.2470,-22.0800
574.3690,-33.0800
574.4910,-140.0800
574.6120,-323.0800
574.7340,-162.0800
574.8560,-155.0800
574.9770,-63.0800
575.0990,-124.0800
575.2210,-147.0800
575.3420,-177.0800
575.4640,-109.0800
575.5850,-81.0800
575.7070,-307.0800
575.8290,138.9200
575.9500,58.9200
576.0720,-218.0800
576.1930,-303.0800
576.3150,-204.0800
576.4370,-181.0800
576.5580,-215.0800
576.6800,-188.0800
576.8010,237.9200
576.9230,-314.0800
577.0440,75.9200
577.1660,-407.0800
577.2870,-118.0800
577.4090,-177.0800
577.5310,-190.0800
577.6520,-50.0800
577.7740,-376.0800
577.8950,-135.0800
578.0170,-298.0800
578.1380,-256.0800
578.2600,-170.0800
578.3810,-50.0800
578.5030,-266.0800
578.6240,-272.0800
578.7460,-356.0800
578.8670,-199.0800
578.9880,-79.0800
579.1100,122.9200
579.2310,-81.0800
579.3530,-220.0800
579.4740,-193.0800
579.5960,-221.0800
579.7170,-108.0800
579.8390,-152.0800
579.9600,-441.0800
580.0810,-87.0800
580.2030,-187.0800
580.3240,-115.0800
580.4460,-44.0800
580.5670,-162.0800
580.6880,202.9200
580.8100,-320.0800
580.9310,-238.0800
581.0530,-382.0800
581.1740,-149.0800
581.2950,-214.0800
581.4170,-50.0800
581.5380,-55.0800
581.6590,-47.0800
581.7810,-163.0800
581.9020,-248.0800
582.0240,-336.0800
582.1450,-339.0800
582.2660,-269.0800
582.3880,-180.0800
582.5090,-342.0800
582.6300,-144.0800
582.7510,-241.0800
582.8730,-217.0800
582.9940,-231.0800
583.1150,-168.0800
583.2370,-99.0800
583.3580,-267.0800
583.4790,-405.0800
583.6000,35.9200
583.7220,-173.0800
583.8430,-347.0800
583.9640,56.9200
584.0860,-243.0800
584.2070,-55.0800
584.3280,-335.0800
584.4490,-63.0800
584.5700,-90.0800
584.6920,-139.0800
584.8130,848.9200
584.9340,-136.0800
585.0550,-284.0800
585.1770,-24.0800
585.2980,-138.0800
585.4190,-339.0800
585.5400,185.9200
585.6610,-60.0800
585.7830,-116.0800
585.9040,-292.0800
586.0250,83.9200
586.1460,-290.0800
586.2670,-250.0800
586.3880,-192.0800
586.5100,304.9200
586.6310,-309.0800
586.7520,-348.0800
586.8730,-227.0800
586.9940,-362.0800
587.1150,-337.0800
587.2360,-244.0800
587.3570,-388.0800
587.4790,-270.0800
587.6000,63.9200
587.7210,-228.0800
587.8420,-303.0800
587.9630,176.9200
588.0840,78.9200
588.2050,-312.0800
588.3260,-198.0800
588.4470,-140.0800
588.5680,-174.0800
588.6890,-140.0800
588.8100,-96.0800
588.9310,-187.0800
589.0520,-256.0800
589.1740,-293.0800
589.2950,-105.0800
589.4160,-124.0800
589.5370,32.9200
589.6580,-232.0800
589.7790,-373.0800
589.9000,52.9200
590.0210,-227.0800
590.1420,-252.0800
590.2630,-398.0800
590.3840,-156.0800
590.5050,162.9200
590.6260,-288.0800
590.7470,-137.0800
590.8670,-64.0800
590.9880,-48.0800
591.1090,-208.0800
591.2300,30.9200
591.3510,-10.0800
591.4720,-149.0800
591.5930,-198.0800
591.7140,-132.0800
591.8350,-235.0800
591.9560,-214.0800
592.0770,-411.0800
592.1980,-172.0800
592.3190,-79.0800
592.4400,-15.0800
592.5600,-274.0800
592.6810,-389.0800
592.8020,-74.0800
592.9230,-171.0800
593.0440,-303.0800
593.1650,-351.0800
593.2860,-38.0800
593.4070,-284.0800
593.5270,-1.0800
593.6480,-313.0800
593.7690,-68.0800
593.8900,75.9200
594.0110,-163.0800
594.1320,-247.0800
594.2520,-124.0800
594.3730,-314.0800
594.4940,-417.0800
594.6150,-218.0800
594.7360,-201.0800
594.8560,52.9200
594.9770,-323.0800
595.0980,-115.0800
595.2190,-296.0800
595.3400,-96.0800
595.4600,-347.0800
595.5810,170.9200
595.7020,-156.0800
595.8230,-313.0800
595.9430,-113.0800
596.0640,-184.0800
596.1850,112.9200
596.3060,-400.0800
596.4260,-285.0800
596.5470,-349.0800
596.6680,-69.0800
596.7880,-71.0800
596.9090,-140.0800
597.0300,-84.0800
597.1510,-127.0800
597.2710,-250.0800
597.3920,-219.0800
597.5130,-103.0800
597.6330,-29.0800
597.7540,-104.0800
597.8750,-211.0800
597.9950,75.9200
598.1160,-106.0800
598.2370,-200.0800
598.3570,-285.0800
598.4780,-271.0800
598.5990,166.9200
598.7190,-149.0800
598.8400,-348.0800
598.9600,-289.0800
599.0810,-167.0800
599.2020,-186.0800
599.3220,-308.0800
599.4430,-346.0800
599.5630,-44.0800
599.6840,36.9200
599.8050,-247.0800
599.9250,-369.0800
600.0460,192.9200
600.1660,-194.0800
600.2870,-114.0800
600.4070,-178.0800
600.5280,58.9200
600.6490,-74.0800
600.7690,-144.0800
600.8900,-372.0800
601.0100,-18.0800
601.1310,-226.0800
601.2510,140.9200
601.3720,-144.0800
601.4920,-229.0800
601.6130,-285.0800
601.7330,-252.0800
601.8540,227.9200
601.9740,339.9200
602.0950,114.9200
602.2150,-348.0800
602.3360,-337.0800
602.4560,248.9200
602.5770,-248.0800
602.6970,669.9200
602.8170,-36.0800
602.9380,-134.0800
603.0580,-38.0800
603.1790,-354.0800
603.2990,-324.0800
603.4200,-343.0800
603.5400,-47.0800
603.6600,-343.0800
603.7810,-107.0800
603.9010,-211.0800
604.0220,101.9200
604.1420,-161.0800
604.2620,-149.0800
604.3830,-260.0800
604.5030,103.9200
604.6240,-265.0800
604.7440,-131.0800
604.8640,-49.0800
604.9850,-219.0800
605.1050,-94.0800
605.2250,-140.0800
605.3460,-131.0800
605.4660,6.9200
605.5860,206.9200
605.7070,274.9200
605.8270,-302.0800
605.9470,-201.0800
606.0680,-221.0800
606.1880,-196.0800
606.3080,-266.0800
606.4290,22.9200
606.5490,-213.0800
606.6690,-349.0800
606.7890,-266.0800
606.9100,-24.0800
607.0300,-296.0800
607.1500,-227.0800
607.2700,-79.0800
607.3910,19.9200
607.5110,-283.0800
607.6310,-303.0800
607.7510,149.9200
607.8720,-9.0800
607.9920,-314.0800
608.1120,20.9200
608.2320,-249.0800
608.3530,-313.0800
608.4730,-251.0800
608.5930,112.9200
608.7130,320.9200
608.8330,-167.0800
608.9540,-264.0800
609.0740,-225.0800
609.1940,-298.0800
609.3140,210.9200
609.4340,-49.0800
609.5540,-160.0800
609.6750,-71.0800
609.7950,-247.0800
609.9150,-310.0800
610.0350,294.9200
610.1550,-139.0800
610.2750,-218.0800
610.3950,-44.0800
610.5160,-362.0800
610.6360,-99.0800
610.7560,-56.0800
610.8760,-38.0800
610.9960,-308.0800
611.1160,172.9200
611.2360,-342.0800
611.3560,-239.0800
611.4760,-148.0800
611.5960,-114.0800
611.7160,120.9200
611.8360,-329.0800
611.9570,-327.0800
612.0770,-118.0800
612.1970,-67.0800
612.3170,-292.0800
612.4370,60.9200
612.5570,71.9200
612.6770,-168.0800
612.7970,-143.0800
612.9170,-363.0800
613.0370,-9.0800
613.1570,-107.0800
613.2770,-112.0800
613.3970,133.9200
613.5170,156.9200
613.6370,-227.0800
613.7570,-162.0800
613.8770,-294.0800
613.9970,-90.0800
614.1170,-256.0800
614.2370,-216.0800
614.3560,-107.0800
614.4760,46.9200
614.5960,35.9200
614.7160,-190.0800
614.8360,-185.0800
614.9560,-1.0800
615.0760,-84.0800
615.1960,-308.0800
615.3160,-127.0800
615.4360,-23.0800
615.5560,152.9200
615.6760,173.9200
615.7950,-107.0800
615.9150,-116.0800
616.0350,-221.0800
616.1550,-183.0800
616.2750,-298.0800
616.3950,-206.0800
616.5150,-14.0800
616.6350,-413.0800
616.7540,-410.0800
616.8740,-4.0800
616.9940,-106.0800
617.1140,251.9200
617.2340,10.9200
617.3540,32.9200
617.4730,326.9200
617.5930,-231.0800
617.7130,-134.0800
617.8330,-34.0800
617.9530,-60.0800
618.0720,-477.0800
618.1920,-261.0800
618.3120,59.9200
618.4320,87.9200
618.5510,-287.0800
618.6710,-263.0800
618.7910,-26.0800
618.9110,-71.0800
619.0300,-176.0800
619.1500,-138.0800
619.2700,-166.0800
619.3900,-220.0800
619.5090,-163.0800
619.6290,-170.0800
619.7490,-287.0800
619.8680,-112.0800
619.9880,-387.0800
620.1080,-240.0800
620.2280,732.9200
620.3470,-103.0800
620.4670,-264.0800
620.5870,-334.0800
620.7060,83.9200
620.8260,-257.0800
620.9460,-293.0800
621.0650,0.9200
621.1850,291.9200
621.3050,-220.0800
621.4240,-197.0800
621.5440,-455.0800
621.6630,-62.0800
621.7830,-215.0800
621.9030,194.9200
622.0220,-311.0800
622.1420,-129.0800
622.2610,162.9200
622.3810,-171.0800
622.5010,-82.0800
622.6200,-195.0800
622.7400,-93.0800
622.8590,-192.0800
622.9790,57.9200
623.0990,-189.0800
623.2180,-52.0800
623.3380,135.9200
623.4570,-53.0800
623.5770,-230.0800
623.6960,-85.0800
623.8160,-407.0800
623.9350,-277.0800
624.0550,-216.0800
624.1740,-121.0800
624.2940,-200.0800
624.4130,-365.0800
624.5330,-68.0800
624.6520,99.9200
624.7720,-278.0800
624.8910,-404.0800
625.0110,11.9200
625.1300,-195.0800
625.2500,-379.0800
625.3690,-251.0800
625.4890,-209.0800
625.6080,-266.0800
625.7280,-164.0800
625.8470,-167.0800
625.9660,-288.0800
626.0860,-239.0800
626.2050,-357.0800
626.3250,-119.0800
626.4440,-110.0800
626.5640,178.9200
626.6830,20.9200
626.8020,-2.0800
626.9220,113.9200
627.0410,-22.0800
627.1610,-152.0800
627.2800,27.9200
627.3990,20.9200
627.5190,-103.0800
627.6380,-406.0800
627.7570,-296.0800
627.8770,-139.0800
627.9960,-173.0800
628.1150,-43.0800
628.2350,-34.0800
628.3540,-329.0800
628.4730,-94.0800
628.5930,62.9200
628.7120,-140.0800
628.8310,-143.0800
628.9510,-340.0800
629.0700,72.9200
629.1890,-98.0800
629.3090,-146.0800
629.4280,221.9200
629.5470,-336.0800
629.6660,-55.0800
629.7860,-111.0800
629.9050,-298.0800
630.0240,-45.0800
630.1430,-83.0800
630.2630,-129.0800
630.3820,276.9200
630.5010,-216.0800
630.6200,-243.0800
630.7400,-305.0800
630.8590,102.9200
630.9780,-189.0800
631.0970,-328.0800
631.2160,-286.0800
631.3360,170.9200
631.4550,-268.0800
631.5740,-211.0800
631.6930,-26.0800
631.8120,-194.0800
631.9320,-428.0800
632.0510,73.9200
632.1700,291.9200
632.2890,46.9200
632.4080,-233.0800
632.5270,-169.0800
632.6460,-86.0800
632.7660,-260.0800
632.8850,152.9200
633.0040,-368.0800
633.1230,-132.0800
633.2420,-229.0800
633.3610,629.9200
633.4800,-267.0800
633.5990,-229.0800
633.7180,38.9200
633.8380,-80.0800
633.9570,-374.0800
634.0760,-91.0800
634.1950,-187.0800
634.3140,-68.0800
634.4330,-23.0800
634.5520,-219.0800
634.6710,-110.0800
634.7900,200.9200
634.9090,36.9200
635.0280,-74.0800
635.1470,0.9200
635.2660,-299.0800
635.3850,-103.0800
635.5040,-275.0800
635.6230,-33.0800
635.7420,-352.0800
635.8610,-335.0800
635.9800,-80.0800
636.0990,-221.0800
636.2180,-164.0800
636.3370,-163.0800
636.4560,285.9200
636.5750,18.9200
636.6940,-144.0800
636.8130,-359.0800
636.9320,-289.0800
637.0510,-97.0800
637.1700,-414.0800
637.2890,-96.0800
637.4080,-324.0800
637.5260,-115.0800
637.6450,-462.0800
637.7640,-365.0800
637.8830,-213.0800
638.0020,66.9200
638.1210,372.9200
638.2400,-298.0800
638.3590,47.9200
638.4780,-193.0800
638.5970,-325.0800
638.7150,382.9200
638.8340,-138.0800
638.9530,18.9200
639.0720,-342.0800
639.1910,-363.0800
639.3100,41.9200
639.4280,-111.0800
639.5470,-102.0800
639.6660,-6.0800
639.7850,-61.0800
639.9040,-97.0800
640.0230,-348.0800
640.1410,-228.0800
640.2600,-164.0800
640.3790,10.9200
640.4980,-409.0800
640.6160,-130.0800
640.7350,-148.0800
640.8540,73.9200
640.9730,-320.0800
641.0920,-29.0800
641.2100,-47.0800
641.3290,-180.0800
641.4480,-18.0800
641.5670,204.9200
641.6850,-146.0800
641.8040,-192.0800
641.9230,-170.0800
642.0410,-292.0800
642.1600,-158.0800
642.2790,85.9200
642.3980,-228.0800
642.5160,-293.0800
642.6350,168.9200
642.7540,-177.0800
642.8720,30.9200
642.9910,30.9200
643.1100,-234.0800
643.2280,-290.0800
643.3470,-381.0800
643.4660,-381.0800
643.5840,36.9200
643.7030,274.9200
643.8210,-155.0800
643.9400,-119.0800
644.0590,-42.0800
644.1770,63.9200
644.2960,-321.0800
644.4150,-243.0800
644.5330,-86.0800
644.6520,30.9200
644.7700,-399.0800
644.8890,-344.0800
645.0080,5.9200
645.1260,-249.0800
645.2450,-28.0800
645.3630,13.9200
645.4820,-61.0800
645.6000,-145.0800
645.7190,-186.0800
645.8370,-233.0800
645.9560,-38.0800
646.0740,-287.0800
646.1930,-254.0800
646.3120,-33.0800
646.4300,190.9200
646.5490,240.9200
646.6670,-461.0800
646.7860,-323.0800
646.9040,18.9200
647.0230,-28.0800
647.1410,-337.0800
647.2600,-41.0800
647.3780,422.9200
647.4960,-150.0800
647.6150,-68.0800
647.7330,-152.0800
647.8520,226.9200
647.9700,-213.0800
648.0890,-19.0800
648.2070,-13.0800
648.3260,115.9200
648.4440,-156.0800
648.5620,-170.0800
648.6810,-82.0800
648.7990,-170.0800
648.9180,-79.0800
649.0360,-142.0800
649.1540,-232.0800
649.2730,70.9200
649.3910,-165.0800
649.5100,-318.0800
649.6280,-325.0800
649.7460,176.9200
649.8650,-198.0800
649.9830,-328.0800
650.1010,-131.0800
650.2200,-98.0800
650.3380,-221.0800
650.4560,-206.0800
650.5750,-248.0800
650.6930,-287.0800
650.8110,-18.0800
650.9300,-370.0800
651.0480,1092.9200
651.1660,301.9200
651.2850,-126.0800
651.4030,-19.0800
651.5210,-127.0800
651.6390,-108.0800
651.7580,-119.0800
651.8760,177.9200
651.9940,-329.0800
652.1120,112.9200
652.2310,-86.0800
652.3490,-282.0800
652.4670,-464.0800
652.5850,-103.0800
652.7040,12.9200
652.8220,-395.0800
652.9400,-379.0800
653.0580,-59.0800
653.1760,-209.0800
653.2950,-174.0800
653.4130,-27.0800
653.5310,-229.0800
653.6490,-139.0800
653.7670,-311.0800
653.8860,-349.0800
654.0040,-220.0800
654.1220,130.9200
654.2400,-394.0800
654.3580,-333.0800
654.4760,-135.0800
654.5940,182.9200
654.7130,-217.0800
654.8310,-399.0800
654.9490,-163.0800
655.0670,-10.0800
655.1850,-340.0800
655.3030,-254.0800
655.4210,-163.0800
655.5390,104.9200
655.6580,-159.0800
655.7760,-250.0800
655.8940,11.9200
656.0120,176.9200
656.1300,-410.0800
656.2480,-222.0800
656.3660,-240.0800
656.4840,-148.0800
656.6020,-326.0800
656.7200,-300.0800
656.8380,-29.0800
656.9560,-162.0800
657.0740,-66.0800
657.1920,-121.0800
657.3100,-222.0800
657.4280,-167.0800
657.5460,-134.0800
657.6640,-147.0800
657.7820,-122.0800
657.9000,82.9200
658.0180,-252.0800
658.1360,-189.0800
658.2540,64.9200
658.3720,124.9200
658.4900,-332.0800
658.6080,-324.0800
658.7260,-9.0800
658.8440,8.9200
658.9620,-265.0800
659.0800,-356.0800
659.1980,-33.0800
659.3160,-134.0800
