197.2500,-697.1500
197.3850,-697.1500
197.5190,-697.1500
197.6530,-715.1500
197.7870,43.8500
197.9220,-50.1500
198.0560,-1.1500
198.1900,12.8500
198.3240,-5.1500
198.4590,-73.1500
198.5930,69.8500
198.7270,13.8500
198.8610,-42.1500
198.9960,47.8500
199.1300,-40.1500
199.2640,-8.1500
199.3980,-17.1500
199.5330,92.8500
199.6670,38.8500
199.8010,45.8500
199.9350,-67.1500
200.0700,39.8500
200.2040,-18.1500
200.3380,-41.1500
200.4720,-61.1500
200.6060,-89.1500
200.7410,-9.1500
200.8750,7.8500
201.0090,-31.1500
201.1430,-15.1500
201.2770,18.8500
201.4120,98.8500
201.5460,29.8500
201.6800,60.8500
201.8140,5.8500
201.9480,49.8500
202.0820,-9.1500
202.2170,-58.1500
202.3510,0.8500
202.4850,65.8500
202.6190,-79.1500
202.7530,-84.1500
202.8870,92.8500
203.0210,40.8500
203.1560,54.8500
203.2900,33.8500
203.4240,31.8500
203.5580,-11.1500
203.6920,24.8500
203.8260,-75.1500
203.9600,32.8500
204.0940,67.8500
204.2290,-6.1500
204.3630,-21.1500
204.4970,-81.1500
204.6310,-75.1500
204.7650,-58.1500
204.8990,-49.1500
205.0330,-34.1500
205.1670,-35.1500
205.3010,27.8500
205.4350,-64.1500
205.5690,-19.1500
205.7040,30.8500
205.8380,-63.1500
205.9720,13.8500
206.1060,150.8500
206.2400,-63.1500
206.3740,-72.1500
206.5080,48.8500
206.6420,54.8500
206.7760,13.8500
206.9100,65.8500
207.0440,52.8500
207.1780,47.8500
207.3120,42.8500
207.4460,-48.1500
207.5800,-36.1500
207.7140,10.8500
207.8480,28.8500
207.9820,-86.1500
208.1160,-13.1500
208.2500,-69.1500
208.3840,-31.1500
208.5180,-35.1500
208.6520,-20.1500
208.7860,-26.1500
208.9200,89.8500
209.0540,-11.1500
209.1880,-73.1500
209.3220,-16.1500
209.4560,-30.1500
209.5900,-97.1500
209.7240,13.8500
209.8580,17.8500
209.9920,-14.1500
210.1260,-25.1500
210.2600,-31.1500
210.3940,-7.1500
210.5280,39.8500
210.6620,-55.1500
210.7960,-31.1500
210.9290,46.8500
211.0630,39.8500
211.1970,-41.1500
211.3310,-1.1500
211.4650,-49.1500
211.5990,42.8500
211.7330,17.8500
211.8670,-62.1500
212.0010,-18.1500
212.1350,54.8500
212.2690,-68.1500
212.4020,-36.1500
212.5360,48.8500
212.6700,-25.1500
212.8040,-78.1500
212.9380,23.8500
213.0720,-29.1500
213.2060,10.8500
213.3400,-13.1500
213.4730,-17.1500
213.6070,-13.1500
213.7410,-25.1500
213.8750,-94.1500
214.0090,-45.1500
214.1430,-7.1500
214.2770,16.8500
214.4100,-81.1500
214.5440,84.8500
214.6780,54.8500
214.8120,48.8500
214.9460,-49.1500
215.0800,-74.1500
215.2130,-18.1500
215.3470,7.8500
215.4810,24.8500
215.6150,-96.1500
215.7490,-17.1500
215.8820,-24.1500
216.0160,-97.1500
216.1500,35.8500
216.2840,75.8500
216.4180,44.8500
216.5510,31.8500
216.6850,27.8500
216.8190,-40.1500
216.9530,-29.1500
217.0860,38.8500
217.2200,-30.1500
217.3540,13.8500
217.4880,41.8500
217.6210,5.8500
217.7550,12.8500
217.8890,3.8500
218.0230,22.8500
218.1560,17.8500
218.2900,15.8500
218.4240,67.8500
218.5580,-80.1500
218.6910,-88.1500
218.8250,-9.1500
218.9590,67.8500
219.0920,6.8500
219.2260,-146.1500
219.3600,-59.1500
219.4940,47.8500
219.6270,-0.1500
219.7610,-50.1500
219.8950,-34.1500
220.0280,-49.1500
220.1620,237.8500
220.2960,64.8500
220.4290,-27.1500
220.5630,-0.1500
220.6970,20.8500
220.8300,-75.1500
220.9640,-49.1500
221.0980,-62.1500
221.2310,-55.1500
221.3650,-4.1500
221.4990,-19.1500
221.6320,-66.1500
221.7660,43.8500
221.9000,-41.1500
222.0330,-63.1500
222.1670,49.8500
222.3000,-20.1500
222.4340,-14.1500
222.5680,85.8500
222.7010,-31.1500
222.8350,-7.1500
222.9680,-72.1500
223.1020,-29.1500
223.2360,-47.1500
223.3690,70.8500
223.5030,-39.1500
223.6360,-28.1500
223.7700,9.8500
223.9040,44.8500
224.0370,-34.1500
224.1710,6.8500
224.3040,30.8500
224.4380,-20.1500
224.5710,14.8500
224.7050,23.8500
224.8390,-26.1500
224.9720,-64.1500
225.1060,-36.1500
225.2390,-10.1500
225.3730,23.8500
225.5060,1.8500
225.6400,-26.1500
225.7730,-13.1500
225.9070,-66.1500
226.0400,-59.1500
226.1740,-30.1500
226.3070,17.8500
226.4410,-30.1500
226.5750,68.8500
226.7080,17.8500
226.8420,-58.1500
226.9750,15.8500
227.1090,-38.1500
227.2420,-12.1500
227.3750,22.8500
227.5090,22.8500
227.6420,33.8500
227.7760,21.8500
227.9090,51.8500
228.0430,-43.1500
228.1760,92.8500
228.3100,-61.1500
228.4430,109.8500
228.5770,23.8500
228.7100,23.8500
228.8440,22.8500
228.9770,-96.1500
229.1110,5.8500
229.2440,108.8500
229.3770,-96.1500
229.5110,1.8500
229.6440,-27.1500
229.7780,-9.1500
229.9110,-55.1500
230.0440,-24.1500
230.1780,-9.1500
230.3110,-1.1500
230.4450,-10.1500
230.5780,-27.1500
230.7110,-4.1500
230.8450,130.8500
230.9780,20.8500
231.1120,-41.1500
231.2450,-50.1500
231.3780,-18.1500
231.5120,18.8500
231.6450,-95.1500
231.7790,-97.1500
231.9120,1.8500
232.0450,18.8500
232.1790,-47.1500
232.3120,-23.1500
232.4450,67.8500
232.5790,50.8500
232.7120,82.8500
232.8450,17.8500
232.9790,-90.1500
233.1120,0.8500
233.2450,-7.1500
233.3790,-47.1500
233.5120,22.8500
233.6450,-59.1500
233.7790,-67.1500
233.9120,44.8500
234.0450,-19.1500
234.1790,-25.1500
234.3120,-6.1500
234.4450,27.8500
234.5780,67.8500
234.7120,3.8500
234.8450,35.8500
234.9780,-55.1500
235.1120,36.8500
235.2450,30.8500
235.3780,-0.1500
235.5110,-18.1500
235.6450,38.8500
235.7780,-1.1500
235.9110,1.8500
236.0440,-49.1500
236.1780,91.8500
236.3110,-84.1500
236.4440,-21.1500
236.5770,-22.1500
236.7110,57.8500
236.8440,-148.1500
236.9770,-8.1500
237.1100,-56.1500
237.2430,45.8500
237.3770,-54.1500
237.5100,-52.1500
237.6430,301.8500
237.7760,-0.1500
237.9090,-42.1500
238.0430,65.8500
238.1760,-16.1500
238.3090,-25.1500
238.4420,-108.1500
238.5750,-15.1500
238.7090,145.8500
238.8420,32.8500
238.9750,-23.1500
239.1080,76.8500
239.2410,-40.1500
239.3740,-12.1500
239.5080,-30.1500
239.6410,61.8500
239.7740,93.8500
239.9070,32.8500
240.0400,-69.1500
240.1730,22.8500
240.3060,62.8500
240.4400,-11.1500
240.5730,48.8500
240.7060,-5.1500
240.8390,14.8500
240.9720,-16.1500
241.1050,-3.1500
241.2380,1.8500
241.3710,42.8500
241.5040,49.8500
241.6380,-46.1500
241.7710,38.8500
241.9040,-37.1500
242.0370,4.8500
242.1700,-30.1500
242.3030,-86.1500
242.4360,-4.1500
242.5690,-6.1500
242.7020,-40.1500
242.8350,-7.1500
242.9680,11.8500
243.1010,26.8500
243.2340,-82.1500
243.3670,-60.1500
243.5000,-25.1500
243.6340,-21.1500
243.7670,-111.1500
243.9000,-51.1500
244.0330,-14.1500
244.1660,50.8500
244.2990,-114.1500
244.4320,-83.1500
244.5650,65.8500
244.6980,-87.1500
244.8310,-39.1500
244.9640,-43.1500
245.0970,-37.1500
245.2300,81.8500
245.3630,5.8500
245.4960,-73.1500
245.6290,-32.1500
245.7620,150.8500
245.8950,-56.1500
246.0280,-51.1500
246.1610,93.8500
246.2940,22.8500
246.4270,-56.1500
246.5590,30.8500
246.6920,26.8500
246.8250,-0.1500
246.9580,-73.1500
247.0910,-18.1500
247.2240,-81.1500
247.3570,-16.1500
247.4900,50.8500
247.6230,20.8500
247.7560,-76.1500
247.8890,70.8500
248.0220,-14.1500
248.1550,-103.1500
248.2880,5.8500
248.4210,-39.1500
248.5530,22.8500
248.6860,-57.1500
248.8190,32.8500
248.9520,-26.1500
249.0850,63.8500
249.2180,4.8500
249.3510,24.8500
249.4840,80.8500
249.6170,1.8500
249.7490,-72.1500
249.8820,21.8500
250.0150,-40.1500
250.1480,-42.1500
250.2810,-6.1500
250.4140,16.8500
250.5470,-72.1500
250.6790,74.8500
250.8120,15.8500
250.9450,31.8500
251.0780,-46.1500
251.2110,-19.1500
251.3440,-67.1500
251.4760,-16.1500
251.6090,49.8500
251.7420,-56.1500
251.8750,-25.1500
252.0080,-35.1500
252.1400,-72.1500
252.2730,-32.1500
252.4060,65.8500
252.5390,2.8500
252.6720,39.8500
252.8040,29.8500
252.9370,-50.1500
253.0700,-8.1500
253.2030,21.8500
253.3350,32.8500
253.4680,-50.1500
253.6010,-36.1500
253.7340,35.8500
253.8660,-11.1500
253.9990,116.8500
254.1320,-4.1500
254.2650,-32.1500
254.3970,-0.1500
254.5300,-44.1500
254.6630,50.8500
254.7960,-32.1500
254.9280,-73.1500
255.0610,-79.1500
255.1940,20.8500
255.3270,-51.1500
255.4590,-16.1500
255.5920,-51.1500
255.7250,124.8500
255.8570,-23.1500
255.9900,-3.1500
256.1230,-46.1500
256.2550,-41.1500
256.3880,66.8500
256.5210,-68.1500
256.6530,-86.1500
256.7860,-0.1500
256.9190,-29.1500
257.0510,-41.1500
257.1840,-14.1500
257.3170,-40.1500
257.4490,-29.1500
257.5820,-10.1500
257.7150,-45.1500
257.8470,-48.1500
257.9800,-13.1500
258.1130,-36.1500
258.2450,-19.1500
258.3780,-70.1500
258.5100,-4.1500
258.6430,-79.1500
258.7760,5.8500
258.9080,-62.1500
259.0410,31.8500
259.1740,-42.1500
259.3060,-36.1500
259.4390,-79.1500
259.5710,2.8500
259.7040,-0.1500
259.8370,71.8500
259.9690,-58.1500
260.1020,-19.1500
260.2340,26.8500
260.3670,45.8500
260.4990,-57.1500
260.6320,-3.1500
260.7650,-36.1500
260.8970,-46.1500
261.0300,-9.1500
261.1620,30.8500
261.2950,-1.1500
261.4270,41.8500
261.5600,-15.1500
261.6920,-52.1500
261.8250,-14.1500
261.9570,49.8500
262.0900,13.8500
262.2220,-0.1500
262.3550,-46.1500
262.4870,-6.1500
262.6200,-73.1500
262.7520,46.8500
262.8850,-37.1500
263.0170,31.8500
263.1500,-62.1500
263.2820,-22.1500
263.4150,-46.1500
263.5470,58.8500
263.6800,59.8500
263.8120,-53.1500
263.9450,-47.1500
264.0770,-43.1500
264.2100,58.8500
264.3420,-57.1500
264.4750,-57.1500
264.6070,75.8500
264.7400,-54.1500
264.8720,-25.1500
265.0040,-4.1500
265.1370,12.8500
265.2690,105.8500
265.4020,-54.1500
265.5340,-13.1500
265.6670,-28.1500
265.7990,3.8500
265.9310,-10.1500
266.0640,28.8500
266.1960,1.8500
266.3290,-69.1500
266.4610,0.8500
266.5930,31.8500
266.7260,-43.1500
266.8580,-61.1500
266.9900,36.8500
267.1230,-36.1500
267.2550,6.8500
267.3880,12.8500
267.5200,-43.1500
267.6520,-29.1500
267.7850,61.8500
267.9170,38.8500
268.0490,-5.1500
268.1820,100.8500
268.3140,24.8500
268.4460,-80.1500
268.5790,26.8500
268.7110,80.8500
268.8430,-43.1500
268.9760,-14.1500
269.1080,154.8500
269.2400,28.8500
269.3730,19.8500
269.5050,-43.1500
269.6370,-24.1500
269.7700,-46.1500
269.9020,32.8500
270.0340,-73.1500
270.1670,5.8500
270.2990,-10.1500
270.4310,49.8500
270.5630,-19.1500
270.6960,34.8500
270.8280,20.8500
270.9600,16.8500
271.0920,60.8500
271.2250,-26.1500
271.3570,42.8500
271.4890,-28.1500
271.6210,-62.1500
271.7540,207.8500
271.8860,-2.1500
272.0180,-7.1500
272.1500,88.8500
272.2830,-50.1500
272.4150,-15.1500
272.5470,29.8500
272.6790,31.8500
272.8110,18.8500
272.9440,-40.1500
273.0760,-84.1500
273.2080,-1.1500
273.3400,0.8500
273.4730,-3.1500
273.6050,66.8500
273.7370,-28.1500
273.8690,27.8500
274.0010,-127.1500
274.1330,29.8500
274.2660,-19.1500
274.3980,390.8500
274.5300,47.8500
274.6620,56.8500
274.7940,11.8500
274.9260,71.8500
275.0590,-27.1500
275.1910,-11.1500
275.3230,3.8500
275.4550,59.8500
275.5870,-55.1500
275.7190,-35.1500
275.8510,-26.1500
275.9830,36.8500
276.1160,-12.1500
276.2480,70.8500
276.3800,-71.1500
276.5120,61.8500
276.6440,-41.1500
276.7760,-17.1500
276.9080,11.8500
277.0400,33.8500
277.1720,38.8500
277.3040,-14.1500
277.4370,30.8500
277.5690,-14.1500
277.7010,-39.1500
277.8330,2.8500
277.9650,-43.1500
278.0970,53.8500
278.2290,-54.1500
278.3610,-6.1500
278.4930,65.8500
278.6250,122.8500
278.7570,-8.1500
278.8890,-53.1500
279.0210,-1.1500
279.1530,150.8500
279.2850,-44.1500
279.4170,176.8500
279.5490,41.8500
279.6810,37.8500
279.8130,1.8500
279.9450,7.8500
280.0770,-58.1500
280.2090,313.8500
280.3410,-63.1500
280.4730,-22.1500
280.6050,32.8500
280.7370,41.8500
280.8690,80.8500
281.0010,22.8500
281.1330,-84.1500
281.2650,68.8500
281.3970,-33.1500
281.5290,116.8500
281.6610,-48.1500
281.7930,-50.1500
281.9250,-44.1500
282.0570,-7.1500
282.1890,-63.1500
282.3210,62.8500
282.4530,5.8500
282.5850,-29.1500
282.7170,51.8500
282.8490,0.8500
282.9800,-32.1500
283.1120,-13.1500
283.2440,33.8500
283.3760,-33.1500
283.5080,-78.1500
283.6400,-37.1500
283.7720,50.8500
283.9040,71.8500
284.0360,-64.1500
284.1680,53.8500
284.2990,31.8500
284.4310,26.8500
284.5630,-5.1500
284.6950,-49.1500
284.8270,-41.1500
284.9590,14.8500
285.0910,-71.1500
285.2220,-44.1500
285.3540,-9.1500
285.4860,-22.1500
285.6180,-29.1500
285.7500,-3.1500
285.8820,55.8500
286.0130,42.8500
286.1450,-9.1500
286.2770,44.8500
286.4090,102.8500
286.5410,31.8500
286.6730,-59.1500
286.8040,-36.1500
286.9360,-52.1500
287.0680,-51.1500
287.2000,-87.1500
287.3320,147.8500
287.4630,-39.1500
287.5950,11.8500
287.7270,91.8500
287.8590,-3.1500
287.9900,25.8500
288.1220,9.8500
288.2540,1.8500
288.3860,-2.1500
288.5170,-73.1500
288.6490,11.8500
288.7810,-9.1500
288.9130,56.8500
289.0440,-41.1500
289.1760,84.8500
289.3080,-11.1500
289.4400,-99.1500
289.5710,-38.1500
289.7030,-88.1500
289.8350,26.8500
289.9670,-16.1500
290.0980,-118.1500
290.2300,-41.1500
290.3620,46.8500
290.4930,-89.1500
290.6250,-43.1500
290.7570,17.8500
290.8880,-5.1500
291.0200,36.8500
291.1520,54.8500
291.2830,38.8500
291.4150,-14.1500
291.5470,-3.1500
291.6780,-55.1500
291.8100,16.8500
291.9420,76.8500
292.0730,25.8500
292.2050,-91.1500
292.3370,79.8500
292.4680,81.8500
292.6000,-27.1500
292.7320,198.8500
292.8630,-48.1500
292.9950,-100.1500
293.1260,12.8500
293.2580,68.8500
293.3900,-18.1500
293.5210,-38.1500
293.6530,-34.1500
293.7850,46.8500
293.9160,-18.1500
294.0480,1.8500
294.1790,47.8500
294.3110,-10.1500
294.4420,4.8500
294.5740,-40.1500
294.7060,-2.1500
294.8370,26.8500
294.9690,-21.1500
295.1000,-46.1500
295.2320,-22.1500
295.3630,67.8500
295.4950,37.8500
295.6270,9.8500
295.7580,16.8500
295.8900,-63.1500
296.0210,32.8500
296.1530,-13.1500
296.2840,-8.1500
296.4160,-22.1500
296.5470,2.8500
296.6790,-1.1500
296.8100,23.8500
296.9420,-59.1500
297.0730,-57.1500
297.2050,-65.1500
297.3360,-61.1500
297.4680,-37.1500
297.5990,31.8500
297.7310,-81.1500
297.8620,-2.1500
297.9940,-39.1500
298.1250,-61.1500
298.2570,-6.1500
298.3880,33.8500
298.5200,48.8500
298.6510,10.8500
298.7820,112.8500
298.9140,-105.1500
299.0450,-28.1500
299.1770,-41.1500
299.3080,-57.1500
299.4400,27.8500
299.5710,78.8500
299.7020,-44.1500
299.8340,-44.1500
299.9650,-2.1500
300.0970,-32.1500
300.2280,26.8500
300.3600,-5.1500
300.4910,-28.1500
300.6220,51.8500
300.7540,5.8500
300.8850,-72.1500
301.0170,75.8500
301.1480,-15.1500
301.2790,-54.1500
301.4110,-22.1500
301.5420,17.8500
301.6730,38.8500
301.8050,21.8500
301.9360,-61.1500
302.0670,5.8500
302.1990,-26.1500
302.3300,12.8500
302.4610,77.8500
302.5930,35.8500
302.7240,11.8500
302.8550,-59.1500
302.9870,-25.1500
303.1180,-44.1500
303.2490,-37.1500
303.3810,-23.1500
303.5120,-42.1500
303.6430,-38.1500
303.7750,59.8500
303.9060,-25.1500
304.0370,-38.1500
304.1690,-60.1500
304.3000,-17.1500
304.4310,-13.1500
304.5620,-45.1500
304.6940,-44.1500
304.8250,19.8500
304.9560,75.8500
305.0870,-19.1500
305.2190,3.8500
305.3500,-4.1500
305.4810,-84.1500
305.6120,0.8500
305.7440,12.8500
305.8750,-20.1500
306.0060,139.8500
306.1370,-87.1500
306.2690,-3.1500
306.4000,73.8500
306.5310,68.8500
306.6620,-30.1500
306.7940,73.8500
306.9250,-67.1500
307.0560,-32.1500
307.1870,-9.1500
307.3180,-32.1500
307.4500,-5.1500
307.5810,43.8500
307.7120,-56.1500
307.8430,3.8500
307.9740,-12.1500
308.1050,94.8500
308.2370,-1.1500
308.3680,-30.1500
308.4990,-42.1500
308.6300,29.8500
308.7610,-31.1500
308.8920,1.8500
309.0240,49.8500
309.1550,-9.1500
309.2860,-51.1500
309.4170,-33.1500
309.5480,-3.1500
309.6790,4.8500
309.8100,-94.1500
309.9410,153.8500
310.0730,-10.1500
310.2040,-18.1500
310.3350,-10.1500
310.4660,-16.1500
310.5970,-12.1500
310.7280,-7.1500
310.8590,118.8500
310.9900,40.8500
311.1210,1.8500
311.2520,-0.1500
311.3830,-85.1500
311.5140,-35.1500
311.6460,-2.1500
311.7770,14.8500
311.9080,-19.1500
312.0390,-6.1500
312.1700,-33.1500
312.3010,54.8500
312.4320,-40.1500
312.5630,-59.1500
312.6940,-1.1500
312.8250,-14.1500
312.9560,-91.1500
313.0870,53.8500
313.2180,62.8500
313.3490,-25.1500
313.4800,-64.1500
313.6110,-12.1500
313.7420,-22.1500
313.8730,51.8500
314.0040,-27.1500
314.1350,7.8500
314.2660,61.8500
314.3970,31.8500
314.5280,-71.1500
314.6590,-39.1500
314.7900,-22.1500
314.9210,45.8500
315.0520,-4.1500
315.1830,-95.1500
315.3140,-54.1500
315.4450,76.8500
315.5760,-13.1500
315.7070,-30.1500
315.8380,-41.1500
315.9680,62.8500
316.0990,-56.1500
316.2300,-43.1500
316.3610,67.8500
316.4920,30.8500
316.6230,-38.1500
316.7540,96.8500
316.8850,-99.1500
317.0160,-10.1500
317.1470,-82.1500
317.2780,84.8500
317.4080,-93.1500
317.5390,-36.1500
317.6700,-87.1500
317.8010,36.8500
317.9320,-21.1500
318.0630,-14.1500
318.1940,-40.1500
318.3250,67.8500
318.4550,-43.1500
318.5860,26.8500
318.7170,98.8500
318.8480,-83.1500
318.9790,73.8500
319.1100,130.8500
319.2400,-2.1500
319.3710,36.8500
319.5020,-7.1500
319.6330,-9.1500
319.7640,-59.1500
319.8950,-42.1500
320.0250,18.8500
320.1560,-19.1500
320.2870,-127.1500
320.4180,-36.1500
320.5490,-7.1500
320.6790,-30.1500
320.8100,51.8500
320.9410,-80.1500
321.0720,-51.1500
321.2020,-23.1500
321.3330,67.8500
321.4640,-107.1500
321.5950,-64.1500
321.7260,101.8500
321.8560,-67.1500
321.9870,-38.1500
322.1180,-50.1500
322.2490,0.8500
322.3790,-36.1500
322.5100,10.8500
322.6410,-43.1500
322.7710,-34.1500
322.9020,-12.1500
323.0330,-24.1500
323.1640,225.8500
323.2940,-35.1500
323.4250,-85.1500
323.5560,4.8500
323.6860,31.8500
323.8170,140.8500
323.9480,23.8500
324.0780,-6.1500
324.2090,39.8500
324.3400,9.8500
324.4700,54.8500
324.6010,-67.1500
324.7320,43.8500
324.8620,34.8500
324.9930,-37.1500
325.1240,-76.1500
325.2540,50.8500
325.3850,-8.1500
325.5160,119.8500
325.6460,138.8500
325.7770,-3.1500
325.9080,42.8500
326.0380,24.8500
326.1690,-12.1500
326.2990,-35.1500
326.4300,27.8500
326.5610,-40.1500
326.6910,-60.1500
326.8220,-27.1500
326.9520,-6.1500
327.0830,40.8500
327.2140,-11.1500
327.3440,28.8500
327.4750,19.8500
327.6050,-9.1500
327.7360,6.8500
327.8670,-30.1500
327.9970,40.8500
328.1280,-30.1500
328.2580,-91.1500
328.3890,108.8500
328.5190,-23.1500
328.6500,42.8500
328.7800,-29.1500
328.9110,14.8500
329.0410,48.8500
329.1720,-70.1500
329.3030,-50.1500
329.4330,-41.1500
329.5640,-37.1500
329.6940,-44.1500
329.8250,-30.1500
329.9550,-8.1500
330.0860,181.8500
330.2160,-92.1500
330.3470,-39.1500
330.4770,-7.1500
330.6080,4.8500
330.7380,13.8500
330.8680,-97.1500
330.9990,-23.1500
331.1290,83.8500
331.2600,-59.1500
331.3900,-17.1500
331.5210,70.8500
331.6510,78.8500
331.7820,-63.1500
331.9120,-52.1500
332.0430,-11.1500
332.1730,64.8500
332.3030,-62.1500
332.4340,58.8500
332.5640,56.8500
332.6950,-26.1500
332.8250,-83.1500
332.9560,-21.1500
333.0860,8.8500
333.2160,-61.1500
333.3470,-46.1500
333.4770,-105.1500
333.6080,-6.1500
333.7380,23.8500
333.8680,-45.1500
333.9990,-22.1500
334.1290,28.8500
334.2590,-29.1500
334.3900,-49.1500
334.5200,17.8500
334.6500,-16.1500
334.7810,98.8500
334.9110,-38.1500
335.0420,-30.1500
335.1720,30.8500
335.3020,33.8500
335.4330,55.8500
335.5630,-32.1500
335.6930,96.8500
335.8240,113.8500
335.9540,-122.1500
336.0840,8.8500
336.2140,25.8500
336.3450,114.8500
336.4750,16.8500
336.6050,-12.1500
336.7360,90.8500
336.8660,24.8500
336.9960,-10.1500
337.1260,-28.1500
337.2570,45.8500
337.3870,-57.1500
337.5170,-82.1500
337.6480,-88.1500
337.7780,77.8500
337.9080,56.8500
338.0380,-29.1500
338.1690,-72.1500
338.2990,117.8500
338.4290,16.8500
338.5590,-73.1500
338.6900,-40.1500
338.8200,121.8500
338.9500,40.8500
339.0800,-133.1500
339.2100,-36.1500
339.3410,4.8500
339.4710,49.8500
339.6010,-21.1500
339.7310,35.8500
339.8610,-63.1500
339.9920,14.8500
340.1220,-46.1500
340.2520,-26.1500
340.3820,-39.1500
340.5120,18.8500
340.6420,25.8500
340.7730,-3.1500
340.9030,-61.1500
341.0330,6.8500
341.1630,-23.1500
341.2930,77.8500
341.4230,-41.1500
341.5540,-61.1500
341.6840,26.8500
341.8140,-27.1500
341.9440,-36.1500
342.0740,-11.1500
342.2040,-67.1500
342.3340,47.8500
342.4640,-22.1500
342.5950,-50.1500
342.7250,-57.1500
342.8550,6.8500
342.9850,-6.1500
343.1150,-35.1500
343.2450,-105.1500
343.3750,5.8500
343.5050,29.8500
343.6350,16.8500
343.7650,-37.1500
343.8950,-102.1500
344.0250,60.8500
344.1550,-42.1500
344.2860,-23.1500
344.4160,57.8500
344.5460,38.8500
344.6760,3.8500
344.8060,22.8500
344.9360,-4.1500
345.0660,68.8500
345.1960,17.8500
345.3260,-109.1500
345.4560,30.8500
345.5860,-58.1500
345.7160,-57.1500
345.8460,2.8500
345.9760,-84.1500
346.1060,-20.1500
346.2360,91.8500
346.3660,-12.1500
346.4960,-67.1500
346.6260,-23.1500
346.7560,-16.1500
346.8860,-51.1500
347.0160,-81.1500
347.1460,-37.1500
347.2760,-67.1500
347.4060,-84.1500
347.5360,3.8500
347.6660,103.8500
347.7950,-52.1500
347.9250,-25.1500
348.0550,35.8500
348.1850,-0.1500
348.3150,15.8500
348.4450,23.8500
348.5750,-8.1500
348.7050,-27.1500
348.8350,-39.1500
348.9650,-69.1500
349.0950,-5.1500
349.2250,80.8500
349.3540,-31.1500
349.4840,-45.1500
349.6140,-47.1500
349.7440,-16.1500
349.8740,-19.1500
350.0040,-67.1500
350.1340,-36.1500
350.2640,-86.1500
350.3930,-36.1500
350.5230,25.8500
350.6530,-68.1500
350.7830,27.8500
350.9130,60.8500
351.0430,-75.1500
351.1730,-24.1500
351.3020,52.8500
351.4320,45.8500
351.5620,-54.1500
351.6920,-12.1500
351.8220,-38.1500
351.9510,-91.1500
352.0810,53.8500
352.2110,-30.1500
352.3410,42.8500
352.4710,26.8500
352.6000,-85.1500
352.7300,-29.1500
352.8600,-30.1500
352.9900,56.8500
353.1200,-2.1500
353.2490,27.8500
353.3790,-13.1500
353.5090,17.8500
353.6390,-67.1500
353.7680,18.8500
353.8980,-47.1500
354.0280,-30.1500
354.1580,-48.1500
354.2870,-28.1500
354.4170,-71.1500
354.5470,-51.1500
354.6770,-100.1500
354.8060,-3.1500
354.9360,57.8500
355.0660,8.8500
355.1950,-34.1500
355.3250,20.8500
355.4550,-44.1500
355.5840,86.8500
355.7140,-87.1500
355.8440,4.8500
355.9740,15.8500
356.1030,33.8500
356.2330,-36.1500
356.3630,42.8500
356.4920,-26.1500
356.6220,-42.1500
356.7520,-39.1500
356.8810,-36.1500
357.0110,15.8500
357.1400,52.8500
357.2700,-55.1500
357.4000,38.8500
357.5290,29.8500
357.6590,72.8500
357.7890,10.8500
357.9180,-85.1500
358.0480,-75.1500
358.1770,64.8500
358.3070,-61.1500
358.4370,-2.1500
358.5660,-64.1500
358.6960,43.8500
358.8250,59.8500
358.9550,-74.1500
359.0850,66.8500
359.2140,-79.1500
359.3440,-3.1500
359.4730,-80.1500
359.6030,29.8500
359.7330,-18.1500
359.8620,-83.1500
359.9920,29.8500
360.1210,5.8500
360.2510,48.8500
360.3800,-80.1500
360.5100,63.8500
360.6390,-26.1500
360.7690,28.8500
360.8980,26.8500
361.0280,18.8500
361.1570,47.8500
361.2870,33.8500
361.4160,-95.1500
361.5460,-11.1500
361.6750,-0.1500
361.8050,-16.1500
361.9340,12.8500
362.0640,-44.1500
362.1930,-2.1500
362.3230,-73.1500
362.4520,39.8500
362.5820,-27.1500
362.7110,-39.1500
362.8410,-19.1500
362.9700,-14.1500
363.1000,-38.1500
363.2290,-65.1500
363.3590,-13.1500
363.4880,-73.1500
363.6170,-11.1500
363.7470,23.8500
363.8760,-42.1500
364.0060,-31.1500
364.1350,-19.1500
364.2650,41.8500
364.3940,-61.1500
364.5230,77.8500
364.6530,-41.1500
364.7820,53.8500
364.9120,-40.1500
365.0410,-91.1500
365.1700,-25.1500
365.3000,1.8500
365.4290,113.8500
365.5580,-43.1500
365.6880,-5.1500
365.8170,13.8500
365.9470,-4.1500
366.0760,0.8500
366.2050,-14.1500
366.3350,-75.1500
366.4640,-52.1500
366.5930,8.8500
366.7230,-22.1500
366.8520,34.8500
366.9810,-19.1500
367.1110,-52.1500
367.2400,-19.1500
367.3690,-2.1500
367.4990,137.8500
367.6280,60.8500
367.7570,-5.1500
367.8860,-25.1500
368.0160,87.8500
368.1450,-13.1500
368.2740,3.8500
368.4040,-99.1500
368.5330,17.8500
368.6620,13.8500
368.7910,-50.1500
368.9210,-68.1500
369.0500,85.8500
369.1790,-0.1500
369.3080,103.8500
369.4380,-62.1500
369.5670,-36.1500
369.6960,-31.1500
369.8250,-0.1500
369.9550,5.8500
370.0840,33.8500
370.2130,-12.1500
370.3420,-24.1500
370.4720,-63.1500
370.6010,98.8500
370.7300,13.8500
370.8590,-98.1500
370.9880,-4.1500
371.1180,-42.1500
371.2470,11.8500
371.3760,8.8500
371.5050,24.8500
371.6340,17.8500
371.7630,-43.1500
371.8930,-47.1500
372.0220,-29.1500
372.1510,-37.1500
372.2800,-67.1500
372.4090,-69.1500
372.5380,-13.1500
372.6670,41.8500
372.7970,25.8500
372.9260,-49.1500
373.0550,26.8500
373.1840,-7.1500
373.3130,-68.1500
373.4420,19.8500
373.5710,8.8500
373.7000,-24.1500
373.8300,11.8500
373.9590,-69.1500
374.0880,-10.1500
374.2170,41.8500
374.3460,-35.1500
374.4750,-59.1500
374.6040,-26.1500
374.7330,105.8500
374.8620,-57.1500
374.9910,-60.1500
375.1200,3.8500
375.2490,44.8500
375.3780,-39.1500
375.5080,-97.1500
375.6370,-78.1500
375.7660,59.8500
375.8950,-23.1500
376.0240,63.8500
376.1530,-61.1500
376.2820,7.8500
376.4110,-43.1500
376.5400,-163.1500
376.6690,18.8500
376.7980,-32.1500
376.9270,-69.1500
377.0560,10.8500
377.1850,27.8500
377.3140,105.8500
377.4430,25.8500
377.5720,-28.1500
377.7010,-32.1500
377.8300,70.8500
377.9590,30.8500
378.0880,428.8500
378.2170,86.8500
378.3460,-18.1500
378.4740,-131.1500
378.6030,-50.1500
378.7320,-14.1500
378.8610,-57.1500
378.9900,-122.1500
379.1190,-77.1500
379.2480,-19.1500
379.3770,-58.1500
379.5060,-56.1500
379.6350,61.8500
379.7640,38.8500
379.8930,-25.1500
380.0220,-74.1500
380.1500,74.8500
380.2790,-36.1500
380.4080,-32.1500
380.5370,-50.1500
380.6660,25.8500
380.7950,1.8500
380.9240,-36.1500
381.0530,-99.1500
381.1810,8.8500
381.3100,213.8500
381.4390,-11.1500
381.5680,-51.1500
381.6970,-27.1500
381.8260,-2.1500
381.9550,-15.1500
382.0830,-25.1500
382.2120,-92.1500
382.3410,40.8500
382.4700,12.8500
382.5990,-99.1500
382.7270,21.8500
382.8560,34.8500
382.9850,61.8500
383.1140,-31.1500
383.2430,-43.1500
383.3710,-13.1500
383.5000,-27.1500
383.6290,-48.1500
383.7580,-52.1500
383.8870,-95.1500
384.0150,13.8500
384.1440,-84.1500
384.2730,11.8500
384.4020,35.8500
384.5300,-58.1500
384.6590,-69.1500
384.7880,-59.1500
384.9170,-60.1500
385.0450,0.8500
385.1740,-35.1500
385.3030,-113.1500
385.4320,-2.1500
385.5600,-4.1500
385.6890,-54.1500
385.8180,-7.1500
385.9460,39.8500
386.0750,-29.1500
386.2040,-79.1500
386.3320,12.8500
386.4610,90.8500
386.5900,46.8500
386.7180,-79.1500
386.8470,-67.1500
386.9760,-12.1500
387.1040,-77.1500
387.2330,-61.1500
387.3620,-1.1500
387.4900,-9.1500
387.6190,-59.1500
387.7480,-30.1500
387.8760,64.8500
388.0050,10.8500
388.1340,95.8500
388.2620,-125.1500
388.3910,-34.1500
388.5200,40.8500
388.6480,-61.1500
388.7770,24.8500
388.9050,-52.1500
389.0340,-16.1500
389.1630,-2.1500
389.2910,-32.1500
389.4200,31.8500
389.5480,16.8500
389.6770,-34.1500
389.8050,-8.1500
389.9340,-6.1500
390.0630,-65.1500
390.1910,-46.1500
390.3200,-47.1500
390.4480,-30.1500
390.5770,-49.1500
390.7050,-43.1500
390.8340,-20.1500
390.9620,-69.1500
391.0910,-36.1500
391.2200,69.8500
391.3480,36.8500
391.4770,-0.1500
391.6050,-31.1500
391.7340,-15.1500
391.8620,-54.1500
391.9910,-63.1500
392.1190,-39.1500
392.2480,-17.1500
392.3760,-72.1500
392.5050,-46.1500
392.6330,15.8500
392.7620,154.8500
392.8900,-107.1500
393.0180,11.8500
393.1470,25.8500
393.2750,-63.1500
393.4040,-85.1500
393.5320,-8.1500
393.6610,8.8500
393.7890,28.8500
393.9180,-40.1500
394.0460,-25.1500
394.1740,3.8500
394.3030,-48.1500
394.4310,-17.1500
394.5600,29.8500
394.6880,-84.1500
394.8170,-101.1500
394.9450,27.8500
395.0730,43.8500
395.2020,-14.1500
395.3300,1.8500
395.4590,-75.1500
395.5870,45.8500
395.7150,21.8500
395.8440,7.8500
395.9720,-104.1500
396.1000,65.8500
396.2290,-62.1500
396.3570,16.8500
396.4850,-56.1500
396.6140,-6.1500
396.7420,73.8500
396.8700,1.8500
396.9990,11.8500
397.1270,-44.1500
397.2550,32.8500
397.3840,55.8500
397.5120,-100.1500
397.6400,-53.1500
397.7690,0.8500
397.8970,31.8500
398.0250,-50.1500
398.1540,7.8500
398.2820,85.8500
398.4100,-4.1500
398.5380,-26.1500
398.6670,-18.1500
398.7950,-66.1500
398.9230,71.8500
399.0520,-52.1500
399.1800,38.8500
399.3080,-5.1500
399.4360,92.8500
399.5650,-66.1500
399.6930,-1.1500
399.8210,28.8500
399.9490,-19.1500
400.0780,43.8500
400.2060,-78.1500
400.3340,-63.1500
400.4620,30.8500
400.5900,-91.1500
400.7190,-39.1500
400.8470,-87.1500
400.9750,19.8500
401.1030,-46.1500
401.2310,-3.1500
401.3600,10.8500
401.4880,-12.1500
401.6160,-57.1500
401.7440,3.8500
401.8720,-20.1500
402.0000,47.8500
402.1290,-21.1500
402.2570,-94.1500
402.3850,-51.1500
402.5130,-0.1500
402.6410,-40.1500
402.7690,-2.1500
402.8970,-56.1500
403.0260,-4.1500
403.1540,-75.1500
403.2820,-70.1500
403.4100,-32.1500
403.5380,60.8500
403.6660,-73.1500
403.7940,-16.1500
403.9220,13.8500
404.0500,-7.1500
404.1790,1.8500
404.3070,42.8500
404.4350,-73.1500
404.5630,-31.1500
404.6910,-86.1500
404.8190,164.8500
404.9470,-73.1500
405.0750,-54.1500
405.2030,-88.1500
405.3310,-20.1500
405.4590,-24.1500
405.5870,-2.1500
405.7150,-55.1500
405.8430,-22.1500
405.9710,21.8500
406.0990,86.8500
406.2270,11.8500
406.3550,0.8500
406.4830,-135.1500
406.6110,58.8500
406.7390,-77.1500
406.8670,-52.1500
406.9950,-50.1500
407.1230,-54.1500
407.2510,-98.1500
407.3790,-64.1500
407.5070,14.8500
407.6350,40.8500
407.7630,-102.1500
407.8910,-46.1500
408.0190,11.8500
408.1470,59.8500
408.2750,36.8500
408.4030,-72.1500
408.5310,-97.1500
408.6590,84.8500
408.7870,0.8500
408.9150,-30.1500
409.0430,-58.1500
409.1710,38.8500
409.2990,28.8500
409.4270,33.8500
409.5540,-48.1500
409.6820,28.8500
409.8100,-4.1500
409.9380,-16.1500
410.0660,10.8500
410.1940,22.8500
410.3220,-38.1500
410.4500,-40.1500
410.5780,-67.1500
410.7050,-34.1500
410.8330,-4.1500
410.9610,9.8500
411.0890,141.8500
411.2170,-31.1500
411.3450,-48.1500
411.4730,-50.1500
411.6000,40.8500
411.7280,-26.1500
411.8560,-115.1500
411.9840,-62.1500
412.1120,28.8500
412.2390,31.8500
412.3670,-49.1500
412.4950,58.8500
412.6230,-47.1500
412.7510,34.8500
412.8780,-120.1500
413.0060,-38.1500
413.1340,52.8500
413.2620,106.8500
413.3900,-17.1500
413.5170,-10.1500
413.6450,28.8500
413.7730,-85.1500
413.9010,72.8500
414.0280,0.8500
414.1560,-25.1500
414.2840,-45.1500
414.4120,6.8500
414.5390,-4.1500
414.6670,-49.1500
414.7950,-9.1500
414.9230,-120.1500
415.0500,-2.1500
415.1780,-12.1500
415.3060,80.8500
415.4330,-46.1500
415.5610,53.8500
415.6890,40.8500
415.8160,-55.1500
415.9440,76.8500
416.0720,-68.1500
416.2000,-9.1500
416.3270,81.8500
416.4550,-64.1500
416.5830,-51.1500
416.7100,-69.1500
416.8380,76.8500
416.9660,-92.1500
417.0930,-28.1500
417.2210,43.8500
417.3480,15.8500
417.4760,-67.1500
417.6040,-59.1500
417.7310,-31.1500
417.8590,56.8500
417.9870,-18.1500
418.1140,-85.1500
418.2420,-20.1500
418.3690,-43.1500
418.4970,-74.1500
418.6250,65.8500
418.7520,-29.1500
418.8800,-64.1500
419.0070,52.8500
419.1350,35.8500
419.2630,-44.1500
419.3900,19.8500
419.5180,-31.1500
419.6450,-82.1500
419.7730,-74.1500
419.9000,-34.1500
420.0280,169.8500
420.1550,-36.1500
420.2830,9.8500
420.4100,13.8500
420.5380,-67.1500
420.6660,20.8500
420.7930,-38.1500
420.9210,-30.1500
421.0480,-13.1500
421.1760,28.8500
421.3030,8.8500
421.4310,-42.1500
421.5580,-86.1500
421.6860,62.8500
421.8130,-1.1500
421.9410,-36.1500
422.0680,-34.1500
422.1950,19.8500
422.3230,32.8500
422.4500,-62.1500
422.5780,-34.1500
422.7050,-9.1500
422.8330,-90.1500
422.9600,-6.1500
423.0880,-7.1500
423.2150,148.8500
423.3430,81.8500
423.4700,-25.1500
423.5970,52.8500
423.7250,-3.1500
423.8520,-4.1500
423.9800,10.8500
424.1070,-90.1500
424.2340,-20.1500
424.3620,-1.1500
424.4890,-59.1500
424.6170,131.8500
424.7440,23.8500
424.8710,-26.1500
424.9990,30.8500
425.1260,58.8500
425.2530,5.8500
425.3810,-17.1500
425.5080,-32.1500
425.6360,-37.1500
425.7630,-62.1500
425.8900,-47.1500
426.0180,-93.1500
426.1450,9.8500
426.2720,25.8500
426.4000,39.8500
426.5270,59.8500
426.6540,-103.1500
426.7810,-12.1500
426.9090,-10.1500
427.0360,-6.1500
427.1630,-72.1500
427.2910,-20.1500
427.4180,-29.1500
427.5450,-6.1500
427.6730,-77.1500
427.8000,-86.1500
427.9270,-75.1500
428.0540,4.8500
428.1820,-17.1500
428.3090,-22.1500
428.4360,-33.1500
428.5630,-60.1500
428.6910,-25.1500
428.8180,-57.1500
428.9450,19.8500
429.0720,-48.1500
429.2000,-22.1500
429.3270,45.8500
429.4540,-17.1500
429.5810,0.8500
429.7080,-103.1500
429.8360,-22.1500
429.9630,-49.1500
430.0900,-48.1500
430.2170,-68.1500
430.3440,-70.1500
430.4720,-137.1500
430.5990,16.8500
430.7260,-52.1500
430.8530,-16.1500
430.9800,-15.1500
431.1070,-31.1500
431.2350,-43.1500
431.3620,-2.1500
431.4890,-3.1500
431.6160,83.8500
431.7430,37.8500
431.8700,-32.1500
431.9970,-31.1500
432.1250,16.8500
432.2520,-147.1500
432.3790,-26.1500
432.5060,25.8500
432.6330,-15.1500
432.7600,-63.1500
432.8870,46.8500
433.0140,-56.1500
433.1410,-36.1500
433.2680,-9.1500
433.3950,-46.1500
433.5230,17.8500
433.6500,-60.1500
433.7770,-56.1500
433.9040,-29.1500
434.0310,-111.1500
434.1580,15.8500
434.2850,10.8500
434.4120,-29.1500
434.5390,-7.1500
434.6660,-70.1500
434.7930,-15.1500
434.9200,-22.1500
435.0470,24.8500
435.1740,-17.1500
435.3010,15.8500
435.4280,92.8500
435.5550,88.8500
435.6820,-39.1500
435.8090,-50.1500
435.9360,27.8500
436.0630,-27.1500
436.1900,43.8500
436.3170,-82.1500
436.4440,8.8500
436.5710,-18.1500
436.6980,36.8500
436.8250,41.8500
436.9520,37.8500
437.0790,-0.1500
437.2060,7.8500
437.3330,-48.1500
437.4600,-9.1500
437.5870,-0.1500
437.7140,-85.1500
437.8400,-35.1500
437.9670,-62.1500
438.0940,-88.1500
438.2210,38.8500
438.3480,-61.1500
438.4750,1896.8500
438.6020,-107.1500
438.7290,-81.1500
438.8560,-86.1500
438.9830,-45.1500
439.1090,33.8500
439.2360,40.8500
439.3630,-57.1500
439.4900,-8.1500
439.6170,-25.1500
439.7440,-51.1500
439.8710,96.8500
439.9970,-34.1500
440.1240,46.8500
440.2510,-24.1500
440.3780,-38.1500
440.5050,-16.1500
440.6320,31.8500
440.7580,95.8500
440.8850,65.8500
441.0120,-40.1500
441.1390,24.8500
441.2660,-73.1500
441.3920,-94.1500
441.5190,-46.1500
441.6460,-54.1500
441.7730,-1.1500
441.9000,68.8500
442.0260,-76.1500
442.1530,-25.1500
442.2800,13.8500
442.4070,-54.1500
442.5330,34.8500
442.6600,8.8500
442.7870,47.8500
442.9140,-37.1500
443.0400,-14.1500
443.1670,12.8500
443.2940,3.8500
443.4210,-38.1500
443.5470,-84.1500
443.6740,2.8500
443.8010,23.8500
443.9270,14.8500
444.0540,73.8500
444.1810,84.8500
444.3070,37.8500
444.4340,-81.1500
444.5610,-88.1500
444.6880,-77.1500
444.8140,85.8500
444.9410,-94.1500
445.0680,-77.1500
445.1940,74.8500
445.3210,-15.1500
445.4470,-24.1500
445.5740,-58.1500
445.7010,-21.1500
445.8270,4.8500
445.9540,-107.1500
446.0810,22.8500
446.2070,-28.1500
446.3340,18.8500
446.4610,-71.1500
446.5870,-117.1500
446.7140,19.8500
446.8400,116.8500
446.9670,-125.1500
447.0940,-81.1500
447.2200,87.8500
447.3470,-36.1500
447.4730,-138.1500
447.6000,-7.1500
447.7260,-38.1500
447.8530,28.8500
447.9800,-29.1500
448.1060,-35.1500
448.2330,-11.1500
448.3590,4.8500
448.4860,-50.1500
448.6120,-62.1500
448.7390,-21.1500
448.8650,58.8500
448.9920,38.8500
449.1180,-89.1500
449.2450,-61.1500
449.3710,-23.1500
449.4980,-43.1500
449.6240,14.8500
449.7510,0.8500
449.8770,-44.1500
450.0040,-41.1500
450.1300,-45.1500
450.2570,-56.1500
450.3830,19.8500
450.5100,-140.1500
450.6360,-69.1500
450.7630,-60.1500
450.8890,-23.1500
451.0160,-156.1500
451.1420,6.8500
451.2690,-33.1500
451.3950,120.8500
451.5210,-98.1500
451.6480,-62.1500
451.7740,-14.1500
451.9010,-80.1500
452.0270,-85.1500
452.1540,12.8500
452.2800,4.8500
452.4060,-19.1500
452.5330,-133.1500
452.6590,-73.1500
452.7850,-51.1500
452.9120,-25.1500
453.0380,-105.1500
453.1650,-22.1500
453.2910,22.8500
453.4170,98.8500
453.5440,-128.1500
453.6700,-43.1500
453.7960,-26.1500
453.9230,-117.1500
454.0490,-74.1500
454.1750,-67.1500
454.3020,-11.1500
454.4280,18.8500
454.5540,-56.1500
454.6810,-94.1500
454.8070,-43.1500
454.9330,101.8500
455.0600,-60.1500
455.1860,-53.1500
455.3120,64.8500
455.4390,77.8500
455.5650,-111.1500
455.6910,-39.1500
455.8170,-6.1500
455.9440,80.8500
456.0700,-88.1500
456.1960,-0.1500
456.3220,-89.1500
456.4490,-43.1500
456.5750,-87.1500
456.7010,-48.1500
456.8270,-33.1500
456.9540,-72.1500
457.0800,-90.1500
457.2060,-116.1500
457.3320,-13.1500
457.4590,-68.1500
457.5850,-63.1500
457.7110,-70.1500
457.8370,20.8500
457.9630,12.8500
458.0900,-77.1500
458.2160,-101.1500
458.3420,-42.1500
458.4680,2.8500
458.5940,-18.1500
458.7210,-11.1500
458.8470,-14.1500
458.9730,-37.1500
459.0990,-60.1500
459.2250,-105.1500
459.3510,-5.1500
459.4770,16.8500
459.6040,-102.1500
459.7300,-52.1500
459.8560,-54.1500
459.9820,20.8500
460.1080,-136.1500
460.2340,-149.1500
460.3600,-5.1500
460.4860,10.8500
460.6130,-80.1500
460.7390,45.8500
460.8650,-72.1500
460.9910,124.8500
461.1170,-19.1500
461.2430,-71.1500
461.3690,-57.1500
461.4950,-67.1500
461.6210,-75.1500
461.7470,-3.1500
461.8730,2.8500
461.9990,-38.1500
462.1250,-63.1500
462.2520,12.8500
462.3780,-8.1500
462.5040,49.8500
462.6300,-64.1500
462.7560,-99.1500
462.8820,-57.1500
463.0080,16.8500
463.1340,0.8500
463.2600,-96.1500
463.3860,-36.1500
463.5120,23.8500
463.6380,-46.1500
463.7640,-62.1500
463.8900,10.8500
464.0160,52.8500
464.1420,-50.1500
464.2680,-83.1500
464.3940,-6.1500
464.5200,-99.1500
464.6450,-63.1500
464.7710,-37.1500
464.8970,-38.1500
465.0230,-13.1500
465.1490,-45.1500
465.2750,-60.1500
465.4010,-69.1500
465.5270,35.8500
465.6530,-83.1500
465.7790,-0.1500
465.9050,-100.1500
466.0310,-14.1500
466.1570,-63.1500
466.2820,-89.1500
466.4080,-47.1500
466.5340,-3.1500
466.6600,-141.1500
466.7860,-59.1500
466.9120,-6.1500
467.0380,19.8500
467.1640,-50.1500
467.2890,-51.1500
467.4150,-10.1500
467.5410,6.8500
467.6670,-77.1500
467.7930,-46.1500
467.9190,28.8500
468.0450,109.8500
468.1700,-64.1500
468.2960,-44.1500
468.4220,-15.1500
468.5480,52.8500
468.6740,-100.1500
468.7990,-74.1500
468.9250,-17.1500
469.0510,-48.1500
469.1770,-83.1500
469.3030,-135.1500
469.4280,-2.1500
469.5540,-11.1500
469.6800,-63.1500
469.8060,-10.1500
469.9310,-36.1500
470.0570,80.8500
470.1830,-162.1500
470.3090,-68.1500
470.4340,104.8500
470.5600,8.8500
470.6860,-45.1500
470.8120,-38.1500
470.9370,-65.1500
471.0630,-1.1500
471.1890,-36.1500
471.3150,35.8500
471.4400,8.8500
471.5660,-34.1500
471.6920,7.8500
471.8170,-76.1500
471.9430,-0.1500
472.0690,44.8500
472.1940,-50.1500
472.3200,-30.1500
472.4460,7.8500
472.5710,-6.1500
472.6970,-88.1500
472.8230,-74.1500
472.9480,-67.1500
473.0740,46.8500
473.2000,-92.1500
473.3250,-66.1500
473.4510,-12.1500
473.5770,-26.1500
473.7020,-123.1500
473.8280,-52.1500
473.9530,-78.1500
474.0790,32.8500
474.2050,-107.1500
474.3300,-76.1500
474.4560,-41.1500
474.5810,71.8500
474.7070,-118.1500
474.8330,-65.1500
474.9580,-6.1500
475.0840,50.8500
475.2090,-54.1500
475.3350,-32.1500
475.4600,-7.1500
475.5860,-10.1500
475.7120,29.8500
475.8370,-24.1500
475.9630,3.8500
476.0880,-84.1500
476.2140,-94.1500
476.3390,-42.1500
476.4650,-35.1500
476.5900,-62.1500
476.7160,67.8500
476.8410,-36.1500
476.9670,91.8500
477.0920,-32.1500
477.2180,-38.1500
477.3430,-76.1500
477.4690,64.8500
477.5940,-13.1500
477.7200,-94.1500
477.8450,-42.1500
477.9710,-16.1500
478.0960,15.8500
478.2220,-40.1500
478.3470,806.8500
478.4720,58.8500
478.5980,-24.1500
478.7230,-84.1500
478.8490,-3.1500
478.9740,28.8500
479.1000,-26.1500
479.2250,-71.1500
479.3500,-83.1500
479.4760,0.8500
479.6010,-62.1500
479.7270,20.8500
479.8520,-102.1500
479.9770,-29.1500
480.1030,-10.1500
480.2280,50.8500
480.3540,-34.1500
480.4790,52.8500
480.6040,3.8500
480.7300,-88.1500
480.8550,-116.1500
480.9800,68.8500
481.1060,-37.1500
481.2310,-131.1500
481.3560,-84.1500
481.4820,-101.1500
481.6070,-46.1500
481.7320,-176.1500
481.8580,-54.1500
481.9830,-12.1500
482.1080,-5.1500
482.2340,-83.1500
482.3590,-50.1500
482.4840,75.8500
482.6100,-62.1500
482.7350,-37.1500
482.8600,-72.1500
482.9850,8.8500
483.1110,-5.1500
483.2360,-25.1500
483.3610,-62.1500
483.4860,-83.1500
483.6120,55.8500
483.7370,-117.1500
483.8620,-19.1500
483.9870,-4.1500
484.1130,-62.1500
484.2380,-9.1500
484.3630,-80.1500
484.4880,-42.1500
484.6140,6.8500
484.7390,-57.1500
484.8640,37.8500
484.9890,170.8500
485.1140,3.8500
485.2400,-75.1500
485.3650,-47.1500
485.4900,-106.1500
485.6150,11.8500
485.7400,-45.1500
485.8650,2.8500
485.9910,5.8500
486.1160,55.8500
486.2410,-81.1500
486.3660,-84.1500
486.4910,21.8500
486.6160,8.8500
486.7420,-120.1500
486.8670,-30.1500
486.9920,-59.1500
487.1170,-34.1500
487.2420,-111.1500
487.3670,-115.1500
487.4920,9.8500
487.6170,31.8500
487.7420,-58.1500
487.8680,-74.1500
487.9930,4.8500
488.1180,44.8500
488.2430,-14.1500
488.3680,-75.1500
488.4930,-69.1500
488.6180,-25.1500
488.7430,-96.1500
488.8680,-77.1500
488.9930,-24.1500
489.1180,68.8500
489.2430,-60.1500
489.3680,-103.1500
489.4930,24.8500
489.6180,-46.1500
489.7430,-60.1500
489.8680,-43.1500
489.9930,4.8500
490.1180,-86.1500
490.2430,112.8500
490.3680,-63.1500
490.4930,21.8500
490.6180,39.8500
490.7430,-116.1500
490.8680,9.8500
490.9930,7.8500
491.1180,25.8500
491.2430,-59.1500
491.3680,-65.1500
491.4930,25.8500
491.6180,-1.1500
491.7430,-61.1500
491.8680,-20.1500
491.9930,-122.1500
492.1180,-33.1500
492.2430,-41.1500
492.3680,-2.1500
492.4930,-38.1500
492.6180,81.8500
492.7430,-73.1500
492.8670,64.8500
492.9920,-4.1500
493.1170,53.8500
493.2420,-75.1500
493.3670,-12.1500
493.4920,18.8500
493.6170,-9.1500
493.7420,53.8500
493.8670,-84.1500
493.9910,-56.1500
494.1160,23.8500
494.2410,-38.1500
494.3660,-33.1500
494.4910,1.8500
494.6160,82.8500
494.7400,-83.1500
494.8650,-71.1500
494.9900,-15.1500
495.1150,-33.1500
495.2400,-1.1500
495.3650,-61.1500
495.4890,20.8500
495.6140,11.8500
495.7390,-33.1500
495.8640,-14.1500
495.9890,-102.1500
496.1130,46.8500
496.2380,-10.1500
496.3630,-57.1500
496.4880,-56.1500
496.6120,77.8500
496.7370,-94.1500
496.8620,-35.1500
496.9870,-48.1500
497.1110,-4.1500
497.2360,-78.1500
497.3610,-51.1500
497.4860,60.8500
497.6100,41.8500
497.7350,-45.1500
497.8600,21.8500
497.9840,30.8500
498.1090,-37.1500
498.2340,-86.1500
498.3590,-3.1500
498.4830,33.8500
498.6080,51.8500
498.7330,-35.1500
498.8570,-29.1500
498.9820,67.8500
499.1070,73.8500
499.2310,286.8500
499.3560,1312.8500
499.4810,3799.8500
499.6050,6173.8500
499.7300,8399.8500
499.8550,9958.8500
499.9790,11031.8500
500.1040,11715.8500
500.2280,12523.8500
500.3530,12224.8500
500.4780,10061.8500
500.6020,6204.8500
500.7270,3334.8500
500.8520,1308.8500
500.9760,356.8500
501.1010,160.8500
501.2250,130.8500
501.3500,58.8500
501.4740,13.8500
501.5990,83.8500
501.7240,12.8500
501.8480,8.8500
501.9730,97.8500
502.0970,-16.1500
502.2220,-28.1500
502.3460,-11.1500
502.4710,-37.1500
502.5950,-5.1500
502.7200,-34.1500
502.8440,-44.1500
502.9690,2.8500
503.0940,84.8500
503.2180,-101.1500
503.3430,-34.1500
503.4670,-44.1500
503.5920,18.8500
503.7160,-51.1500
503.8410,-10.1500
503.9650,80.8500
504.0890,12.8500
504.2140,-29.1500
504.3380,-21.1500
504.4630,65.8500
504.5870,59.8500
504.7120,-37.1500
504.8360,-17.1500
504.9610,44.8500
505.0850,87.8500
505.2100,-49.1500
505.3340,-16.1500
505.4580,84.8500
505.5830,-36.1500
505.7070,-23.1500
505.8320,-29.1500
505.9560,-8.1500
506.0800,-8.1500
506.2050,-91.1500
506.3290,108.8500
506.4540,-138.1500
506.5780,-15.1500
506.7020,-64.1500
506.8270,50.8500
506.9510,-5.1500
507.0760,-5.1500
507.2000,-73.1500
507.3240,41.8500
507.4490,39.8500
507.5730,-13.1500
507.6970,-87.1500
507.8220,-37.1500
507.9460,7.8500
508.0700,-92.1500
508.1950,-48.1500
508.3190,-41.1500
508.4430,17.8500
508.5670,-97.1500
508.6920,-78.1500
508.8160,-88.1500
508.9400,33.8500
509.0650,-115.1500
509.1890,-11.1500
509.3130,-3.1500
509.4370,51.8500
509.5620,-59.1500
509.6860,-90.1500
509.8100,-72.1500
509.9350,-26.1500
510.0590,101.8500
510.1830,-90.1500
510.3070,-62.1500
510.4310,38.8500
510.5560,-8.1500
510.6800,-52.1500
510.8040,-81.1500
510.9280,-9.1500
511.0530,-77.1500
511.1770,-79.1500
511.3010,-22.1500
511.4250,-28.1500
511.5490,22.8500
511.6740,-23.1500
511.7980,-43.1500
511.9220,12.8500
512.0460,79.8500
512.1700,-31.1500
512.2940,-35.1500
512.4190,12.8500
512.5430,35.8500
512.6670,-30.1500
512.7910,-59.1500
512.9150,-5.1500
513.0390,-21.1500
513.1630,-25.1500
513.2880,41.8500
513.4120,-37.1500
513.5360,64.8500
513.6600,-57.1500
513.7840,-39.1500
513.9080,13.8500
514.0320,1.8500
514.1560,0.8500
514.2800,81.8500
514.4040,7.8500
514.5280,-24.1500
514.6530,0.8500
514.7770,-8.1500
514.9010,1.8500
515.0250,96.8500
515.1490,-31.1500
515.2730,37.8500
515.3970,3.8500
515.5210,2.8500
515.6450,-58.1500
515.7690,-67.1500
515.8930,-35.1500
516.0170,-24.1500
516.1410,-101.1500
516.2650,-26.1500
516.3890,-28.1500
516.5130,-0.1500
516.6370,-75.1500
516.7610,-98.1500
516.8850,-4.1500
517.0090,-53.1500
517.1330,-66.1500
517.2570,-32.1500
517.3810,22.8500
517.5050,25.8500
517.6290,23.8500
517.7530,2.8500
517.8770,-29.1500
518.0010,22.8500
518.1250,-58.1500
518.2480,-17.1500
518.3720,18.8500
518.4960,-23.1500
518.6200,-58.1500
518.7440,-28.1500
518.8680,14.8500
518.9920,33.8500
519.1160,-75.1500
519.2400,102.8500
519.3640,54.8500
519.4880,-62.1500
519.6110,-112.1500
519.7350,-11.1500
519.8590,-13.1500
519.9830,75.8500
520.1070,-81.1500
520.2310,57.8500
520.3550,41.8500
520.4780,-15.1500
520.6020,-48.1500
520.7260,32.8500
520.8500,-27.1500
520.9740,34.8500
521.0980,-113.1500
521.2210,-42.1500
521.3450,44.8500
521.4690,-15.1500
521.5930,-56.1500
521.7170,23.8500
521.8400,-8.1500
521.9640,-3.1500
522.0880,-55.1500
522.2120,19.8500
522.3350,-97.1500
522.4590,-7.1500
522.5830,45.8500
522.7070,-114.1500
522.8300,-38.1500
522.9540,-87.1500
523.0780,-75.1500
523.2020,9.8500
523.3250,-10.1500
523.4490,-8.1500
523.5730,-29.1500
523.6970,-63.1500
523.8200,-51.1500
523.9440,27.8500
524.0680,-17.1500
524.1910,-38.1500
524.3150,-81.1500
524.4390,-24.1500
524.5620,-37.1500
524.6860,-56.1500
524.8100,-57.1500
524.9330,3.8500
525.0570,-14.1500
525.1810,-19.1500
525.3040,-102.1500
525.4280,80.8500
525.5520,-99.1500
525.6750,15.8500
525.7990,-42.1500
525.9230,-4.1500
526.0460,-32.1500
526.1700,-125.1500
526.2930,-33.1500
526.4170,36.8500
526.5410,18.8500
526.6640,-32.1500
526.7880,-43.1500
526.9110,42.8500
527.0350,-108.1500
527.1590,-37.1500
527.2820,-23.1500
527.4060,-18.1500
527.5290,1.8500
527.6530,-106.1500
527.7760,36.8500
527.9000,-2.1500
528.0240,-47.1500
528.1470,-37.1500
528.2710,62.8500
528.3940,70.8500
528.5180,49.8500
528.6410,-85.1500
528.7650,7.8500
528.8880,8.8500
529.0120,-25.1500
529.1350,-80.1500
529.2590,75.8500
529.3820,3.8500
529.5060,-55.1500
529.6290,0.8500
529.7530,-82.1500
529.8760,38.8500
530.0000,30.8500
530.1230,-56.1500
530.2470,-42.1500
530.3700,-7.1500
530.4930,-14.1500
530.6170,-42.1500
530.7400,32.8500
530.8640,49.8500
530.9870,-81.1500
531.1110,-5.1500
531.2340,-55.1500
531.3570,34.8500
531.4810,26.8500
531.6040,46.8500
531.7280,-53.1500
531.8510,37.8500
531.9740,16.8500
532.0980,-50.1500
532.2210,5.8500
532.3450,1.8500
532.4680,-119.1500
532.5910,54.8500
532.7150,-12.1500
532.8380,-92.1500
532.9610,-49.1500
533.0850,-26.1500
533.2080,30.8500
533.3310,-39.1500
533.4550,-46.1500
533.5780,-18.1500
533.7010,21.8500
533.8250,93.8500
533.9480,-70.1500
534.0710,-24.1500
534.1950,-8.1500
534.3180,-43.1500
534.4410,-76.1500
534.5640,26.8500
534.6880,3.8500
534.8110,79.8500
534.9340,-26.1500
535.0580,9.8500
535.1810,37.8500
535.3040,66.8500
535.4270,-55.1500
535.5510,-86.1500
535.6740,-88.1500
535.7970,42.8500
535.9200,36.8500
536.0430,-38.1500
536.1670,-37.1500
536.2900,9.8500
536.4130,-27.1500
536.5360,-67.1500
536.6600,-46.1500
536.7830,53.8500
536.9060,-24.1500
537.0290,-47.1500
537.1520,-13.1500
537.2750,-18.1500
537.3990,66.8500
537.5220,-93.1500
537.6450,-21.1500
537.7680,28.8500
537.8910,-66.1500
538.0140,-12.1500
538.1380,-27.1500
538.2610,-31.1500
538.3840,8.8500
538.5070,-112.1500
538.6300,16.8500
538.7530,86.8500
538.8760,3.8500
538.9990,-65.1500
539.1230,-10.1500
539.2460,107.8500
539.3690,92.8500
539.4920,-33.1500
539.6150,-36.1500
539.7380,81.8500
539.8610,-19.1500
539.9840,-14.1500
540.1070,5.8500
540.2300,-9.1500
540.3530,-101.1500
540.4760,-116.1500
540.5990,-8.1500
540.7220,-124.1500
540.8460,-25.1500
540.9690,-114.1500
541.0920,-17.1500
541.2150,-33.1500
541.3380,-27.1500
541.4610,-100.1500
541.5840,-10.1500
541.7070,-43.1500
541.8300,-64.1500
541.9530,-42.1500
542.0760,59.8500
542.1990,7.8500
542.3220,51.8500
542.4450,64.8500
542.5670,-68.1500
542.6900,15.8500
542.8130,-103.1500
542.9360,-2.1500
543.0590,20.8500
543.1820,128.8500
543.3050,4.8500
543.4280,6.8500
543.5510,26.8500
543.6740,106.8500
543.7970,-20.1500
543.9200,-24.1500
544.0430,127.8500
544.1660,-55.1500
544.2880,-16.1500
544.4110,-7.1500
544.5340,-41.1500
544.6570,-43.1500
544.7800,-79.1500
544.9030,-13.1500
545.0260,24.8500
545.1490,-3.1500
545.2710,-79.1500
545.3940,9.8500
545.5170,-53.1500
545.6400,155.8500
545.7630,-29.1500
545.8860,-75.1500
546.0080,-4.1500
546.1310,70.8500
546.2540,-2.1500
546.3770,-89.1500
546.5000,80.8500
546.6230,73.8500
546.7450,-38.1500
546.8680,-48.1500
546.9910,71.8500
547.1140,2.8500
547.2360,-57.1500
547.3590,-65.1500
547.4820,59.8500
547.6050,-1.1500
547.7280,-95.1500
547.8500,-86.1500
547.9730,-42.1500
548.0960,50.8500
548.2190,-52.1500
548.3410,-50.1500
548.4640,-20.1500
548.5870,14.8500
548.7090,-28.1500
548.8320,0.8500
548.9550,116.8500
549.0780,48.8500
549.2000,-89.1500
549.3230,-50.1500
549.4460,164.8500
549.5680,16.8500
549.6910,-20.1500
549.8140,19.8500
549.9360,-30.1500
550.0590,31.8500
550.1820,-72.1500
550.3040,-92.1500
550.4270,-12.1500
550.5500,7.8500
550.6720,-92.1500
550.7950,88.8500
550.9170,-27.1500
551.0400,18.8500
551.1630,-6.1500
551.2850,-5.1500
551.4080,39.8500
551.5310,166.8500
551.6530,-71.1500
551.7760,0.8500
551.8980,38.8500
552.0210,37.8500
552.1430,-45.1500
552.2660,-39.1500
552.3890,39.8500
552.5110,-30.1500
552.6340,-84.1500
552.7560,-33.1500
552.8790,116.8500
553.0010,64.8500
553.1240,-98.1500
553.2460,-63.1500
553.3690,68.8500
553.4920,38.8500
553.6140,20.8500
553.7370,-117.1500
553.8590,88.8500
553.9820,61.8500
554.1040,-55.1500
554.2270,-65.1500
554.3490,31.8500
554.4720,35.8500
554.5940,-129.1500
554.7160,49.8500
554.8390,36.8500
554.9610,11.8500
555.0840,-130.1500
555.2060,3.8500
555.3290,-10.1500
555.4510,-16.1500
555.5740,-12.1500
555.6960,-48.1500
555.8190,3.8500
555.9410,-10.1500
556.0630,0.8500
556.1860,-20.1500
556.3080,-0.1500
556.4310,122.8500
556.5530,-11.1500
556.6750,-70.1500
556.7980,15.8500
556.9200,38.8500
557.0430,-91.1500
557.1650,-96.1500
557.2870,80.8500
557.4100,14.8500
557.5320,-37.1500
557.6540,-45.1500
557.7770,96.8500
557.8990,27.8500
558.0210,-8.1500
558.1440,25.8500
558.2660,56.8500
558.3880,138.8500
558.5110,-77.1500
558.6330,-29.1500
558.7550,-30.1500
558.8780,-14.1500
559.0000,11.8500
559.1220,-103.1500
559.2440,-96.1500
559.3670,64.8500
559.4890,-24.1500
559.6110,54.8500
559.7340,26.8500
559.8560,3.8500
559.9780,-61.1500
560.1000,-42.1500
560.2230,-0.1500
560.3450,89.8500
560.4670,-97.1500
560.5890,-16.1500
560.7120,12.8500
560.8340,90.8500
560.9560,-80.1500
561.0780,-53.1500
561.2000,54.8500
561.3230,45.8500
561.4450,-104.1500
561.5670,-75.1500
561.6890,-54.1500
561.8110,71.8500
561.9340,-61.1500
562.0560,-30.1500
562.1780,19.8500
562.3000,23.8500
562.4220,-10.1500
562.5440,-41.1500
562.6660,103.8500
562.7890,40.8500
562.9110,-53.1500
563.0330,-26.1500
563.1550,89.8500
563.2770,-9.1500
563.3990,-157.1500
563.5210,-59.1500
563.6430,-17.1500
563.7660,14.8500
563.8880,20.8500
564.0100,-49.1500
564.1320,-11.1500
564.2540,-75.1500
564.3760,13.8500
564.4980,15.8500
564.6200,106.8500
564.7420,45.8500
564.8640,-146.1500
564.9860,3.8500
565.1080,127.8500
565.2300,-28.1500
565.3520,-26.1500
565.4740,-2.1500
565.5970,95.8500
565.7190,58.8500
565.8410,-90.1500
565.9630,-18.1500
566.0850,61.8500
566.2070,-8.1500
566.3290,8.8500
566.4510,5.8500
566.5730,-0.1500
566.6950,46.8500
566.8170,38.8500
566.9380,-94.1500
567.0600,-1.1500
567.1820,51.8500
567.3040,-73.1500
567.4260,-111.1500
567.5480,28.8500
567.6700,-19.1500
567.7920,-27.1500
567.9140,-68.1500
568.0360,58.8500
568.1580,-65.1500
568.2800,-83.1500
568.4020,23.8500
568.5240,-3.1500
568.6460,-26.1500
568.7670,-57.1500
568.8890,25.8500
569.0110,55.8500
569.1330,-7.1500
569.2550,-98.1500
569.3770,-72.1500
569.4990,7.8500
569.6210,58.8500
569.7420,10.8500
569.8640,9.8500
569.9860,120.8500
570.1080,100.8500
570.2300,-112.1500
570.3520,12.8500
570.4730,43.8500
570.5950,5.8500
570.7170,-111.1500
570.8390,-50.1500
570.9610,47.8500
571.0820,15.8500
571.2040,-87.1500
571.3260,-34.1500
571.4480,78.8500
571.5700,87.8500
571.6910,-41.1500
571.8130,-18.1500
571.9350,77.8500
572.0570,14.8500
572.1780,-35.1500
572.3000,35.8500
572.4220,72.8500
572.5440,155.8500
572.6650,-80.1500
572.7870,-40.1500
572.9090,64.8500
573.0310,90.8500
573.1520,-87.1500
573.2740,-1.1500
573.3960,39.8500
573.5170,15.8500
573.6390,-175.1500
573.7610,-35.1500
573.8820,9.8500
574.0040,110.8500
574.1260,-111.1500
574.2470,-8.1500
574.3690,25.8500
574.4910,18.8500
574.6120,-79.1500
574.7340,-28.1500
574.8560,4.8500
574.9770,84.8500
575.0990,-98.1500
575.2210,-34.1500
575.3420,48.8500
575.4640,5.8500
575.5850,-46.1500
575.7070,-73.1500
575.8290,107.8500
575.9500,55.8500
576.0720,-51.1500
576.1930,-62.1500
576.3150,40.8500
576.4370,18.8500
576.5580,-75.1500
576.6800,-33.1500
576.8010,169.8500
576.9230,-23.1500
577.0440,15.8500
577.1660,-115.1500
577.2870,44.8500
577.4090,26.8500
577.5310,-61.1500
577.6520,-62.1500
577.7740,-74.1500
577.8950,42.8500
578.0170,-112.1500
578.1380,-52.1500
578.2600,21.8500
578.3810,64.8500
578.5030,-67.1500
578.6240,-73.1500
578.7460,7.8500
578.8670,-10.1500
578.9880,-37.1500
579.1100,40.8500
579.2310,40.8500
579.3530,25.8500
579.4740,-89.1500
579.5960,-75.1500
579.7170,45.8500
579.8390,83.8500
579.9600,-165.1500
580.0810,-7.1500
580.2030,45.8500
580.3240,53.8500
580.4460,-31.1500
580.5670,-87.1500
580.6880,125.8500
580.8100,5.8500
580.9310,-48.1500
581.0530,-121.1500
581.1740,-2.1500
581.2950,59.8500
581.4170,-58.1500
581.5380,-7.1500
581.6590,54.8500
581.7810,24.8500
581.9020,-89.1500
582.0240,-80.1500
582.1450,-84.1500
582.2660,9.8500
582.3880,-75.1500
582.5090,-74.1500
582.6300,14.8500
582.7510,8.8500
582.8730,-109.1500
582.9940,-38.1500
583.1150,19.8500
583.2370,92.8500
583.3580,-83.1500
583.4790,-101.1500
583.6000,91.8500
583.7220,33.8500
583.8430,-83.1500
583.9640,40.8500
584.0860,-17.1500
584.2070,82.8500
584.3280,-70.1500
584.4490,-32.1500
584.5700,36.8500
584.6920,39.8500
584.8130,198.8500
584.9340,-20.1500
585.0550,-22.1500
585.1770,68.8500
585.2980,-29.1500
585.4190,-95.1500
585.5400,99.8500
585.6610,52.8500
585.7830,-78.1500
585.9040,-74.1500
586.0250,46.8500
586.1460,-3.1500
586.2670,-104.1500
586.3880,4.8500
586.5100,136.8500
586.6310,-20.1500
586.7520,-117.1500
586.8730,-51.1500
586.9940,-19.1500
587.1150,-17.1500
587.2360,-94.1500
587.3570,-109.1500
587.4790,-35.1500
587.6000,6.8500
587.7210,-102.1500
587.8420,-83.1500
587.9630,53.8500
588.0840,109.8500
588.2050,-55.1500
588.3260,-77.1500
588.4470,34.8500
588.5680,63.8500
588.6890,-38.1500
588.8100,-14.1500
588.9310,20.8500
589.0520,26.8500
589.1740,-94.1500
589.2950,-26.1500
589.4160,30.8500
589.5370,81.8500
589.6580,-59.1500
589.7790,-72.1500
589.9000,89.8500
590.0210,78.8500
590.1420,-42.1500
590.2630,-176.1500
590.3840,35.8500
590.5050,73.8500
590.6260,-92.1500
590.7470,-23.1500
590.8670,94.8500
590.9880,58.8500
591.1090,-33.1500
591.2300,-7.1500
591.3510,77.8500
591.4720,96.8500
591.5930,-60.1500
591.7140,-29.1500
591.8350,-32.1500
591.9560,22.8500
592.0770,-100.1500
592.1980,-3.1500
592.3190,68.8500
592.4400,62.8500
592.5600,-36.1500
592.6810,-108.1500
592.8020,-51.1500
592.9230,38.8500
593.0440,-116.1500
593.1650,-96.1500
593.2860,75.8500
593.4070,23.8500
593.5270,-15.1500
593.6480,-85.1500
593.7690,-13.1500
593.8900,50.8500
594.0110,-15.1500
594.1320,-105.1500
594.2520,-59.1500
594.3730,5.8500
594.4940,-111.1500
594.6150,-46.1500
594.7360,12.8500
594.8560,22.8500
594.9770,-81.1500
595.0980,-12.1500
595.2190,-7.1500
595.3400,45.8500
595.4600,-143.1500
595.5810,42.8500
595.7020,44.8500
595.8230,-51.1500
595.9430,-62.1500
596.0640,-65.1500
596.1850,132.8500
596.3060,-71.1500
596.4260,-64.1500
596.5470,-102.1500
596.6680,88.8500
596.7880,113.8500
596.9090,-53.1500
597.0300,-13.1500
597.1510,31.8500
597.2710,-9.1500
597.3920,-76.1500
597.5130,7.8500
597.6330,89.8500
597.7540,66.8500
597.8750,-83.1500
597.9950,49.8500
598.1160,42.8500
598.2370,7.8500
598.3570,-82.1500
598.4780,-62.1500
598.5990,149.8500
598.7190,6.8500
598.8400,-118.1500
598.9600,-37.1500
599.0810,20.8500
599.2020,18.8500
599.3220,-86.1500
599.4430,-75.1500
599.5630,57.8500
599.6840,102.8500
599.8050,-99.1500
599.9250,-97.1500
600.0460,105.8500
600.1660,31.8500
600.2870,-22.1500
600.4070,-72.1500
600.5280,11.8500
600.6490,38.8500
600.7690,-69.1500
600.8900,-104.1500
601.0100,38.8500
601.1310,28.8500
601.2510,8.8500
601.3720,-55.1500
601.4920,-96.1500
601.6130,-27.1500
601.7330,-69.1500
601.8540,122.8500
601.9740,188.8500
602.0950,129.8500
602.2150,-79.1500
602.3360,-97.1500
602.4560,132.8500
602.5770,-0.1500
602.6970,166.8500
602.8170,-14.1500
602.9380,14.8500
603.0580,60.8500
603.1790,-109.1500
603.2990,-61.1500
603.4200,-25.1500
603.5400,67.8500
603.6600,-73.1500
603.7810,-54.1500
603.9010,10.8500
604.0220,95.8500
604.1420,-77.1500
604.2620,-18.1500
604.3830,-16.1500
604.5030,81.8500
604.6240,-77.1500
604.7440,-2.1500
604.8640,47.8500
604.9850,42.8500
605.1050,-43.1500
605.2250,-33.1500
605.3460,18.8500
605.4660,99.8500
605.5860,19.8500
605.7070,101.8500
605.8270,-34.1500
605.9470,-8.1500
606.0680,-58.1500
606.1880,-21.1500
606.3080,2.8500
606.4290,126.8500
606.5490,-74.1500
606.6690,-90.1500
606.7890,-18.1500
606.9100,64.8500
607.0300,-47.1500
607.1500,-32.1500
607.2700,42.8500
607.3910,105.8500
607.5110,-68.1500
607.6310,-49.1500
607.7510,132.8500
607.8720,42.8500
607.9920,-119.1500
608.1120,37.8500
608.2320,-33.1500
608.3530,-35.1500
608.4730,-5.1500
608.5930,45.8500
608.7130,97.8500
608.8330,80.8500
608.9540,-73.1500
609.0740,-75.1500
609.1940,-7.1500
609.3140,115.8500
609.4340,-1.1500
609.5540,-14.1500
609.6750,111.8500
609.7950,35.8500
609.9150,-87.1500
610.0350,64.8500
610.1550,29.8500
610.2750,32.8500
610.3950,11.8500
610.5160,-82.1500
610.6360,-7.1500
610.7560,-13.1500
610.8760,-12.1500
610.9960,-75.1500
611.1160,87.8500
611.2360,-163.1500
611.3560,-102.1500
611.4760,-47.1500
611.5960,-17.1500
611.7160,80.8500
611.8360,-112.1500
611.9570,-88.1500
612.0770,-60.1500
612.1970,27.8500
612.3170,-75.1500
612.4370,64.8500
612.5570,67.8500
612.6770,-0.1500
612.7970,-52.1500
612.9170,-29.1500
613.0370,28.8500
613.1570,32.8500
613.2770,-51.1500
613.3970,70.8500
613.5170,102.8500
613.6370,37.8500
613.7570,-73.1500
613.8770,-52.1500
613.9970,130.8500
614.1170,19.8500
614.2370,-44.1500
614.3560,-11.1500
614.4760,73.8500
614.5960,106.8500
614.7160,-57.1500
614.8360,-38.1500
614.9560,48.8500
615.0760,42.8500
615.1960,-99.1500
615.3160,-48.1500
615.4360,49.8500
615.5560,137.8500
615.6760,41.8500
615.7950,0.8500
615.9150,21.8500
616.0350,19.8500
616.1550,-46.1500
616.2750,-106.1500
616.3950,-7.1500
616.5150,75.8500
616.6350,-80.1500
616.7540,-117.1500
616.8740,57.8500
616.9940,35.8500
617.1140,16.8500
617.2340,27.8500
617.3540,44.8500
617.4730,195.8500
617.5930,-84.1500
617.7130,-39.1500
617.8330,41.8500
617.9530,47.8500
618.0720,-145.1500
618.1920,-36.1500
618.3120,86.8500
618.4320,134.8500
618.5510,-107.1500
618.6710,-30.1500
618.7910,86.8500
618.9110,48.8500
619.0300,-60.1500
619.1500,-41.1500
619.2700,9.8500
619.3900,-25.1500
619.5090,-81.1500
619.6290,-34.1500
619.7490,-25.1500
619.8680,78.8500
619.9880,-141.1500
620.1080,-42.1500
620.2280,278.8500
620.3470,73.8500
620.4670,-66.1500
620.5870,-83.1500
620.7060,87.8500
620.8260,41.8500
620.9460,-88.1500
621.0650,25.8500
621.1850,130.8500
621.3050,-2.1500
621.4240,-54.1500
621.5440,-147.1500
621.6630,116.8500
621.7830,35.8500
621.9030,55.8500
622.0220,-53.1500
622.1420,13.8500
622.2610,77.8500
622.3810,-16.1500
622.5010,17.8500
622.6200,17.8500
622.7400,10.8500
622.8590,-81.1500
622.9790,4.8500
623.0990,8.8500
623.2180,68.8500
623.3380,16.8500
623.4570,-13.1500
623.5770,22.8500
623.6960,48.8500
623.8160,-86.1500
623.9350,-74.1500
624.0550,11.8500
624.1740,70.8500
624.2940,-64.1500
624.4130,-91.1500
624.5330,109.8500
624.6520,18.8500
624.7720,-63.1500
624.8910,-136.1500
625.0110,78.8500
625.1300,47.8500
625.2500,-100.1500
625.3690,-67.1500
625.4890,57.8500
625.6080,5.8500
625.7280,-42.1500
625.8470,-55.1500
625.9660,25.8500
626.0860,-6.1500
626.2050,-67.1500
626.3250,-35.1500
626.4440,-56.1500
626.5640,144.8500
626.6830,1.8500
626.8020,37.8500
626.9220,148.8500
627.0410,82.8500
627.1610,-35.1500
627.2800,11.8500
627.3990,47.8500
627.5190,37.8500
627.6380,-150.1500
627.7570,-100.1500
627.8770,47.8500
627.9960,65.8500
628.1150,-8.1500
628.2350,9.8500
628.3540,-69.1500
628.4730,59.8500
628.5930,-12.1500
628.7120,-8.1500
628.8310,18.8500
628.9510,-33.1500
629.0700,10.8500
629.1890,-34.1500
629.3090,37.8500
629.4280,153.8500
629.5470,-101.1500
629.6660,-14.1500
629.7860,74.8500
629.9050,-53.1500
630.0240,18.8500
630.1430,-23.1500
630.2630,8.8500
630.3820,107.8500
630.5010,-99.1500
630.6200,-63.1500
630.7400,-23.1500
630.8590,73.8500
630.9780,-33.1500
631.0970,-83.1500
631.2160,26.8500
631.3360,194.8500
631.4550,-56.1500
631.5740,-61.1500
631.6930,44.8500
631.8120,37.8500
631.9320,-114.1500
632.0510,6.8500
632.1700,117.8500
632.2890,89.8500
632.4080,-82.1500
632.5270,-80.1500
632.6460,90.8500
632.7660,39.8500
632.8850,48.8500
633.0040,-124.1500
633.1230,-13.1500
633.2420,44.8500
633.3610,131.8500
633.4800,-35.1500
633.5990,6.8500
633.7180,106.8500
633.8380,-83.1500
633.9570,-81.1500
634.0760,48.8500
634.1950,72.8500
634.3140,-35.1500
634.4330,-58.1500
634.5520,31.8500
634.6710,39.8500
634.7900,39.8500
634.9090,4.8500
635.0280,6.8500
635.1470,101.8500
635.2660,-67.1500
635.3850,-30.1500
635.5040,-11.1500
635.6230,87.8500
635.7420,-116.1500
635.8610,-118.1500
635.9800,85.8500
636.0990,75.8500
636.2180,-68.1500
636.3370,-65.1500
636.4560,156.8500
636.5750,49.8500
636.6940,-21.1500
636.8130,-138.1500
636.9320,-53.1500
637.0510,73.8500
637.1700,-147.1500
637.2890,-50.1500
637.4080,-55.1500
637.5260,88.8500
637.6450,-149.1500
637.7640,-144.1500
637.8830,-20.1500
638.0020,124.8500
638.1210,49.8500
638.2400,-41.1500
638.3590,122.8500
638.4780,8.8500
638.5970,-69.1500
638.7150,73.8500
638.8340,51.8500
638.9530,114.8500
639.0720,-68.1500
639.1910,-139.1500
639.3100,80.8500
639.4280,73.8500
639.5470,-66.1500
639.6660,6.8500
639.7850,35.8500
639.9040,64.8500
640.0230,-87.1500
640.1410,-71.1500
640.2600,57.8500
640.3790,34.8500
640.4980,-120.1500
640.6160,-42.1500
640.7350,61.8500
640.8540,109.8500
640.9730,-69.1500
641.0920,-8.1500
641.2100,44.8500
641.3290,48.8500
641.4480,-14.1500
641.5670,65.8500
641.6850,10.8500
641.8040,90.8500
641.9230,-47.1500
642.0410,-71.1500
642.1600,32.8500
642.2790,143.8500
642.3980,-73.1500
642.5160,-84.1500
642.6350,87.8500
642.7540,68.8500
642.8720,-24.1500
642.9910,-17.1500
643.1100,14.8500
643.2280,43.8500
643.3470,-156.1500
643.4660,-119.1500
643.5840,44.8500
643.7030,175.8500
643.8210,-77.1500
643.9400,-40.1500
644.0590,96.8500
644.1770,107.8500
644.2960,-107.1500
644.4150,-58.1500
644.5330,68.8500
644.6520,65.8500
644.7700,-102.1500
644.8890,-118.1500
645.0080,148.8500
645.1260,4.8500
645.2450,-11.1500
645.3630,-17.1500
645.4820,-15.1500
645.6000,34.8500
645.7190,-75.1500
645.8370,-59.1500
645.9560,94.8500
646.0740,47.8500
646.1930,-69.1500
646.3120,-9.1500
646.4300,54.8500
646.5490,213.8500
646.6670,-174.1500
646.7860,-119.1500
646.9040,95.8500
647.0230,111.8500
647.1410,-104.1500
647.2600,-19.1500
647.3780,202.8500
647.4960,59.8500
647.6150,-122.1500
647.7330,-35.1500
647.8520,154.8500
647.9700,94.8500
648.0890,-47.1500
648.2070,-19.1500
648.3260,128.8500
648.4440,16.8500
648.5620,-80.1500
648.6810,-31.1500
648.7990,59.8500
648.9180,86.8500
649.0360,-70.1500
649.1540,-81.1500
649.2730,88.8500
649.3910,69.8500
649.5100,-95.1500
649.6280,-111.1500
649.7460,158.8500
649.8650,67.8500
649.9830,-72.1500
650.1010,-53.1500
650.2200,59.8500
650.3380,88.8500
650.4560,-71.1500
650.5750,-80.1500
650.6930,27.8500
650.8110,115.8500
650.9300,-122.1500
651.0480,241.8500
651.1660,178.8500
651.2850,50.8500
651.4030,-15.1500
651.5210,-27.1500
651.6390,107.8500
651.7580,94.8500
651.8760,1.8500
651.9940,-110.1500
652.1120,23.8500
652.2310,92.8500
652.3490,-101.1500
652.4670,-147.1500
652.5850,50.8500
652.7040,98.8500
652.8220,-125.1500
652.9400,-128.1500
653.0580,50.8500
653.1760,41.8500
653.2950,-58.1500
653.4130,-38.1500
653.5310,-7.1500
653.6490,70.8500
653.7670,-110.1500
653.8860,-132.1500
654.0040,-115.1500
654.1220,53.8500
654.2400,-128.1500
654.3580,-175.1500
654.4760,-13.1500
654.5940,124.8500
654.7130,-62.1500
654.8310,-112.1500
654.9490,39.8500
655.0670,67.8500
655.1850,-103.1500
655.3030,-57.1500
655.4210,81.8500
655.5390,121.8500
655.6580,-75.1500
655.7760,-65.1500
655.8940,103.8500
656.0120,90.8500
656.1300,-137.1500
656.2480,-48.1500
656.3660,43.8500
656.4840,22.8500
656.6020,-101.1500
656.7200,-97.1500
656.8380,30.8500
656.9560,67.8500
657.0740,-57.1500
657.1920,-63.1500
657.3100,-3.1500
657.4280,58.8500
657.5460,-75.1500
657.6640,-40.1500
657.7820,121.8500
657.9000,112.8500
658.0180,-102.1500
658.1360,-88.1500
658.2540,55.8500
658.3720,91.8500
658.4900,-102.1500
658.6080,-86.1500
658.7260,101.8500
658.8440,46.8500
658.9620,-100.1500
659.0800,-131.1500
659.1980,88.8500
659.3160,102.8500
