197.2500,-1212.0000
197.3850,-1212.0000
197.5190,-1212.0000
197.6530,-1202.0000
197.7870,162.0000
197.9220,-134.0000
198.0560,84.0000
198.1900,-4.0000
198.3240,30.0000
198.4590,-208.0000
198.5930,417.0000
198.7270,-21.0000
198.8610,-126.0000
198.9960,217.0000
199.1300,-268.0000
199.2640,-201.0000
199.3980,-34.0000
199.5330,248.0000
199.6670,103.0000
199.8010,-97.0000
199.9350,-284.0000
200.0700,-37.0000
200.2040,-6.0000
200.3380,-187.0000
200.4720,-187.0000
200.6060,-360.0000
200.7410,-179.0000
200.8750,-159.0000
201.0090,-70.0000
201.1430,-224.0000
201.2770,88.0000
201.4120,67.0000
201.5460,218.0000
201.6800,164.0000
201.8140,-179.0000
201.9480,37.0000
202.0820,-79.0000
202.2170,-301.0000
202.3510,-133.0000
202.4850,-42.0000
202.6190,-267.0000
202.7530,-342.0000
202.8870,295.0000
203.0210,122.0000
203.1560,210.0000
203.2900,27.0000
203.4240,-31.0000
203.5580,-158.0000
203.6920,-79.0000
203.8260,-313.0000
203.9600,-108.0000
204.0940,138.0000
204.2290,-162.0000
204.3630,-205.0000
204.4970,-327.0000
204.6310,-285.0000
204.7650,-233.0000
204.8990,-130.0000
205.0330,-150.0000
205.1670,-241.0000
205.3010,26.0000
205.4350,-326.0000
205.5690,-97.0000
205.7040,-72.0000
205.8380,-320.0000
205.9720,-155.0000
206.1060,528.0000
206.2400,-186.0000
206.3740,-211.0000
206.5080,26.0000
206.6420,35.0000
206.7760,-92.0000
206.9100,162.0000
207.0440,46.0000
207.1780,129.0000
207.3120,-32.0000
207.4460,-140.0000
207.5800,-161.0000
207.7140,-253.0000
207.8480,141.0000
207.9820,-353.0000
208.1160,31.0000
208.2500,-250.0000
208.3840,-186.0000
208.5180,-175.0000
208.6520,-232.0000
208.7860,-279.0000
208.9200,202.0000
209.0540,-77.0000
209.1880,-287.0000
209.3220,-112.0000
209.4560,-133.0000
209.5900,-289.0000
209.7240,-74.0000
209.8580,-44.0000
209.9920,-95.0000
210.1260,-186.0000
210.2600,-184.0000
210.3940,-93.0000
210.5280,-33.0000
210.6620,-197.0000
210.7960,-162.0000
210.9290,98.0000
211.0630,9.0000
211.1970,-91.0000
211.3310,-22.0000
211.4650,-194.0000
211.5990,51.0000
211.7330,139.0000
211.8670,-220.0000
212.0010,-190.0000
212.1350,-66.0000
212.2690,-233.0000
212.4020,-209.0000
212.5360,70.0000
212.6700,-135.0000
212.8040,-259.0000
212.9380,58.0000
213.0720,-203.0000
213.2060,-107.0000
213.3400,-180.0000
213.4730,-173.0000
213.6070,117.0000
213.7410,-286.0000
213.8750,-274.0000
214.0090,-214.0000
214.1430,-186.0000
214.2770,-151.0000
214.4100,-231.0000
214.5440,246.0000
214.6780,113.0000
214.8120,271.0000
214.9460,-266.0000
215.0800,-189.0000
215.2130,-209.0000
215.3470,-138.0000
215.4810,-109.0000
215.6150,-326.0000
215.7490,7.0000
215.8820,-239.0000
216.0160,-276.0000
216.1500,63.0000
216.2840,190.0000
216.4180,24.0000
216.5510,91.0000
216.6850,-2.0000
216.8190,-283.0000
216.9530,-142.0000
217.0860,261.0000
217.2200,-179.0000
217.3540,-53.0000
217.4880,74.0000
217.6210,82.0000
217.7550,-14.0000
217.8890,-132.0000
218.0230,-67.0000
218.1560,85.0000
218.2900,70.0000
218.4240,172.0000
218.5580,-210.0000
218.6910,-362.0000
218.8250,-136.0000
218.9590,369.0000
219.0920,-140.0000
219.2260,-346.0000
219.3600,-311.0000
219.4940,-85.0000
219.6270,-160.0000
219.7610,-200.0000
219.8950,-98.0000
220.0280,-321.0000
220.1620,512.0000
220.2960,137.0000
220.4290,-19.0000
220.5630,-77.0000
220.6970,-41.0000
220.8300,-252.0000
220.9640,-166.0000
221.0980,-274.0000
221.2310,-264.0000
221.3650,71.0000
221.4990,-213.0000
221.6320,-251.0000
221.7660,22.0000
221.9000,-119.0000
222.0330,47.0000
222.1670,87.0000
222.3000,-212.0000
222.4340,-9.0000
222.5680,245.0000
222.7010,-151.0000
222.8350,-141.0000
222.9680,-230.0000
223.1020,-246.0000
223.2360,-275.0000
223.3690,-16.0000
223.5030,-11.0000
223.6360,-256.0000
223.7700,-160.0000
223.9040,3.0000
224.0370,-166.0000
224.1710,86.0000
224.3040,30.0000
224.4380,-192.0000
224.5710,-112.0000
224.7050,194.0000
224.8390,-54.0000
224.9720,-359.0000
225.1060,-18.0000
225.2390,-112.0000
225.3730,64.0000
225.5060,-82.0000
225.6400,39.0000
225.7730,-122.0000
225.9070,-205.0000
226.0400,-327.0000
226.1740,-130.0000
226.3070,-55.0000
226.4410,-150.0000
226.5750,-6.0000
226.7080,148.0000
226.8420,-105.0000
226.9750,-178.0000
227.1090,-233.0000
227.2420,4.0000
227.3750,57.0000
227.5090,-55.0000
227.6420,-144.0000
227.7760,46.0000
227.9090,64.0000
228.0430,-232.0000
228.1760,221.0000
228.3100,-267.0000
228.4430,328.0000
228.5770,-58.0000
228.7100,-134.0000
228.8440,-41.0000
228.9770,-274.0000
229.1110,-193.0000
229.2440,64.0000
229.3770,-313.0000
229.5110,-48.0000
229.6440,-188.0000
229.7780,-171.0000
229.9110,-223.0000
230.0440,-163.0000
230.1780,-41.0000
230.3110,-231.0000
230.4450,41.0000
230.5780,-211.0000
230.7110,-92.0000
230.8450,342.0000
230.9780,47.0000
231.1120,-229.0000
231.2450,-231.0000
231.3780,-227.0000
231.5120,35.0000
231.6450,-405.0000
231.7790,-349.0000
231.9120,-70.0000
232.0450,75.0000
232.1790,-196.0000
232.3120,-139.0000
232.4450,84.0000
232.5790,266.0000
232.7120,161.0000
232.8450,-199.0000
232.9790,-351.0000
233.1120,9.0000
233.2450,-128.0000
233.3790,-311.0000
233.5120,-29.0000
233.6450,-237.0000
233.7790,-234.0000
233.9120,20.0000
234.0450,-162.0000
234.1790,15.0000
234.3120,-146.0000
234.4450,8.0000
234.5780,-38.0000
234.7120,-8.0000
234.8450,48.0000
234.9780,-194.0000
235.1120,-61.0000
235.2450,86.0000
235.3780,-177.0000
235.5110,-35.0000
235.6450,19.0000
235.7780,-14.0000
235.9110,-168.0000
236.0440,-290.0000
236.1780,281.0000
236.3110,-232.0000
236.4440,-260.0000
236.5770,-246.0000
236.7110,-54.0000
236.8440,-411.0000
236.9770,-160.0000
237.1100,-201.0000
237.2430,22.0000
237.3770,-271.0000
237.5100,-237.0000
237.6430,946.0000
237.7760,-158.0000
237.9090,-142.0000
238.0430,3.0000
238.1760,-220.0000
238.3090,-82.0000
238.4420,-322.0000
238.5750,-98.0000
238.7090,411.0000
238.8420,-12.0000
238.9750,-21.0000
239.1080,151.0000
239.2410,-297.0000
239.3740,-262.0000
239.5080,-196.0000
239.6410,181.0000
239.7740,328.0000
239.9070,-56.0000
240.0400,-257.0000
240.1730,29.0000
240.3060,206.0000
240.4400,-171.0000
240.5730,175.0000
240.7060,-148.0000
240.8390,8.0000
240.9720,-68.0000
241.1050,-46.0000
241.2380,24.0000
241.3710,-35.0000
241.5040,-55.0000
241.6380,-153.0000
241.7710,-40.0000
241.9040,-165.0000
242.0370,35.0000
242.1700,-190.0000
242.3030,-316.0000
242.4360,-72.0000
242.5690,-110.0000
242.7020,-233.0000
242.8350,-173.0000
242.9680,-34.0000
243.1010,-110.0000
243.2340,-219.0000
243.3670,-251.0000
243.5000,-127.0000
243.6340,-195.0000
243.7670,-313.0000
243.9000,-264.0000
244.0330,-224.0000
244.1660,76.0000
244.2990,-332.0000
244.4320,-263.0000
244.5650,-6.0000
244.6980,-342.0000
244.8310,-191.0000
244.9640,-253.0000
245.0970,-189.0000
245.2300,3.0000
245.3630,172.0000
245.4960,-293.0000
245.6290,-150.0000
245.7620,451.0000
245.8950,-267.0000
246.0280,-207.0000
246.1610,451.0000
246.2940,39.0000
246.4270,-249.0000
246.5590,82.0000
246.6920,-55.0000
246.8250,-151.0000
246.9580,-236.0000
247.0910,-298.0000
247.2240,-321.0000
247.3570,-208.0000
247.4900,118.0000
247.6230,-165.0000
247.7560,-272.0000
247.8890,291.0000
248.0220,-80.0000
248.1550,-284.0000
248.2880,-91.0000
248.4210,-242.0000
248.5530,31.0000
248.6860,-226.0000
248.8190,90.0000
248.9520,-253.0000
249.0850,159.0000
249.2180,-39.0000
249.3510,-99.0000
249.4840,141.0000
249.6170,-63.0000
249.7490,-271.0000
249.8820,-253.0000
250.0150,-246.0000
250.1480,-159.0000
250.2810,-240.0000
250.4140,-155.0000
250.5470,-173.0000
250.6790,189.0000
250.8120,-130.0000
250.9450,21.0000
251.0780,-270.0000
251.2110,-155.0000
251.3440,-293.0000
251.4760,-188.0000
251.6090,-12.0000
251.7420,-310.0000
251.8750,-91.0000
252.0080,-232.0000
252.1400,-327.0000
252.2730,-97.0000
252.4060,103.0000
252.5390,-44.0000
252.6720,-81.0000
252.8040,177.0000
252.9370,-284.0000
253.0700,-33.0000
253.2030,-126.0000
253.3350,70.0000
253.4680,-381.0000
253.6010,-157.0000
253.7340,-59.0000
253.8660,-140.0000
253.9990,371.0000
254.1320,-3.0000
254.2650,-144.0000
254.3970,-169.0000
254.5300,-131.0000
254.6630,28.0000
254.7960,-238.0000
254.9280,-284.0000
255.0610,-230.0000
255.1940,-77.0000
255.3270,-319.0000
255.4590,-40.0000
255.5920,-273.0000
255.7250,185.0000
255.8570,-235.0000
255.9900,-4.0000
256.1230,-263.0000
256.2550,-236.0000
256.3880,-50.0000
256.5210,-251.0000
256.6530,-298.0000
256.7860,-249.0000
256.9190,-190.0000
257.0510,-255.0000
257.1840,-17.0000
257.3170,-207.0000
257.4490,-283.0000
257.5820,-112.0000
257.7150,-216.0000
257.8470,-229.0000
257.9800,-97.0000
258.1130,-180.0000
258.2450,-135.0000
258.3780,-354.0000
258.5100,-278.0000
258.6430,-228.0000
258.7760,86.0000
258.9080,-291.0000
259.0410,-72.0000
259.1740,-188.0000
259.3060,-199.0000
259.4390,-285.0000
259.5710,-196.0000
259.7040,-110.0000
259.8370,142.0000
259.9690,-224.0000
260.1020,-224.0000
260.2340,224.0000
260.3670,68.0000
260.4990,-239.0000
260.6320,-179.0000
260.7650,-200.0000
260.8970,-233.0000
261.0300,-247.0000
261.1620,-61.0000
261.2950,-73.0000
261.4270,81.0000
261.5600,-79.0000
261.6920,-266.0000
261.8250,-54.0000
261.9570,99.0000
262.0900,128.0000
262.2220,1.0000
262.3550,-256.0000
262.4870,-131.0000
262.6200,-280.0000
262.7520,-120.0000
262.8850,-154.0000
263.0170,-16.0000
263.1500,-215.0000
263.2820,-88.0000
263.4150,-260.0000
263.5470,-23.0000
263.6800,199.0000
263.8120,-308.0000
263.9450,-136.0000
264.0770,-255.0000
264.2100,144.0000
264.3420,-306.0000
264.4750,-234.0000
264.6070,144.0000
264.7400,-396.0000
264.8720,-99.0000
265.0040,105.0000
265.1370,57.0000
265.2690,325.0000
265.4020,-260.0000
265.5340,-188.0000
265.6670,-177.0000
265.7990,137.0000
265.9310,-92.0000
266.0640,-12.0000
266.1960,-140.0000
266.3290,-172.0000
266.4610,-170.0000
266.5930,26.0000
266.7260,-350.0000
266.8580,-161.0000
266.9900,-90.0000
267.1230,-185.0000
267.2550,-81.0000
267.3880,-133.0000
267.5200,-249.0000
267.6520,-205.0000
267.7850,136.0000
267.9170,-19.0000
268.0490,-135.0000
268.1820,380.0000
268.3140,59.0000
268.4460,-333.0000
268.5790,-210.0000
268.7110,173.0000
268.8430,-179.0000
268.9760,-55.0000
269.1080,369.0000
269.2400,145.0000
269.3730,-26.0000
269.5050,-181.0000
269.6370,-151.0000
269.7700,-239.0000
269.9020,120.0000
270.0340,-287.0000
270.1670,21.0000
270.2990,-23.0000
270.4310,8.0000
270.5630,-186.0000
270.6960,-16.0000
270.8280,-111.0000
270.9600,-97.0000
271.0920,-30.0000
271.2250,-254.0000
271.3570,-53.0000
271.4890,-174.0000
271.6210,-262.0000
271.7540,511.0000
271.8860,-224.0000
272.0180,-202.0000
272.1500,291.0000
272.2830,-278.0000
272.4150,-184.0000
272.5470,54.0000
272.6790,88.0000
272.8110,-100.0000
272.9440,-99.0000
273.0760,-359.0000
273.2080,-50.0000
273.3400,-90.0000
273.4730,-126.0000
273.6050,92.0000
273.7370,-298.0000
273.8690,-39.0000
274.0010,-400.0000
274.1330,-10.0000
274.2660,-221.0000
274.3980,1425.0000
274.5300,26.0000
274.6620,134.0000
274.7940,15.0000
274.9260,63.0000
275.0590,-194.0000
275.1910,-5.0000
275.3230,-250.0000
275.4550,101.0000
275.5870,-227.0000
275.7190,-164.0000
275.8510,-107.0000
275.9830,35.0000
276.1160,-30.0000
276.2480,77.0000
276.3800,-267.0000
276.5120,-20.0000
276.6440,-167.0000
276.7760,-261.0000
276.9080,-46.0000
277.0400,-138.0000
277.1720,44.0000
277.3040,-202.0000
277.4370,-35.0000
277.5690,-214.0000
277.7010,-213.0000
277.8330,-121.0000
277.9650,-183.0000
278.0970,69.0000
278.2290,-200.0000
278.3610,-147.0000
278.4930,82.0000
278.6250,180.0000
278.7570,40.0000
278.8890,-248.0000
279.0210,-187.0000
279.1530,514.0000
279.2850,-226.0000
279.4170,573.0000
279.5490,62.0000
279.6810,-122.0000
279.8130,-197.0000
279.9450,30.0000
280.0770,-212.0000
280.2090,1106.0000
280.3410,-265.0000
280.4730,-173.0000
280.6050,71.0000
280.7370,-11.0000
280.8690,192.0000
281.0010,-71.0000
281.1330,-346.0000
281.2650,-2.0000
281.3970,-142.0000
281.5290,233.0000
281.6610,-278.0000
281.7930,-357.0000
281.9250,-232.0000
282.0570,-141.0000
282.1890,-156.0000
282.3210,-34.0000
282.4530,26.0000
282.5850,-260.0000
282.7170,116.0000
282.8490,-84.0000
282.9800,-144.0000
283.1120,-227.0000
283.2440,-26.0000
283.3760,-246.0000
283.5080,-348.0000
283.6400,-237.0000
283.7720,66.0000
283.9040,80.0000
284.0360,-301.0000
284.1680,99.0000
284.2990,-72.0000
284.4310,-45.0000
284.5630,-137.0000
284.6950,-156.0000
284.8270,-254.0000
284.9590,1.0000
285.0910,-259.0000
285.2220,-230.0000
285.3540,-185.0000
285.4860,-124.0000
285.6180,-250.0000
285.7500,-133.0000
285.8820,158.0000
286.0130,32.0000
286.1450,-47.0000
286.2770,-4.0000
286.4090,72.0000
286.5410,33.0000
286.6730,-225.0000
286.8040,-210.0000
286.9360,-67.0000
287.0680,-212.0000
287.2000,-261.0000
287.3320,311.0000
287.4630,-326.0000
287.5950,-53.0000
287.7270,411.0000
287.8590,-122.0000
287.9900,-139.0000
288.1220,-228.0000
288.2540,15.0000
288.3860,-165.0000
288.5170,-293.0000
288.6490,-187.0000
288.7810,-15.0000
288.9130,-6.0000
289.0440,-260.0000
289.1760,181.0000
289.3080,-172.0000
289.4400,-360.0000
289.5710,-204.0000
289.7030,-263.0000
289.8350,78.0000
289.9670,-256.0000
290.0980,-341.0000
290.2300,-316.0000
290.3620,78.0000
290.4930,-317.0000
290.6250,-221.0000
290.7570,-200.0000
290.8880,-153.0000
291.0200,-51.0000
291.1520,-10.0000
291.2830,-31.0000
291.4150,-137.0000
291.5470,-253.0000
291.6780,-254.0000
291.8100,-42.0000
291.9420,250.0000
292.0730,-39.0000
292.2050,-300.0000
292.3370,55.0000
292.4680,497.0000
292.6000,-187.0000
292.7320,598.0000
292.8630,-233.0000
292.9950,-341.0000
293.1260,31.0000
293.2580,171.0000
293.3900,-270.0000
293.5210,-239.0000
293.6530,-302.0000
293.7850,102.0000
293.9160,-157.0000
294.0480,16.0000
294.1790,22.0000
294.3110,-244.0000
294.4420,29.0000
294.5740,-275.0000
294.7060,-112.0000
294.8370,61.0000
294.9690,-76.0000
295.1000,-242.0000
295.2320,-254.0000
295.3630,185.0000
295.4950,-197.0000
295.6270,-20.0000
295.7580,108.0000
295.8900,-364.0000
296.0210,2.0000
296.1530,57.0000
296.2840,-104.0000
296.4160,-127.0000
296.5470,-192.0000
296.6790,-52.0000
296.8100,-35.0000
296.9420,-371.0000
297.0730,-275.0000
297.2050,-277.0000
297.3360,-181.0000
297.4680,-226.0000
297.5990,-58.0000
297.7310,-344.0000
297.8620,-129.0000
297.9940,-325.0000
298.1250,-277.0000
298.2570,-134.0000
298.3880,17.0000
298.5200,-23.0000
298.6510,-143.0000
298.7820,244.0000
298.9140,-237.0000
299.0450,-166.0000
299.1770,-301.0000
299.3080,-330.0000
299.4400,-3.0000
299.5710,-44.0000
299.7020,-164.0000
299.8340,-110.0000
299.9650,-136.0000
300.0970,-248.0000
300.2280,-46.0000
300.3600,-77.0000
300.4910,-94.0000
300.6220,4.0000
300.7540,-132.0000
300.8850,-203.0000
301.0170,-37.0000
301.1480,-207.0000
301.2790,-347.0000
301.4110,-2.0000
301.5420,-39.0000
301.6730,-46.0000
301.8050,3.0000
301.9360,-203.0000
302.0670,-148.0000
302.1990,-177.0000
302.3300,-270.0000
302.4610,302.0000
302.5930,-18.0000
302.7240,-31.0000
302.8550,-308.0000
302.9870,-139.0000
303.1180,-306.0000
303.2490,-320.0000
303.3810,-131.0000
303.5120,-207.0000
303.6430,-203.0000
303.7750,92.0000
303.9060,-241.0000
304.0370,-247.0000
304.1690,-228.0000
304.3000,-172.0000
304.4310,-304.0000
304.5620,-251.0000
304.6940,-177.0000
304.8250,-54.0000
304.9560,103.0000
305.0870,-180.0000
305.2190,-10.0000
305.3500,-69.0000
305.4810,-211.0000
305.6120,22.0000
305.7440,-23.0000
305.8750,-153.0000
306.0060,498.0000
306.1370,-215.0000
306.2690,-61.0000
306.4000,30.0000
306.5310,82.0000
306.6620,-142.0000
306.7940,110.0000
306.9250,-215.0000
307.0560,-272.0000
307.1870,-31.0000
307.3180,-127.0000
307.4500,-166.0000
307.5810,-223.0000
307.7120,-240.0000
307.8430,-122.0000
307.9740,-63.0000
308.1050,89.0000
308.2370,-63.0000
308.3680,-301.0000
308.4990,-164.0000
308.6300,8.0000
308.7610,-114.0000
308.8920,-114.0000
309.0240,-131.0000
309.1550,-194.0000
309.2860,-186.0000
309.4170,-286.0000
309.5480,-158.0000
309.6790,-154.0000
309.8100,-409.0000
309.9410,457.0000
310.0730,-27.0000
310.2040,-316.0000
310.3350,-10.0000
310.4660,-190.0000
310.5970,-241.0000
310.7280,-179.0000
310.8590,348.0000
310.9900,282.0000
311.1210,-93.0000
311.2520,-118.0000
311.3830,-268.0000
311.5140,-59.0000
311.6460,-175.0000
311.7770,-9.0000
311.9080,-66.0000
312.0390,-154.0000
312.1700,-325.0000
312.3010,-148.0000
312.4320,-227.0000
312.5630,-320.0000
312.6940,-52.0000
312.8250,-156.0000
312.9560,-232.0000
313.0870,39.0000
313.2180,42.0000
313.3490,-144.0000
313.4800,-346.0000
313.6110,-149.0000
313.7420,-73.0000
313.8730,70.0000
314.0040,-55.0000
314.1350,-183.0000
314.2660,-69.0000
314.3970,-183.0000
314.5280,-296.0000
314.6590,-273.0000
314.7900,-236.0000
314.9210,33.0000
315.0520,8.0000
315.1830,-266.0000
315.3140,-298.0000
315.4450,51.0000
315.5760,-37.0000
315.7070,-159.0000
315.8380,-188.0000
315.9680,-22.0000
316.0990,-293.0000
316.2300,-307.0000
316.3610,94.0000
316.4920,-133.0000
316.6230,52.0000
316.7540,164.0000
316.8850,-364.0000
317.0160,-308.0000
317.1470,-375.0000
317.2780,88.0000
317.4080,-214.0000
317.5390,-277.0000
317.6700,-271.0000
317.8010,-35.0000
317.9320,-197.0000
318.0630,-213.0000
318.1940,-157.0000
318.3250,-10.0000
318.4550,-357.0000
318.5860,-171.0000
318.7170,-33.0000
318.8480,-340.0000
318.9790,81.0000
319.1100,271.0000
319.2400,33.0000
319.3710,54.0000
319.5020,-110.0000
319.6330,-208.0000
319.7640,-117.0000
319.8950,-270.0000
320.0250,-101.0000
320.1560,-318.0000
320.2870,-409.0000
320.4180,-262.0000
320.5490,-80.0000
320.6790,-329.0000
320.8100,102.0000
320.9410,-332.0000
321.0720,-311.0000
321.2020,-22.0000
321.3330,220.0000
321.4640,-401.0000
321.5950,-260.0000
321.7260,211.0000
321.8560,-378.0000
321.9870,-136.0000
322.1180,-243.0000
322.2490,-12.0000
322.3790,-70.0000
322.5100,15.0000
322.6410,-71.0000
322.7710,-336.0000
322.9020,-107.0000
323.0330,-111.0000
323.1640,680.0000
323.2940,-156.0000
323.4250,-250.0000
323.5560,-210.0000
323.6860,-101.0000
323.8170,322.0000
323.9480,-27.0000
324.0780,-162.0000
324.2090,145.0000
324.3400,-194.0000
324.4700,201.0000
324.6010,-202.0000
324.7320,-70.0000
324.8620,3.0000
324.9930,-190.0000
325.1240,-399.0000
325.2540,-82.0000
325.3850,-86.0000
325.5160,499.0000
325.6460,376.0000
325.7770,-180.0000
325.9080,-179.0000
326.0380,37.0000
326.1690,-137.0000
326.2990,-72.0000
326.4300,111.0000
326.5610,-149.0000
326.6910,-152.0000
326.8220,-275.0000
326.9520,-232.0000
327.0830,-72.0000
327.2140,-261.0000
327.3440,-78.0000
327.4750,0.0000
327.6050,-79.0000
327.7360,-151.0000
327.8670,-300.0000
327.9970,-145.0000
328.1280,-65.0000
328.2580,-343.0000
328.3890,240.0000
328.5190,-298.0000
328.6500,6.0000
328.7800,-239.0000
328.9110,-37.0000
329.0410,71.0000
329.1720,-355.0000
329.3030,-232.0000
329.4330,-169.0000
329.5640,-285.0000
329.6940,-265.0000
329.8250,-199.0000
329.9550,-43.0000
330.0860,452.0000
330.2160,-130.0000
330.3470,-300.0000
330.4770,-114.0000
330.6080,-143.0000
330.7380,-123.0000
330.8680,-316.0000
330.9990,-181.0000
331.1290,110.0000
331.2600,-264.0000
331.3900,-201.0000
331.5210,118.0000
331.6510,19.0000
331.7820,-338.0000
331.9120,-290.0000
332.0430,-266.0000
332.1730,39.0000
332.3030,-321.0000
332.4340,133.0000
332.5640,-34.0000
332.6950,-221.0000
332.8250,-325.0000
332.9560,-204.0000
333.0860,-119.0000
333.2160,-277.0000
333.3470,-55.0000
333.4770,-402.0000
333.6080,-107.0000
333.7380,-33.0000
333.8680,-169.0000
333.9990,-58.0000
334.1290,77.0000
334.2590,-78.0000
334.3900,-241.0000
334.5200,24.0000
334.6500,-170.0000
334.7810,146.0000
334.9110,-191.0000
335.0420,-231.0000
335.1720,-34.0000
335.3020,-138.0000
335.4330,250.0000
335.5630,-267.0000
335.6930,-6.0000
335.8240,233.0000
335.9540,-387.0000
336.0840,-48.0000
336.2140,-46.0000
336.3450,294.0000
336.4750,70.0000
336.6050,-244.0000
336.7360,297.0000
336.8660,-123.0000
336.9960,-163.0000
337.1260,-304.0000
337.2570,-71.0000
337.3870,-357.0000
337.5170,-221.0000
337.6480,-363.0000
337.7780,166.0000
337.9080,86.0000
338.0380,31.0000
338.1690,-189.0000
338.2990,204.0000
338.4290,-73.0000
338.5590,-231.0000
338.6900,-187.0000
338.8200,382.0000
338.9500,-35.0000
339.0800,-455.0000
339.2100,-308.0000
339.3410,-107.0000
339.4710,8.0000
339.6010,-106.0000
339.7310,-70.0000
339.8610,-167.0000
339.9920,-143.0000
340.1220,-111.0000
340.2520,-222.0000
340.3820,-203.0000
340.5120,-107.0000
340.6420,174.0000
340.7730,-67.0000
340.9030,-320.0000
341.0330,-117.0000
341.1630,-54.0000
341.2930,86.0000
341.4230,-217.0000
341.5540,-310.0000
341.6840,-23.0000
341.8140,-142.0000
341.9440,-192.0000
342.0740,-121.0000
342.2040,-184.0000
342.3340,182.0000
342.4640,-293.0000
342.5950,-180.0000
342.7250,-304.0000
342.8550,-67.0000
342.9850,-175.0000
343.1150,-262.0000
343.2450,-375.0000
343.3750,-17.0000
343.5050,-159.0000
343.6350,-14.0000
343.7650,-197.0000
343.8950,-391.0000
344.0250,31.0000
344.1550,-279.0000
344.2860,-190.0000
344.4160,-66.0000
344.5460,105.0000
344.6760,-111.0000
344.8060,150.0000
344.9360,-68.0000
345.0660,170.0000
345.1960,-261.0000
345.3260,-311.0000
345.4560,89.0000
345.5860,-267.0000
345.7160,-278.0000
345.8460,36.0000
345.9760,-399.0000
346.1060,-129.0000
346.2360,39.0000
346.3660,10.0000
346.4960,-163.0000
346.6260,-170.0000
346.7560,-209.0000
346.8860,-245.0000
347.0160,-349.0000
347.1460,-242.0000
347.2760,-289.0000
347.4060,-225.0000
347.5360,-48.0000
347.6660,84.0000
347.7950,-270.0000
347.9250,-173.0000
348.0550,125.0000
348.1850,-194.0000
348.3150,-195.0000
348.4450,103.0000
348.5750,-213.0000
348.7050,-261.0000
348.8350,-263.0000
348.9650,-163.0000
349.0950,-3.0000
349.2250,221.0000
349.3540,-251.0000
349.4840,-160.0000
349.6140,-143.0000
349.7440,-264.0000
349.8740,-263.0000
350.0040,-339.0000
350.1340,-299.0000
350.2640,-333.0000
350.3930,-291.0000
350.5230,124.0000
350.6530,-313.0000
350.7830,-12.0000
350.9130,167.0000
351.0430,-251.0000
351.1730,-192.0000
351.3020,-35.0000
351.4320,170.0000
351.5620,-113.0000
351.6920,-112.0000
351.8220,-170.0000
351.9510,-389.0000
352.0810,148.0000
352.2110,-102.0000
352.3410,155.0000
352.4710,110.0000
352.6000,-140.0000
352.7300,-237.0000
352.8600,-154.0000
352.9900,-74.0000
353.1200,-76.0000
353.2490,-88.0000
353.3790,-250.0000
353.5090,54.0000
353.6390,-311.0000
353.7680,-95.0000
353.8980,-221.0000
354.0280,-274.0000
354.1580,-207.0000
354.2870,-229.0000
354.4170,-276.0000
354.5470,-272.0000
354.6770,-379.0000
354.8060,-141.0000
354.9360,5.0000
355.0660,-204.0000
355.1950,-26.0000
355.3250,-17.0000
355.4550,-258.0000
355.5840,177.0000
355.7140,-268.0000
355.8440,113.0000
355.9740,-31.0000
356.1030,-144.0000
356.2330,-158.0000
356.3630,22.0000
356.4920,-289.0000
356.6220,-280.0000
356.7520,-74.0000
356.8810,-356.0000
357.0110,35.0000
357.1400,117.0000
357.2700,-154.0000
357.4000,38.0000
357.5290,-178.0000
357.6590,126.0000
357.7890,52.0000
357.9180,-306.0000
358.0480,-340.0000
358.1770,-132.0000
358.3070,-244.0000
358.4370,-84.0000
358.5660,-235.0000
358.6960,54.0000
358.8250,91.0000
358.9550,-310.0000
359.0850,19.0000
359.2140,-406.0000
359.3440,-90.0000
359.4730,-269.0000
359.6030,-175.0000
359.7330,-211.0000
359.8620,-359.0000
359.9920,62.0000
360.1210,-173.0000
360.2510,6.0000
360.3800,-344.0000
360.5100,70.0000
360.6390,-181.0000
360.7690,-76.0000
360.8980,83.0000
361.0280,67.0000
361.1570,-79.0000
361.2870,-63.0000
361.4160,-258.0000
361.5460,-174.0000
361.6750,-169.0000
361.8050,-178.0000
361.9340,20.0000
362.0640,-175.0000
362.1930,-208.0000
362.3230,-275.0000
362.4520,90.0000
362.5820,-258.0000
362.7110,-151.0000
362.8410,29.0000
362.9700,-29.0000
363.1000,-266.0000
363.2290,-336.0000
363.3590,-129.0000
363.4880,-236.0000
363.6170,-114.0000
363.7470,-99.0000
363.8760,-386.0000
364.0060,-43.0000
364.1350,-106.0000
364.2650,-157.0000
364.3940,-204.0000
364.5230,279.0000
364.6530,-252.0000
364.7820,-12.0000
364.9120,-259.0000
365.0410,-273.0000
365.1700,-259.0000
365.3000,-70.0000
365.4290,151.0000
365.5580,-173.0000
365.6880,-233.0000
365.8170,-300.0000
365.9470,-77.0000
366.0760,-122.0000
366.2050,-104.0000
366.3350,-375.0000
366.4640,-254.0000
366.5930,87.0000
366.7230,-153.0000
366.8520,-152.0000
366.9810,-83.0000
367.1110,-303.0000
367.2400,-161.0000
367.3690,-138.0000
367.4990,477.0000
367.6280,121.0000
367.7570,-189.0000
367.8860,-68.0000
368.0160,62.0000
368.1450,-148.0000
368.2740,-68.0000
368.4040,-314.0000
368.5330,-125.0000
368.6620,8.0000
368.7910,-213.0000
368.9210,-389.0000
369.0500,138.0000
369.1790,-81.0000
369.3080,287.0000
369.4380,-312.0000
369.5670,-360.0000
369.6960,-157.0000
369.8250,-11.0000
369.9550,-185.0000
370.0840,-39.0000
370.2130,-100.0000
370.3420,-299.0000
370.4720,-301.0000
370.6010,390.0000
370.7300,4.0000
370.8590,-423.0000
370.9880,-190.0000
371.1180,-278.0000
371.2470,-3.0000
371.3760,68.0000
371.5050,-79.0000
371.6340,-24.0000
371.7630,-138.0000
371.8930,-269.0000
372.0220,-188.0000
372.1510,-259.0000
372.2800,-324.0000
372.4090,-393.0000
372.5380,-191.0000
372.6670,-64.0000
372.7970,105.0000
372.9260,-368.0000
373.0550,-85.0000
373.1840,-124.0000
373.3130,-268.0000
373.4420,-36.0000
373.5710,-234.0000
373.7000,-146.0000
373.8300,-60.0000
373.9590,-420.0000
374.0880,-176.0000
374.2170,89.0000
374.3460,-204.0000
374.4750,-374.0000
374.6040,-238.0000
374.7330,233.0000
374.8620,-143.0000
374.9910,-283.0000
375.1200,-84.0000
375.2490,-70.0000
375.3780,-251.0000
375.5080,-299.0000
375.6370,-317.0000
375.7660,46.0000
375.8950,-169.0000
376.0240,125.0000
376.1530,-267.0000
376.2820,-111.0000
376.4110,-248.0000
376.5400,-450.0000
376.6690,-63.0000
376.7980,-162.0000
376.9270,-267.0000
377.0560,71.0000
377.1850,-74.0000
377.3140,62.0000
377.4430,233.0000
377.5720,-286.0000
377.7010,-281.0000
377.8300,143.0000
377.9590,-6.0000
378.0880,1666.0000
378.2170,139.0000
378.3460,-185.0000
378.4740,-380.0000
378.6030,-310.0000
378.7320,-62.0000
378.8610,-210.0000
378.9900,-295.0000
379.1190,-393.0000
379.2480,-90.0000
379.3770,-160.0000
379.5060,-190.0000
379.6350,100.0000
379.7640,-99.0000
379.8930,-285.0000
380.0220,-327.0000
380.1500,-89.0000
380.2790,-342.0000
380.4080,-276.0000
380.5370,-133.0000
380.6660,-37.0000
380.7950,-81.0000
380.9240,-163.0000
381.0530,-282.0000
381.1810,-67.0000
381.3100,745.0000
381.4390,-268.0000
381.5680,-163.0000
381.6970,-186.0000
381.8260,-140.0000
381.9550,-264.0000
382.0830,-133.0000
382.2120,-339.0000
382.3410,14.0000
382.4700,-280.0000
382.5990,-147.0000
382.7270,237.0000
382.8560,-63.0000
382.9850,-22.0000
383.1140,-178.0000
383.2430,-225.0000
383.3710,-114.0000
383.5000,-252.0000
383.6290,-273.0000
383.7580,-242.0000
383.8870,-410.0000
384.0150,-83.0000
384.1440,-308.0000
384.2730,-106.0000
384.4020,-81.0000
384.5300,-251.0000
384.6590,-292.0000
384.7880,-285.0000
384.9170,-239.0000
385.0450,-112.0000
385.1740,-141.0000
385.3030,-406.0000
385.4320,37.0000
385.5600,-99.0000
385.6890,-186.0000
385.8180,-70.0000
385.9460,-12.0000
386.0750,-242.0000
386.2040,-284.0000
386.3320,-111.0000
386.4610,10.0000
386.5900,37.0000
386.7180,-297.0000
386.8470,-184.0000
386.9760,-184.0000
387.1040,-361.0000
387.2330,-314.0000
387.3620,-110.0000
387.4900,-92.0000
387.6190,-301.0000
387.7480,-134.0000
387.8760,121.0000
388.0050,-108.0000
388.1340,89.0000
388.2620,-327.0000
388.3910,-254.0000
388.5200,-54.0000
388.6480,-290.0000
388.7770,60.0000
388.9050,-247.0000
389.0340,-177.0000
389.1630,-238.0000
389.2910,-121.0000
389.4200,19.0000
389.5480,58.0000
389.6770,-124.0000
389.8050,-90.0000
389.9340,-30.0000
390.0630,-327.0000
390.1910,-349.0000
390.3200,-235.0000
390.4480,-160.0000
390.5770,-305.0000
390.7050,-310.0000
390.8340,-143.0000
390.9620,-311.0000
391.0910,-267.0000
391.2200,60.0000
391.3480,129.0000
391.4770,-20.0000
391.6050,-358.0000
391.7340,-221.0000
391.8620,-216.0000
391.9910,-299.0000
392.1190,-280.0000
392.2480,-165.0000
392.3760,-98.0000
392.5050,-170.0000
392.6330,-220.0000
392.7620,293.0000
392.8900,-321.0000
393.0180,47.0000
393.1470,-207.0000
393.2750,-372.0000
393.4040,-297.0000
393.5320,-222.0000
393.6610,-107.0000
393.7890,-91.0000
393.9180,-136.0000
394.0460,-162.0000
394.1740,-119.0000
394.3030,-349.0000
394.4310,-237.0000
394.5600,27.0000
394.6880,-350.0000
394.8170,-397.0000
394.9450,91.0000
395.0730,25.0000
395.2020,-87.0000
395.3300,-161.0000
395.4590,-144.0000
395.5870,96.0000
395.7150,64.0000
395.8440,-116.0000
395.9720,-445.0000
396.1000,63.0000
396.2290,-289.0000
396.3570,-70.0000
396.4850,-201.0000
396.6140,-275.0000
396.7420,81.0000
396.8700,-119.0000
396.9990,-38.0000
397.1270,-337.0000
397.2550,-48.0000
397.3840,56.0000
397.5120,-361.0000
397.6400,-270.0000
397.7690,-206.0000
397.8970,-46.0000
398.0250,-169.0000
398.1540,-95.0000
398.2820,171.0000
398.4100,-79.0000
398.5380,-130.0000
398.6670,-242.0000
398.7950,-242.0000
398.9230,24.0000
399.0520,-207.0000
399.1800,-179.0000
399.3080,-134.0000
399.4360,184.0000
399.5650,-296.0000
399.6930,-65.0000
399.8210,-148.0000
399.9490,-233.0000
400.0780,271.0000
400.2060,-326.0000
400.3340,-306.0000
400.4620,-164.0000
400.5900,-350.0000
400.7190,-211.0000
400.8470,-309.0000
400.9750,-67.0000
401.1030,-269.0000
401.2310,-98.0000
401.3600,-119.0000
401.4880,-56.0000
401.6160,-185.0000
401.7440,-162.0000
401.8720,-245.0000
402.0000,-20.0000
402.1290,-236.0000
402.2570,-292.0000
402.3850,-167.0000
402.5130,-164.0000
402.6410,-202.0000
402.7690,-154.0000
402.8970,-262.0000
403.0260,-351.0000
403.1540,-394.0000
403.2820,-326.0000
403.4100,-203.0000
403.5380,135.0000
403.6660,-343.0000
403.7940,-152.0000
403.9220,-103.0000
404.0500,-108.0000
404.1790,-152.0000
404.3070,-84.0000
404.4350,-304.0000
404.5630,-300.0000
404.6910,-396.0000
404.8190,452.0000
404.9470,-307.0000
405.0750,-256.0000
405.2030,-332.0000
405.3310,-234.0000
405.4590,-299.0000
405.5870,-87.0000
405.7150,-255.0000
405.8430,-212.0000
405.9710,-97.0000
406.0990,142.0000
406.2270,-63.0000
406.3550,-175.0000
406.4830,-376.0000
406.6110,-42.0000
406.7390,-313.0000
406.8670,-327.0000
406.9950,-233.0000
407.1230,-200.0000
407.2510,-410.0000
407.3790,-324.0000
407.5070,-54.0000
407.6350,-141.0000
407.7630,-440.0000
407.8910,-393.0000
408.0190,-4.0000
408.1470,6.0000
408.2750,166.0000
408.4030,-335.0000
408.5310,-377.0000
408.6590,177.0000
408.7870,-117.0000
408.9150,-231.0000
409.0430,-266.0000
409.1710,77.0000
409.2990,6.0000
409.4270,62.0000
409.5540,-373.0000
409.6820,304.0000
409.8100,-104.0000
409.9380,-191.0000
410.0660,32.0000
410.1940,-98.0000
410.3220,-309.0000
410.4500,-226.0000
410.5780,-355.0000
410.7050,-299.0000
410.8330,-112.0000
410.9610,62.0000
411.0890,315.0000
411.2170,-173.0000
411.3450,-181.0000
411.4730,-255.0000
411.6000,-120.0000
411.7280,-192.0000
411.8560,-333.0000
411.9840,-310.0000
412.1120,-92.0000
412.2390,-72.0000
412.3670,-205.0000
412.4950,55.0000
412.6230,-238.0000
412.7510,6.0000
412.8780,-390.0000
413.0060,-179.0000
413.1340,64.0000
413.2620,155.0000
413.3900,-43.0000
413.5170,-103.0000
413.6450,52.0000
413.7730,-368.0000
413.9010,171.0000
414.0280,-199.0000
414.1560,-162.0000
414.2840,-306.0000
414.4120,36.0000
414.5390,-213.0000
414.6670,-258.0000
414.7950,-249.0000
414.9230,-440.0000
415.0500,-212.0000
415.1780,-47.0000
415.3060,317.0000
415.4330,-253.0000
415.5610,50.0000
415.6890,36.0000
415.8160,-255.0000
415.9440,125.0000
416.0720,-320.0000
416.2000,-25.0000
416.3270,246.0000
416.4550,-287.0000
416.5830,-193.0000
416.7100,-246.0000
416.8380,153.0000
416.9660,-336.0000
417.0930,-174.0000
417.2210,82.0000
417.3480,-46.0000
417.4760,-356.0000
417.6040,-198.0000
417.7310,-151.0000
417.8590,45.0000
417.9870,-105.0000
418.1140,-282.0000
418.2420,29.0000
418.3690,-241.0000
418.4970,-340.0000
418.6250,140.0000
418.7520,-134.0000
418.8800,-286.0000
419.0070,152.0000
419.1350,-101.0000
419.2630,-224.0000
419.3900,21.0000
419.5180,79.0000
419.6450,38.0000
419.7730,621.0000
419.9000,1742.0000
420.0280,4229.0000
420.1550,5008.0000
420.2830,7018.0000
420.4100,7970.0000
420.5380,8840.0000
420.6660,9445.0000
420.7930,9613.0000
420.9210,8791.0000
421.0480,6890.0000
421.1760,4674.0000
421.3030,2394.0000
421.4310,664.0000
421.5580,-97.0000
421.6860,220.0000
421.8130,82.0000
421.9410,-188.0000
422.0680,-91.0000
422.1950,94.0000
422.3230,27.0000
422.4500,-366.0000
422.5780,-82.0000
422.7050,-239.0000
422.8330,-178.0000
422.9600,-278.0000
423.0880,-27.0000
423.2150,351.0000
423.3430,305.0000
423.4700,-96.0000
423.5970,218.0000
423.7250,-142.0000
423.8520,-121.0000
423.9800,-29.0000
424.1070,-356.0000
424.2340,-163.0000
424.3620,-212.0000
424.4890,-241.0000
424.6170,517.0000
424.7440,16.0000
424.8710,-315.0000
424.9990,-142.0000
425.1260,118.0000
425.2530,-68.0000
425.3810,-213.0000
425.5080,-319.0000
425.6360,5.0000
425.7630,-221.0000
425.8900,-234.0000
426.0180,-336.0000
426.1450,-190.0000
426.2720,-85.0000
426.4000,26.0000
426.5270,68.0000
426.6540,-309.0000
426.7810,-78.0000
426.9090,-103.0000
427.0360,-96.0000
427.1630,-378.0000
427.2910,-285.0000
427.4180,-187.0000
427.5450,-121.0000
427.6730,-362.0000
427.8000,-400.0000
427.9270,-315.0000
428.0540,-86.0000
428.1820,-176.0000
428.3090,-179.0000
428.4360,-250.0000
428.5630,-336.0000
428.6910,-57.0000
428.8180,-223.0000
428.9450,-1.0000
429.0720,-334.0000
429.2000,-100.0000
429.3270,-40.0000
429.4540,15.0000
429.5810,-154.0000
429.7080,-397.0000
429.8360,-262.0000
429.9630,-222.0000
430.0900,-247.0000
430.2170,-265.0000
430.3440,-311.0000
430.4720,-316.0000
430.5990,-69.0000
430.7260,-216.0000
430.8530,-155.0000
430.9800,-30.0000
431.1070,-302.0000
431.2350,-160.0000
431.3620,-66.0000
431.4890,-161.0000
431.6160,209.0000
431.7430,77.0000
431.8700,-364.0000
431.9970,-187.0000
432.1250,-116.0000
432.2520,-464.0000
432.3790,-210.0000
432.5060,-70.0000
432.6330,-273.0000
432.7600,-154.0000
432.8870,121.0000
433.0140,-185.0000
433.1410,-294.0000
433.2680,-63.0000
433.3950,-253.0000
433.5230,-159.0000
433.6500,-209.0000
433.7770,-226.0000
433.9040,-187.0000
434.0310,-346.0000
434.1580,-91.0000
434.2850,5.0000
434.4120,-371.0000
434.5390,-156.0000
434.6660,-336.0000
434.7930,-265.0000
434.9200,-296.0000
435.0470,-34.0000
435.1740,-163.0000
435.3010,6.0000
435.4280,254.0000
435.5550,192.0000
435.6820,-86.0000
435.8090,-323.0000
435.9360,83.0000
436.0630,-274.0000
436.1900,114.0000
436.3170,-287.0000
436.4440,-2.0000
436.5710,-275.0000
436.6980,-46.0000
436.8250,77.0000
436.9520,-43.0000
437.0790,-81.0000
437.2060,4.0000
437.3330,-311.0000
437.4600,-189.0000
437.5870,-130.0000
437.7140,-322.0000
437.8400,-178.0000
437.9670,-356.0000
438.0940,-383.0000
438.2210,53.0000
438.3480,-168.0000
438.4750,7993.0000
438.6020,-305.0000
438.7290,-435.0000
438.8560,-266.0000
438.9830,-293.0000
439.1090,-23.0000
439.2360,44.0000
439.3630,-438.0000
439.4900,-246.0000
439.6170,-125.0000
439.7440,-257.0000
439.8710,416.0000
439.9970,-251.0000
440.1240,-72.0000
440.2510,-60.0000
440.3780,-242.0000
440.5050,-209.0000
440.6320,77.0000
440.7580,147.0000
440.8850,249.0000
441.0120,-258.0000
441.1390,8.0000
441.2660,-330.0000
441.3920,-223.0000
441.5190,-306.0000
441.6460,-369.0000
441.7730,-89.0000
441.9000,218.0000
442.0260,-247.0000
442.1530,-114.0000
442.2800,-89.0000
442.4070,-299.0000
442.5330,10.0000
442.6600,-52.0000
442.7870,-124.0000
442.9140,-295.0000
443.0400,-215.0000
443.1670,-162.0000
443.2940,-124.0000
443.4210,-86.0000
443.5470,-343.0000
443.6740,-182.0000
443.8010,-87.0000
443.9270,57.0000
444.0540,363.0000
444.1810,69.0000
444.3070,72.0000
444.4340,-79.0000
444.5610,-334.0000
444.6880,-374.0000
444.8140,25.0000
444.9410,-215.0000
445.0680,-337.0000
445.1940,224.0000
445.3210,-281.0000
445.4470,191.0000
445.5740,-391.0000
445.7010,-362.0000
445.8270,-187.0000
445.9540,-424.0000
446.0810,-11.0000
446.2070,-313.0000
446.3340,-121.0000
446.4610,-194.0000
446.5870,-412.0000
446.7140,-37.0000
446.8400,36.0000
446.9670,-254.0000
447.0940,-211.0000
447.2200,67.0000
447.3470,-147.0000
447.4730,-275.0000
447.6000,-79.0000
447.7260,-369.0000
447.8530,-108.0000
447.9800,-143.0000
448.1060,-79.0000
448.2330,-101.0000
448.3590,-222.0000
448.4860,-84.0000
448.6120,-237.0000
448.7390,-45.0000
448.8650,78.0000
448.9920,201.0000
449.1180,-239.0000
449.2450,-330.0000
449.3710,-299.0000
449.4980,-138.0000
449.6240,1.0000
449.7510,-135.0000
449.8770,-253.0000
450.0040,-151.0000
450.1300,-124.0000
450.2570,-299.0000
450.3830,-174.0000
450.5100,-390.0000
450.6360,-244.0000
450.7630,-213.0000
450.8890,-259.0000
451.0160,-433.0000
451.1420,-62.0000
451.2690,-272.0000
451.3950,242.0000
451.5210,-176.0000
451.6480,-246.0000
451.7740,-107.0000
451.9010,-399.0000
452.0270,-155.0000
452.1540,38.0000
452.2800,-163.0000
452.4060,-264.0000
452.5330,-231.0000
452.6590,-330.0000
452.7850,-195.0000
452.9120,-336.0000
453.0380,-343.0000
453.1650,-85.0000
453.2910,115.0000
453.4170,156.0000
453.5440,-326.0000
453.6700,-221.0000
453.7960,69.0000
453.9230,-330.0000
454.0490,-227.0000
454.1750,-278.0000
454.3020,-247.0000
454.4280,-55.0000
454.5540,-106.0000
454.6810,-285.0000
454.8070,-302.0000
454.9330,293.0000
455.0600,-119.0000
455.1860,-184.0000
455.3120,98.0000
455.4390,36.0000
455.5650,-355.0000
455.6910,-332.0000
455.8170,-41.0000
455.9440,67.0000
456.0700,-168.0000
456.1960,-47.0000
456.3220,-370.0000
456.4490,-383.0000
456.5750,-164.0000
456.7010,-266.0000
456.8270,-269.0000
456.9540,-344.0000
457.0800,-291.0000
457.2060,-452.0000
457.3320,-142.0000
457.4590,-383.0000
457.5850,-275.0000
457.7110,-279.0000
457.8370,-25.0000
457.9630,-84.0000
458.0900,-286.0000
458.2160,-336.0000
458.3420,-158.0000
458.4680,-198.0000
458.5940,-173.0000
458.7210,-112.0000
458.8470,-96.0000
458.9730,-374.0000
459.0990,-209.0000
459.2250,-217.0000
459.3510,-204.0000
459.4770,-70.0000
459.6040,-327.0000
459.7300,-220.0000
459.8560,-315.0000
459.9820,-137.0000
460.1080,-395.0000
460.2340,-467.0000
460.3600,-189.0000
460.4860,-52.0000
460.6130,-305.0000
460.7390,66.0000
460.8650,-248.0000
460.9910,204.0000
461.1170,135.0000
461.2430,-329.0000
461.3690,-351.0000
461.4950,-241.0000
461.6210,-170.0000
461.7470,-81.0000
461.8730,-55.0000
461.9990,-304.0000
462.1250,-160.0000
462.2520,35.0000
462.3780,-108.0000
462.5040,-47.0000
462.6300,-109.0000
462.7560,-339.0000
462.8820,-202.0000
463.0080,-226.0000
463.1340,74.0000
463.2600,-376.0000
463.3860,-177.0000
463.5120,-91.0000
463.6380,-240.0000
463.7640,-345.0000
463.8900,-198.0000
464.0160,47.0000
464.1420,-43.0000
464.2680,-307.0000
464.3940,-237.0000
464.5200,-357.0000
464.6450,-90.0000
464.7710,14.0000
464.8970,-258.0000
465.0230,-257.0000
465.1490,-131.0000
465.2750,-363.0000
465.4010,-300.0000
465.5270,67.0000
465.6530,-156.0000
465.7790,51.0000
465.9050,-348.0000
466.0310,-129.0000
466.1570,-309.0000
466.2820,-229.0000
466.4080,-264.0000
466.5340,-141.0000
466.6600,-432.0000
466.7860,-188.0000
466.9120,-110.0000
467.0380,-166.0000
467.1640,-197.0000
467.2890,-260.0000
467.4150,-180.0000
467.5410,-151.0000
467.6670,-197.0000
467.7930,-214.0000
467.9190,-83.0000
468.0450,132.0000
468.1700,-291.0000
468.2960,-157.0000
468.4220,-192.0000
468.5480,19.0000
468.6740,-408.0000
468.7990,-306.0000
468.9250,-233.0000
469.0510,-342.0000
469.1770,-393.0000
469.3030,-415.0000
469.4280,-26.0000
469.5540,-281.0000
469.6800,-280.0000
469.8060,-95.0000
469.9310,-137.0000
470.0570,353.0000
470.1830,-495.0000
470.3090,-271.0000
470.4340,142.0000
470.5600,-189.0000
470.6860,-91.0000
470.8120,-167.0000
470.9370,-333.0000
471.0630,-275.0000
471.1890,-60.0000
471.3150,33.0000
471.4400,-149.0000
471.5660,-186.0000
471.6920,49.0000
471.8170,-289.0000
471.9430,-146.0000
472.0690,-43.0000
472.1940,-202.0000
472.3200,-279.0000
472.4460,-21.0000
472.5710,-295.0000
472.6970,-257.0000
472.8230,-116.0000
472.9480,-336.0000
473.0740,-106.0000
473.2000,-180.0000
473.3250,-366.0000
473.4510,-193.0000
473.5770,-167.0000
473.7020,-427.0000
473.8280,-217.0000
473.9530,-371.0000
474.0790,-134.0000
474.2050,-359.0000
474.3300,-336.0000
474.4560,-243.0000
474.5810,185.0000
474.7070,-257.0000
474.8330,-264.0000
474.9580,-104.0000
475.0840,13.0000
475.2090,-237.0000
475.3350,-290.0000
475.4600,-77.0000
475.5860,-219.0000
475.7120,-58.0000
475.8370,-219.0000
475.9630,-225.0000
476.0880,-405.0000
476.2140,-299.0000
476.3390,-247.0000
476.4650,-280.0000
476.5900,-393.0000
476.7160,108.0000
476.8410,-334.0000
476.9670,205.0000
477.0920,-231.0000
477.2180,-119.0000
477.3430,-335.0000
477.4690,182.0000
477.5940,-255.0000
477.7200,-339.0000
477.8450,-127.0000
477.9710,-235.0000
478.0960,-146.0000
478.2220,-224.0000
478.3470,3264.0000
478.4720,-7.0000
478.5980,-284.0000
478.7230,-256.0000
478.8490,-23.0000
478.9740,-120.0000
479.1000,-305.0000
479.2250,-131.0000
479.3500,-241.0000
479.4760,-57.0000
479.6010,-284.0000
479.7270,42.0000
479.8520,-276.0000
479.9770,-139.0000
480.1030,-179.0000
480.2280,169.0000
480.3540,-220.0000
480.4790,25.0000
480.6040,-259.0000
480.7300,-287.0000
480.8550,-448.0000
480.9800,31.0000
481.1060,-346.0000
481.2310,-391.0000
481.3560,-283.0000
481.4820,-429.0000
481.6070,-345.0000
481.7320,-486.0000
481.8580,-221.0000
481.9830,-324.0000
482.1080,-291.0000
482.2340,-406.0000
482.3590,-288.0000
482.4840,112.0000
482.6100,-314.0000
482.7350,-133.0000
482.8600,-380.0000
482.9850,-244.0000
483.1110,-186.0000
483.2360,-91.0000
483.3610,-223.0000
483.4860,-312.0000
483.6120,5.0000
483.7370,-442.0000
483.8620,-196.0000
483.9870,-98.0000
484.1130,-425.0000
484.2380,-63.0000
484.3630,-351.0000
484.4880,-242.0000
484.6140,7.0000
484.7390,-212.0000
484.8640,30.0000
484.9890,462.0000
485.1140,-93.0000
485.2400,-183.0000
485.3650,-234.0000
485.4900,-425.0000
485.6150,0.0000
485.7400,-172.0000
485.8650,-112.0000
485.9910,-125.0000
486.1160,-59.0000
486.2410,-386.0000
486.3660,-344.0000
486.4910,-39.0000
486.6160,-272.0000
486.7420,-232.0000
486.8670,-214.0000
486.9920,-359.0000
487.1170,-319.0000
487.2420,-312.0000
487.3670,-443.0000
487.4920,-235.0000
487.6170,-13.0000
487.7420,-178.0000
487.8680,-290.0000
487.9930,-77.0000
488.1180,-95.0000
488.2430,-118.0000
488.3680,-264.0000
488.4930,-419.0000
488.6180,-267.0000
488.7430,-253.0000
488.8680,-262.0000
488.9930,-209.0000
489.1180,12.0000
489.2430,-181.0000
489.3680,-292.0000
489.4930,7.0000
489.6180,-177.0000
489.7430,-355.0000
489.8680,-161.0000
489.9930,-237.0000
490.1180,-427.0000
490.2430,361.0000
490.3680,-242.0000
490.4930,-36.0000
490.6180,-7.0000
490.7430,-455.0000
490.8680,-152.0000
490.9930,-149.0000
491.1180,-16.0000
491.2430,-334.0000
491.3680,-171.0000
491.4930,-26.0000
491.6180,-169.0000
491.7430,-225.0000
491.8680,-263.0000
491.9930,-212.0000
492.1180,-278.0000
492.2430,-150.0000
492.3680,-80.0000
492.4930,-271.0000
492.6180,138.0000
492.7430,-248.0000
492.8670,14.0000
492.9920,-164.0000
493.1170,-5.0000
493.2420,-269.0000
493.3670,-163.0000
493.4920,22.0000
493.6170,-295.0000
493.7420,95.0000
493.8670,-241.0000
493.9910,-379.0000
494.1160,-198.0000
494.2410,-148.0000
494.3660,-224.0000
494.4910,-71.0000
494.6160,40.0000
494.7400,-300.0000
494.8650,-377.0000
494.9900,-241.0000
495.1150,-235.0000
495.2400,-143.0000
495.3650,-261.0000
495.4890,-221.0000
495.6140,-107.0000
495.7390,-225.0000
495.8640,-254.0000
495.9890,-406.0000
496.1130,13.0000
496.2380,-121.0000
496.3630,-284.0000
496.4880,-327.0000
496.6120,-21.0000
496.7370,-254.0000
496.8620,-250.0000
496.9870,-250.0000
497.1110,-321.0000
497.2360,-332.0000
497.3610,-295.0000
497.4860,87.0000
497.6100,-7.0000
497.7350,-201.0000
497.8600,-69.0000
497.9840,-44.0000
498.1090,-390.0000
498.2340,-285.0000
498.3590,-253.0000
498.4830,-181.0000
498.6080,-150.0000
498.7330,-226.0000
498.8570,-350.0000
498.9820,-176.0000
499.1070,-395.0000
499.2310,-182.0000
499.3560,-233.0000
499.4810,104.0000
499.6050,-510.0000
499.7300,-391.0000
499.8550,17.0000
499.9790,-313.0000
500.1040,-182.0000
500.2280,134.0000
500.3530,-237.0000
500.4780,-353.0000
500.6020,-145.0000
500.7270,86.0000
500.8520,-86.0000
500.9760,-454.0000
501.1010,-239.0000
501.2250,125.0000
501.3500,-338.0000
501.4740,-337.0000
501.5990,-13.0000
501.7240,-229.0000
501.8480,-181.0000
501.9730,113.0000
502.0970,-354.0000
502.2220,-417.0000
502.3460,-39.0000
502.4710,-145.0000
502.5950,-287.0000
502.7200,-357.0000
502.8440,-342.0000
502.9690,-238.0000
503.0940,181.0000
503.2180,-397.0000
503.3430,-260.0000
503.4670,-295.0000
503.5920,-238.0000
503.7160,-233.0000
503.8410,-110.0000
503.9650,188.0000
504.0890,-203.0000
504.2140,-340.0000
504.3380,-244.0000
504.4630,-8.0000
504.5870,-136.0000
504.7120,-140.0000
504.8360,-193.0000
504.9610,278.0000
505.0850,98.0000
505.2100,-288.0000
505.3340,-270.0000
505.4580,175.0000
505.5830,-357.0000
505.7070,-103.0000
505.8320,-263.0000
505.9560,-151.0000
506.0800,-305.0000
506.2050,-278.0000
506.3290,106.0000
506.4540,-358.0000
506.5780,-171.0000
506.7020,-298.0000
506.8270,131.0000
506.9510,-70.0000
507.0760,-204.0000
507.2000,-374.0000
507.3240,-27.0000
507.4490,48.0000
507.5730,-202.0000
507.6970,-266.0000
507.8220,-152.0000
507.9460,-202.0000
508.0700,-412.0000
508.1950,-214.0000
508.3190,-233.0000
508.4430,-116.0000
508.5670,-418.0000
508.6920,-358.0000
508.8160,-338.0000
508.9400,-212.0000
509.0650,-434.0000
509.1890,-71.0000
509.3130,-59.0000
509.4370,-5.0000
509.5620,-235.0000
509.6860,-155.0000
509.8100,-206.0000
509.9350,-75.0000
510.0590,39.0000
510.1830,-331.0000
510.3070,-367.0000
510.4310,-15.0000
510.5560,-185.0000
510.6800,-261.0000
510.8040,-421.0000
510.9280,-190.0000
511.0530,-389.0000
511.1770,-383.0000
511.3010,-170.0000
511.4250,-270.0000
511.5490,-158.0000
511.6740,-173.0000
511.7980,-192.0000
511.9220,-78.0000
512.0460,113.0000
512.1700,-224.0000
512.2940,-368.0000
512.4190,-141.0000
512.5430,-68.0000
512.6670,-219.0000
512.7910,-291.0000
512.9150,-111.0000
513.0390,-209.0000
513.1630,-68.0000
513.2880,100.0000
513.4120,-257.0000
513.5360,38.0000
513.6600,-299.0000
513.7840,-204.0000
513.9080,-112.0000
514.0320,-144.0000
514.1560,-11.0000
514.2800,-44.0000
514.4040,-222.0000
514.5280,-190.0000
514.6530,-61.0000
514.7770,10.0000
514.9010,-85.0000
515.0250,88.0000
515.1490,-205.0000
515.2730,-124.0000
515.3970,-205.0000
515.5210,-194.0000
515.6450,-223.0000
515.7690,-327.0000
515.8930,-273.0000
516.0170,-253.0000
516.1410,-424.0000
516.2650,-242.0000
516.3890,-261.0000
516.5130,-184.0000
516.6370,-284.0000
516.7610,-468.0000
516.8850,-266.0000
517.0090,-213.0000
517.1330,-87.0000
517.2570,-251.0000
517.3810,-30.0000
517.5050,-11.0000
517.6290,71.0000
517.7530,-223.0000
517.8770,-370.0000
518.0010,-252.0000
518.1250,-240.0000
518.2480,-78.0000
518.3720,-180.0000
518.4960,-382.0000
518.6200,-131.0000
518.7440,-184.0000
518.8680,-125.0000
518.9920,-161.0000
519.1160,-294.0000
519.2400,403.0000
519.3640,2.0000
519.4880,-175.0000
519.6110,-410.0000
519.7350,-207.0000
519.8590,-236.0000
519.9830,-53.0000
520.1070,-250.0000
520.2310,-13.0000
520.3550,-178.0000
520.4780,-297.0000
520.6020,-340.0000
520.7260,80.0000
520.8500,-236.0000
520.9740,-11.0000
521.0980,-281.0000
521.2210,-328.0000
521.3450,11.0000
521.4690,-277.0000
521.5930,-204.0000
521.7170,59.0000
521.8400,-170.0000
521.9640,-292.0000
522.0880,-229.0000
522.2120,-222.0000
522.3350,-389.0000
522.4590,-280.0000
522.5830,189.0000
522.7070,-350.0000
522.8300,-435.0000
522.9540,-310.0000
523.0780,-300.0000
523.2020,-27.0000
523.3250,-245.0000
523.4490,-178.0000
523.5730,-142.0000
523.6970,-317.0000
523.8200,-201.0000
523.9440,-223.0000
524.0680,-198.0000
524.1910,-243.0000
524.3150,-406.0000
524.4390,-151.0000
524.5620,1.0000
524.6860,-261.0000
524.8100,-324.0000
524.9330,-280.0000
525.0570,-245.0000
525.1810,-99.0000
525.3040,-360.0000
525.4280,103.0000
525.5520,-370.0000
525.6750,-167.0000
525.7990,-306.0000
525.9230,-154.0000
526.0460,-69.0000
526.1700,-443.0000
526.2930,-350.0000
526.4170,-156.0000
526.5410,-10.0000
526.6640,-259.0000
526.7880,-225.0000
526.9110,-62.0000
527.0350,-364.0000
527.1590,-262.0000
527.2820,-278.0000
527.4060,-283.0000
527.5290,-48.0000
527.6530,-389.0000
527.7760,-139.0000
527.9000,-278.0000
528.0240,-291.0000
528.1470,-246.0000
528.2710,22.0000
528.3940,-11.0000
528.5180,7.0000
528.6410,-385.0000
528.7650,-115.0000
528.8880,-154.0000
529.0120,-106.0000
529.1350,-241.0000
529.2590,49.0000
529.3820,-237.0000
529.5060,-314.0000
529.6290,-97.0000
529.7530,-383.0000
529.8760,119.0000
530.0000,39.0000
530.1230,-164.0000
530.2470,-337.0000
530.3700,-289.0000
530.4930,-180.0000
530.6170,-331.0000
530.7400,30.0000
530.8640,-40.0000
530.9870,-395.0000
531.1110,-96.0000
531.2340,-309.0000
531.3570,-8.0000
531.4810,-5.0000
531.6040,30.0000
531.7280,-376.0000
531.8510,-142.0000
531.9740,-96.0000
532.0980,-231.0000
532.2210,-288.0000
532.3450,-218.0000
532.4680,-361.0000
532.5910,188.0000
532.7150,-201.0000
532.8380,-253.0000
532.9610,-218.0000
533.0850,-308.0000
533.2080,-152.0000
533.3310,-388.0000
533.4550,-20.0000
533.5780,-255.0000
533.7010,-124.0000
533.8250,21.0000
533.9480,-251.0000
534.0710,-270.0000
534.1950,-65.0000
534.3180,-350.0000
534.4410,-273.0000
534.5640,-81.0000
534.6880,-268.0000
534.8110,-22.0000
534.9340,-200.0000
535.0580,-143.0000
535.1810,32.0000
535.3040,-55.0000
535.4270,-317.0000
535.5510,-396.0000
535.6740,-218.0000
535.7970,-51.0000
535.9200,-20.0000
536.0430,-349.0000
536.1670,-350.0000
536.2900,-92.0000
536.4130,-136.0000
536.5360,-334.0000
536.6600,-296.0000
536.7830,-130.0000
536.9060,-165.0000
537.0290,-294.0000
537.1520,-262.0000
537.2750,-201.0000
537.3990,95.0000
537.5220,-439.0000
537.6450,-221.0000
537.7680,-245.0000
537.8910,-109.0000
538.0140,-178.0000
538.1380,-263.0000
538.2610,-269.0000
538.3840,-158.0000
538.5070,-351.0000
538.6300,-242.0000
538.7530,118.0000
538.8760,-125.0000
538.9990,-343.0000
539.1230,-100.0000
539.2460,166.0000
539.3690,224.0000
539.4920,-294.0000
539.6150,-358.0000
539.7380,167.0000
539.8610,-258.0000
539.9840,-191.0000
540.1070,-129.0000
540.2300,-267.0000
540.3530,-325.0000
540.4760,-467.0000
540.5990,-79.0000
540.7220,-366.0000
540.8460,-151.0000
540.9690,-427.0000
541.0920,-142.0000
541.2150,-331.0000
541.3380,-102.0000
541.4610,-340.0000
541.5840,-191.0000
541.7070,-150.0000
541.8300,-288.0000
541.9530,-139.0000
542.0760,-111.0000
542.1990,-165.0000
542.3220,113.0000
542.4450,135.0000
542.5670,-250.0000
542.6900,-148.0000
542.8130,-228.0000
542.9360,-48.0000
543.0590,-173.0000
543.1820,237.0000
543.3050,69.0000
543.4280,-152.0000
543.5510,-220.0000
543.6740,105.0000
543.7970,-75.0000
543.9200,-207.0000
544.0430,273.0000
544.1660,-304.0000
544.2880,-212.0000
544.4110,-106.0000
544.5340,-318.0000
544.6570,-148.0000
544.7800,-237.0000
544.9030,-94.0000
545.0260,-217.0000
545.1490,-335.0000
545.2710,-356.0000
545.3940,-256.0000
545.5170,-412.0000
545.6400,365.0000
545.7630,-215.0000
545.8860,-287.0000
546.0080,-120.0000
546.1310,-42.0000
546.2540,-202.0000
546.3770,-403.0000
546.5000,-53.0000
546.6230,-53.0000
546.7450,-353.0000
546.8680,-220.0000
546.9910,30.0000
547.1140,-174.0000
547.2360,-192.0000
547.3590,-305.0000
547.4820,-131.0000
547.6050,-272.0000
547.7280,-246.0000
547.8500,-322.0000
547.9730,-294.0000
548.0960,-215.0000
548.2190,-91.0000
548.3410,-229.0000
548.4640,-373.0000
548.5870,-182.0000
548.7090,-233.0000
548.8320,-146.0000
548.9550,243.0000
549.0780,-4.0000
549.2000,-284.0000
549.3230,-223.0000
549.4460,177.0000
549.5680,-175.0000
549.6910,-72.0000
549.8140,-28.0000
549.9360,-277.0000
550.0590,-222.0000
550.1820,-349.0000
550.3040,-423.0000
550.4270,-139.0000
550.5500,-268.0000
550.6720,-310.0000
550.7950,274.0000
550.9170,-306.0000
551.0400,-196.0000
551.1630,-131.0000
551.2850,43.0000
551.4080,25.0000
551.5310,330.0000
551.6530,-356.0000
551.7760,-124.0000
551.8980,-87.0000
552.0210,-113.0000
552.1430,-189.0000
552.2660,-204.0000
552.3890,-188.0000
552.5110,-360.0000
552.6340,-376.0000
552.7560,-316.0000
552.8790,218.0000
553.0010,28.0000
553.1240,-395.0000
553.2460,-299.0000
553.3690,26.0000
553.4920,-178.0000
553.6140,29.0000
553.7370,-488.0000
553.8590,-53.0000
553.9820,2.0000
554.1040,-147.0000
554.2270,-329.0000
554.3490,-203.0000
554.4720,-207.0000
554.5940,-485.0000
554.7160,2.0000
554.8390,-42.0000
554.9610,-118.0000
555.0840,-343.0000
555.2060,-151.0000
555.3290,-359.0000
555.4510,-361.0000
555.5740,-77.0000
555.6960,-316.0000
555.8190,-162.0000
555.9410,-164.0000
556.0630,-40.0000
556.1860,-197.0000
556.3080,-95.0000
556.4310,199.0000
556.5530,-60.0000
556.6750,-294.0000
556.7980,-215.0000
556.9200,-38.0000
557.0430,-271.0000
557.1650,-374.0000
557.2870,-9.0000
557.4100,-215.0000
557.5320,-147.0000
557.6540,-259.0000
557.7770,-5.0000
557.8990,-161.0000
558.0210,-223.0000
558.1440,46.0000
558.2660,49.0000
558.3880,241.0000
558.5110,-223.0000
558.6330,-187.0000
558.7550,-245.0000
558.8780,-307.0000
559.0000,-54.0000
559.1220,-431.0000
559.2440,-280.0000
559.3670,-178.0000
559.4890,0.0000
559.6110,113.0000
559.7340,-158.0000
559.8560,-149.0000
559.9780,-193.0000
560.1000,-173.0000
560.2230,-195.0000
560.3450,81.0000
560.4670,-385.0000
560.5890,-224.0000
560.7120,-235.0000
560.8340,151.0000
560.9560,-330.0000
561.0780,-222.0000
561.2000,-111.0000
561.3230,64.0000
561.4450,-383.0000
561.5670,-281.0000
561.6890,-340.0000
561.8110,-78.0000
561.9340,-240.0000
562.0560,-179.0000
562.1780,-99.0000
562.3000,-234.0000
562.4220,-87.0000
562.5440,-159.0000
562.6660,24.0000
562.7890,-116.0000
562.9110,-155.0000
563.0330,-75.0000
563.1550,-28.0000
563.2770,-258.0000
563.3990,-462.0000
563.5210,-220.0000
563.6430,-316.0000
563.7660,-185.0000
563.8880,8.0000
564.0100,-140.0000
564.1320,-335.0000
564.2540,-352.0000
564.3760,54.0000
564.4980,-140.0000
564.6200,92.0000
564.7420,-162.0000
564.8640,-410.0000
564.9860,-128.0000
565.1080,259.0000
565.2300,-287.0000
565.3520,-49.0000
565.4740,-99.0000
565.5970,152.0000
565.7190,122.0000
565.8410,-358.0000
565.9630,-94.0000
566.0850,-127.0000
566.2070,-212.0000
566.3290,26.0000
566.4510,42.0000
566.5730,-218.0000
566.6950,-210.0000
566.8170,149.0000
566.9380,-347.0000
567.0600,-186.0000
567.1820,-134.0000
567.3040,-192.0000
567.4260,-351.0000
567.5480,35.0000
567.6700,-123.0000
567.7920,-169.0000
567.9140,-298.0000
568.0360,-205.0000
568.1580,-145.0000
568.2800,-324.0000
568.4020,-42.0000
568.5240,-194.0000
568.6460,-293.0000
568.7670,-235.0000
568.8890,19.0000
569.0110,-201.0000
569.1330,-258.0000
569.2550,-390.0000
569.3770,-336.0000
569.4990,-105.0000
569.6210,-241.0000
569.7420,192.0000
569.8640,11.0000
569.9860,273.0000
570.1080,-30.0000
570.2300,-356.0000
570.3520,86.0000
570.4730,-102.0000
570.5950,-194.0000
570.7170,-340.0000
570.8390,-156.0000
570.9610,7.0000
571.0820,-206.0000
571.2040,-301.0000
571.3260,-271.0000
571.4480,-2.0000
571.5700,45.0000
571.6910,-140.0000
571.8130,-118.0000
571.9350,22.0000
572.0570,-133.0000
572.1780,-310.0000
572.3000,83.0000
572.4220,117.0000
572.5440,175.0000
572.6650,-251.0000
572.7870,-328.0000
572.9090,132.0000
573.0310,-39.0000
573.1520,-345.0000
573.2740,-57.0000
573.3960,-45.0000
573.5170,-44.0000
573.6390,-437.0000
573.7610,-309.0000
573.8820,-157.0000
574.0040,-35.0000
574.1260,-290.0000
574.2470,-58.0000
574.3690,-22.0000
574.4910,-144.0000
574.6120,-307.0000
574.7340,-166.0000
574.8560,-149.0000
574.9770,-31.0000
575.0990,-160.0000
575.2210,-131.0000
575.3420,-173.0000
575.4640,-103.0000
575.5850,-108.0000
575.7070,-288.0000
575.8290,88.0000
575.9500,62.0000
576.0720,-246.0000
576.1930,-318.0000
576.3150,-206.0000
576.4370,-176.0000
576.5580,-204.0000
576.6800,-197.0000
576.8010,214.0000
576.9230,-324.0000
577.0440,64.0000
577.1660,-395.0000
577.2870,-119.0000
577.4090,-240.0000
577.5310,-177.0000
577.6520,-58.0000
577.7740,-388.0000
577.8950,-144.0000
578.0170,-297.0000
578.1380,-260.0000
578.2600,-178.0000
578.3810,-77.0000
578.5030,-286.0000
578.6240,-264.0000
578.7460,-364.0000
578.8670,-192.0000
578.9880,-130.0000
579.1100,114.0000
579.2310,-77.0000
579.3530,-221.0000
579.4740,-162.0000
579.5960,-244.0000
579.7170,-125.0000
579.8390,-114.0000
579.9600,-425.0000
580.0810,-63.0000
580.2030,-189.0000
580.3240,-107.0000
580.4460,-47.0000
580.5670,-156.0000
580.6880,172.0000
580.8100,-319.0000
580.9310,-215.0000
581.0530,-398.0000
581.1740,-150.0000
581.2950,-230.0000
581.4170,-64.0000
581.5380,-55.0000
581.6590,-49.0000
581.7810,-159.0000
581.9020,-252.0000
582.0240,-328.0000
582.1450,-319.0000
582.2660,-279.0000
582.3880,-203.0000
582.5090,-343.0000
582.6300,-140.0000
582.7510,-244.0000
582.8730,-186.0000
582.9940,-231.0000
583.1150,-181.0000
583.2370,-108.0000
583.3580,-253.0000
583.4790,-415.0000
583.6000,24.0000
583.7220,-162.0000
583.8430,-346.0000
583.9640,73.0000
584.0860,-239.0000
584.2070,-84.0000
584.3280,-341.0000
584.4490,-111.0000
584.5700,-135.0000
584.6920,-150.0000
584.8130,815.0000
584.9340,-128.0000
585.0550,-307.0000
585.1770,-34.0000
585.2980,-119.0000
585.4190,-360.0000
585.5400,146.0000
585.6610,-12.0000
585.7830,-140.0000
585.9040,-287.0000
586.0250,73.0000
586.1460,-285.0000
586.2670,-258.0000
586.3880,-211.0000
586.5100,286.0000
586.6310,-304.0000
586.7520,-335.0000
586.8730,-251.0000
586.9940,-344.0000
587.1150,-329.0000
587.2360,-279.0000
587.3570,-410.0000
587.4790,-272.0000
587.6000,39.0000
587.7210,-255.0000
587.8420,-307.0000
587.9630,132.0000
588.0840,81.0000
588.2050,-327.0000
588.3260,-220.0000
588.4470,-146.0000
588.5680,-176.0000
588.6890,-150.0000
588.8100,-128.0000
588.9310,-164.0000
589.0520,-252.0000
589.1740,-289.0000
589.2950,-94.0000
589.4160,-95.0000
589.5370,54.0000
589.6580,-238.0000
589.7790,-392.0000
589.9000,44.0000
590.0210,-216.0000
590.1420,-254.0000
590.2630,-406.0000
590.3840,-162.0000
590.5050,184.0000
590.6260,-297.0000
590.7470,-153.0000
590.8670,-47.0000
590.9880,-78.0000
591.1090,-217.0000
591.2300,30.0000
591.3510,16.0000
591.4720,-144.0000
591.5930,-255.0000
591.7140,-140.0000
591.8350,-248.0000
591.9560,-211.0000
592.0770,-400.0000
592.1980,-202.0000
592.3190,-120.0000
592.4400,-34.0000
592.5600,-260.0000
592.6810,-376.0000
592.8020,-81.0000
592.9230,-187.0000
593.0440,-296.0000
593.1650,-318.0000
593.2860,-77.0000
593.4070,-293.0000
593.5270,-7.0000
593.6480,-310.0000
593.7690,-65.0000
593.8900,73.0000
594.0110,-174.0000
594.1320,-262.0000
594.2520,-107.0000
594.3730,-298.0000
594.4940,-410.0000
594.6150,-202.0000
594.7360,-224.0000
594.8560,69.0000
594.9770,-328.0000
595.0980,-115.0000
595.2190,-304.0000
595.3400,-120.0000
595.4600,-358.0000
595.5810,171.0000
595.7020,-152.0000
595.8230,-343.0000
595.9430,-123.0000
596.0640,-181.0000
596.1850,116.0000
596.3060,-415.0000
596.4260,-311.0000
596.5470,-355.0000
596.6680,-80.0000
596.7880,-94.0000
596.9090,-168.0000
597.0300,-92.0000
597.1510,-142.0000
597.2710,-268.0000
597.3920,-222.0000
597.5130,-86.0000
597.6330,0.0000
597.7540,-110.0000
597.8750,-184.0000
597.9950,59.0000
598.1160,-104.0000
598.2370,-207.0000
598.3570,-265.0000
598.4780,-290.0000
598.5990,189.0000
598.7190,-173.0000
598.8400,-349.0000
598.9600,-276.0000
599.0810,-151.0000
599.2020,-215.0000
599.3220,-304.0000
599.4430,-303.0000
599.5630,-51.0000
599.6840,28.0000
599.8050,-263.0000
599.9250,-358.0000
600.0460,200.0000
600.1660,-230.0000
600.2870,-109.0000
600.4070,-162.0000
600.5280,37.0000
600.6490,-41.0000
600.7690,-159.0000
600.8900,-357.0000
601.0100,-23.0000
601.1310,-240.0000
601.2510,120.0000
601.3720,-137.0000
601.4920,-256.0000
601.6130,-257.0000
601.7330,-268.0000
601.8540,224.0000
601.9740,284.0000
602.0950,132.0000
602.2150,-337.0000
602.3360,-343.0000
602.4560,239.0000
602.5770,-249.0000
602.6970,680.0000
602.8170,1.0000
602.9380,-123.0000
603.0580,-59.0000
603.1790,-381.0000
603.2990,-326.0000
603.4200,-344.0000
603.5400,-80.0000
603.6600,-344.0000
603.7810,-109.0000
603.9010,-210.0000
604.0220,92.0000
604.1420,-168.0000
604.2620,-160.0000
604.3830,-265.0000
604.5030,78.0000
604.6240,-299.0000
604.7440,-100.0000
604.8640,-59.0000
604.9850,-221.0000
605.1050,-122.0000
605.2250,-146.0000
605.3460,-119.0000
605.4660,-23.0000
605.5860,165.0000
605.7070,298.0000
605.8270,-327.0000
605.9470,-205.0000
606.0680,-219.0000
606.1880,-210.0000
606.3080,-252.0000
606.4290,38.0000
606.5490,-239.0000
606.6690,-355.0000
606.7890,-278.0000
606.9100,-56.0000
607.0300,-282.0000
607.1500,-253.0000
607.2700,-89.0000
607.3910,6.0000
607.5110,-295.0000
607.6310,-292.0000
607.7510,172.0000
607.8720,2.0000
607.9920,-348.0000
608.1120,16.0000
608.2320,-257.0000
608.3530,-294.0000
608.4730,-232.0000
608.5930,78.0000
608.7130,270.0000
608.8330,-130.0000
608.9540,-310.0000
609.0740,-237.0000
609.1940,-311.0000
609.3140,190.0000
609.4340,-59.0000
609.5540,-185.0000
609.6750,-54.0000
609.7950,-264.0000
609.9150,-282.0000
610.0350,269.0000
610.1550,-168.0000
610.2750,-202.0000
610.3950,-37.0000
610.5160,-363.0000
610.6360,-110.0000
610.7560,-77.0000
610.8760,-39.0000
610.9960,-313.0000
611.1160,181.0000
611.2360,-338.0000
611.3560,-284.0000
611.4760,-148.0000
611.5960,-106.0000
611.7160,118.0000
611.8360,-326.0000
611.9570,-325.0000
612.0770,-145.0000
612.1970,-43.0000
612.3170,-290.0000
612.4370,62.0000
612.5570,54.0000
612.6770,-170.0000
612.7970,-141.0000
612.9170,-370.0000
613.0370,-22.0000
613.1570,-147.0000
613.2770,-120.0000
613.3970,108.0000
613.5170,136.0000
613.6370,-257.0000
613.7570,-190.0000
613.8770,-279.0000
613.9970,-86.0000
614.1170,-235.0000
614.2370,-201.0000
614.3560,-143.0000
614.4760,40.0000
614.5960,33.0000
614.7160,-214.0000
614.8360,-162.0000
614.9560,-5.0000
615.0760,-115.0000
615.1960,-345.0000
615.3160,-147.0000
615.4360,-30.0000
615.5560,135.0000
615.6760,176.0000
615.7950,-102.0000
615.9150,-136.0000
616.0350,-235.0000
616.1550,-200.0000
616.2750,-284.0000
616.3950,-221.0000
616.5150,-7.0000
616.6350,-422.0000
616.7540,-436.0000
616.8740,-16.0000
616.9940,-129.0000
617.1140,217.0000
617.2340,47.0000
617.3540,23.0000
617.4730,340.0000
617.5930,-222.0000
617.7130,-155.0000
617.8330,-69.0000
617.9530,-75.0000
618.0720,-481.0000
618.1920,-278.0000
618.3120,88.0000
618.4320,75.0000
618.5510,-283.0000
618.6710,-267.0000
618.7910,-20.0000
618.9110,-97.0000
619.0300,-221.0000
619.1500,-142.0000
619.2700,-186.0000
619.3900,-222.0000
619.5090,-199.0000
619.6290,-199.0000
619.7490,-282.0000
619.8680,-104.0000
619.9880,-376.0000
620.1080,-236.0000
620.2280,694.0000
620.3470,-96.0000
620.4670,-295.0000
620.5870,-326.0000
620.7060,62.0000
620.8260,-274.0000
620.9460,-314.0000
621.0650,-15.0000
621.1850,302.0000
621.3050,-218.0000
621.4240,-218.0000
621.5440,-404.0000
621.6630,-51.0000
621.7830,-200.0000
621.9030,210.0000
622.0220,-311.0000
622.1420,-149.0000
622.2610,147.0000
622.3810,-140.0000
622.5010,-79.0000
622.6200,-190.0000
622.7400,-128.0000
622.8590,-211.0000
622.9790,58.0000
623.0990,-194.0000
623.2180,-24.0000
623.3380,105.0000
623.4570,-86.0000
623.5770,-220.0000
623.6960,-59.0000
623.8160,-397.0000
623.9350,-316.0000
624.0550,-243.0000
624.1740,-126.0000
624.2940,-175.0000
624.4130,-362.0000
624.5330,-51.0000
624.6520,65.0000
624.7720,-288.0000
624.8910,-398.0000
625.0110,-10.0000
625.1300,-207.0000
625.2500,-376.0000
625.3690,-262.0000
625.4890,-191.0000
625.6080,-267.0000
625.7280,-162.0000
625.8470,-150.0000
625.9660,-287.0000
626.0860,-234.0000
626.2050,-346.0000
626.3250,-94.0000
626.4440,-120.0000
626.5640,157.0000
626.6830,18.0000
626.8020,-9.0000
626.9220,114.0000
627.0410,-26.0000
627.1610,-219.0000
627.2800,-3.0000
627.3990,9.0000
627.5190,-121.0000
627.6380,-429.0000
627.7570,-291.0000
627.8770,-151.0000
627.9960,-166.0000
628.1150,-47.0000
628.2350,-57.0000
628.3540,-312.0000
628.4730,-112.0000
628.5930,82.0000
628.7120,-120.0000
628.8310,-121.0000
628.9510,-338.0000
629.0700,79.0000
629.1890,-122.0000
629.3090,-174.0000
629.4280,185.0000
629.5470,-360.0000
629.6660,-55.0000
629.7860,-134.0000
629.9050,-277.0000
630.0240,-49.0000
630.1430,-90.0000
630.2630,-171.0000
630.3820,249.0000
630.5010,-245.0000
630.6200,-249.0000
630.7400,-313.0000
630.8590,89.0000
630.9780,-208.0000
631.0970,-360.0000
631.2160,-284.0000
631.3360,171.0000
631.4550,-294.0000
631.5740,-215.0000
631.6930,-47.0000
631.8120,-155.0000
631.9320,-429.0000
632.0510,71.0000
632.1700,264.0000
632.2890,29.0000
632.4080,-268.0000
632.5270,-156.0000
632.6460,-99.0000
632.7660,-251.0000
632.8850,151.0000
633.0040,-373.0000
633.1230,-127.0000
633.2420,-236.0000
633.3610,607.0000
633.4800,-281.0000
633.5990,-244.0000
633.7180,33.0000
633.8380,-68.0000
633.9570,-386.0000
634.0760,-82.0000
634.1950,-166.0000
634.3140,-21.0000
634.4330,-31.0000
634.5520,-231.0000
634.6710,-82.0000
634.7900,201.0000
634.9090,13.0000
635.0280,-40.0000
635.1470,7.0000
635.2660,-290.0000
635.3850,-108.0000
635.5040,-305.0000
635.6230,-47.0000
635.7420,-372.0000
635.8610,-358.0000
635.9800,-68.0000
636.0990,-231.0000
636.2180,-183.0000
636.3370,-167.0000
636.4560,263.0000
636.5750,9.0000
636.6940,-109.0000
636.8130,-338.0000
636.9320,-301.0000
637.0510,-102.0000
637.1700,-434.0000
637.2890,-110.0000
637.4080,-315.0000
637.5260,-71.0000
637.6450,-457.0000
637.7640,-369.0000
637.8830,-222.0000
638.0020,36.0000
638.1210,372.0000
638.2400,-292.0000
638.3590,38.0000
638.4780,-207.0000
638.5970,-333.0000
638.7150,345.0000
638.8340,-134.0000
638.9530,17.0000
639.0720,-335.0000
639.1910,-409.0000
639.3100,37.0000
639.4280,-146.0000
639.5470,-107.0000
639.6660,-24.0000
639.7850,-22.0000
639.9040,-107.0000
640.0230,-352.0000
640.1410,-209.0000
640.2600,-169.0000
640.3790,-35.0000
640.4980,-411.0000
640.6160,-122.0000
640.7350,-115.0000
640.8540,71.0000
640.9730,-319.0000
641.0920,-17.0000
641.2100,-23.0000
641.3290,-158.0000
641.4480,-37.0000
641.5670,189.0000
641.6850,-119.0000
641.8040,-162.0000
641.9230,-143.0000
642.0410,-263.0000
642.1600,-176.0000
642.2790,86.0000
642.3980,-213.0000
642.5160,-286.0000
642.6350,123.0000
642.7540,-165.0000
642.8720,12.0000
642.9910,67.0000
643.1100,-208.0000
643.2280,-272.0000
643.3470,-362.0000
643.4660,-390.0000
643.5840,4.0000
643.7030,254.0000
643.8210,-138.0000
643.9400,-104.0000
644.0590,-42.0000
644.1770,62.0000
644.2960,-332.0000
644.4150,-236.0000
644.5330,-108.0000
644.6520,-3.0000
644.7700,-370.0000
644.8890,-330.0000
645.0080,27.0000
645.1260,-244.0000
645.2450,-17.0000
645.3630,25.0000
645.4820,-80.0000
645.6000,-155.0000
645.7190,-182.0000
645.8370,-248.0000
645.9560,-52.0000
646.0740,-294.0000
646.1930,-288.0000
646.3120,-17.0000
646.4300,153.0000
646.5490,238.0000
646.6670,-443.0000
646.7860,-336.0000
646.9040,31.0000
647.0230,-4.0000
647.1410,-342.0000
647.2600,-47.0000
647.3780,439.0000
647.4960,-173.0000
647.6150,-71.0000
647.7330,-148.0000
647.8520,219.0000
647.9700,-206.0000
648.0890,-19.0000
648.2070,-49.0000
648.3260,135.0000
648.4440,-157.0000
648.5620,-166.0000
648.6810,-106.0000
648.7990,-107.0000
648.9180,-71.0000
649.0360,-141.0000
649.1540,-267.0000
649.2730,57.0000
649.3910,-162.0000
649.5100,-296.0000
649.6280,-344.0000
649.7460,166.0000
649.8650,-207.0000
649.9830,-306.0000
650.1010,-142.0000
650.2200,-121.0000
650.3380,-198.0000
650.4560,-228.0000
650.5750,-236.0000
650.6930,-271.0000
650.8110,-48.0000
650.9300,-369.0000
651.0480,1077.0000
651.1660,317.0000
651.2850,-123.0000
651.4030,-29.0000
651.5210,-126.0000
651.6390,-122.0000
651.7580,-125.0000
651.8760,192.0000
651.9940,-331.0000
652.1120,108.0000
652.2310,-124.0000
652.3490,-271.0000
652.4670,-469.0000
652.5850,-103.0000
652.7040,-10.0000
652.8220,-396.0000
652.9400,-378.0000
653.0580,-47.0000
653.1760,-215.0000
653.2950,-142.0000
653.4130,-57.0000
653.5310,-196.0000
653.6490,-128.0000
653.7670,-322.0000
653.8860,-327.0000
654.0040,-232.0000
654.1220,161.0000
654.2400,-394.0000
654.3580,-324.0000
654.4760,-155.0000
654.5940,186.0000
654.7130,-220.0000
654.8310,-428.0000
654.9490,-175.0000
655.0670,-35.0000
655.1850,-376.0000
655.3030,-262.0000
655.4210,-159.0000
655.5390,107.0000
655.6580,-146.0000
655.7760,-230.0000
655.8940,5.0000
656.0120,182.0000
656.1300,-438.0000
656.2480,-231.0000
656.3660,-271.0000
656.4840,-177.0000
656.6020,-323.0000
656.7200,-312.0000
656.8380,-43.0000
656.9560,-149.0000
657.0740,-66.0000
657.1920,-116.0000
657.3100,-238.0000
657.4280,-153.0000
657.5460,-136.0000
657.6640,-119.0000
657.7820,-131.0000
657.9000,102.0000
658.0180,-234.0000
658.1360,-221.0000
658.2540,33.0000
658.3720,130.0000
658.4900,-331.0000
658.6080,-296.0000
658.7260,-13.0000
658.8440,-6.0000
658.9620,-275.0000
659.0800,-386.0000
659.1980,-24.0000
659.3160,-97.0000
