100,20
200,15
300,12
400,10
500,9
600,8
700,7
800,6
900,5.3
923.8408253,4.719730265
958.7342267,4.606817053
994.9455494,4.483813609
1032.524571,4.374466924
1071.52295,4.259689294
1111.994294,4.159756502
1153.994239,4.046767877
1197.580518,3.948079419
1242.813048,3.84448938
1289.754007,3.750733884
1338.467923,3.652321814
1389.02176,3.563252705
1441.485012,3.468112753
1495.929797,3.381929847
1552.430958,3.294758447
1611.066163,3.212883411
1671.916016,3.128583507
1735.064163,3.049389758
1800.597412,2.972200638
1868.605846,2.891468783
1939.182954,2.810259937
2012.425755,2.733926766
2088.434931,2.657142593
2167.314967,2.586196062
2249.174298,2.514754712
2334.125449,2.445286865
2422.285199,2.377738005
2513.774736,2.312055122
2608.719827,2.24818667
2707.250987,2.19961745
2809.503662,2.177794772
2915.618412,2.157212587
3025.74111,2.135810612
3140.023133,2.11462097
3258.621581,2.09264774
3381.699483,2.072870274
3509.426029,2.049383887
3619.542338,1.986159399
3710.11794,1.918043182
3802.96011,1.850944347
3898.125566,1.78746539
3995.672448,1.722479338
4095.660347,1.663406146
4198.150349,1.604072456
4303.205065,1.550163699
4438.228016,1.500914471
4605.859569,1.505196315
4779.822553,1.515954443
4960.356106,1.524616282
5147.708399,1.534784332
5309.229584,1.563468614
5391.880889,1.629403295
5458.92738,1.693287926
5540.484569,1.762687618
5612.846021,1.831276216
5665.110674,1.88598516
5735.5547,1.952499316
5821.244742,2.032522831
5897.27306,2.111611088
5970.603958,2.185044835
6026.199914,2.25460035
6149.797194,2.325423432
6331.573372,2.229054894
6450.036686,2.141903703
6570.716442,2.062072453
6693.654107,1.985216607
6818.891928,1.911225268
6946.472941,1.836500524
7032.850338,1.752173995
7076.440985,1.681271332
7120.301813,1.62631171
7164.434498,1.574643234
7208.840723,1.526064726
7253.522185,1.476178704
7298.480588,1.426568127
7343.717651,1.378624835
7389.2351,1.332292794
7435.034673,1.287517853
7481.118118,1.244247684
7527.487195,1.202431713
7574.143674,1.165336112
7621.089338,1.128312987
7668.325977,1.091429199
7715.855396,1.054749066
7763.67941,1.019301658
7881.061164,0.985713906
8131.935882,1.026343259
8335.429837,1.065824147
8544.016034,1.109191103
8730.806284,1.160918154
8798.502148,1.229857898
8853.036566,1.290884426
8907.908997,1.353010564
8963.121535,1.418126633
9018.676289,1.488495206
9074.575379,1.560131718
9130.82094,1.635215866
9187.415119,1.716356579
9230.090834,1.793416014
9298.784678,1.885268933
9359.311042,1.987574427
9402.785217,2.069919819
9461.065071,2.164908012
9595.636216,2.289738082
9940.497913,2.223980641
10284.12776,2.131758185
10672.55853,2.127713446
11075.66029,2.168508598
11458.53121,2.144345804
11818.06896,2.074642565
12226.60396,2.00987527
12688.40191,1.958999352
13030.04859,1.976563891
13208.38639,2.087685753
13372.62889,2.185044835
13606.00514,2.286944251
13792.22586,2.387636733
13992.51858,2.243921023
14079.24628,2.160287469
14166.51153,2.083724636
14254.31767,2.006061788
14342.66804,1.934964873
14431.56602,1.862846475
14521.015,1.800240988
14611.0184,1.734790459
14701.57965,1.671719485
14792.70222,1.610941553
14884.38958,1.547957247
14976.64523,1.488848612
15069.47269,1.433357487
15162.87551,1.381245572
15462.48754,1.334825454
15478.41957,1.281419289
15486.39174,1.237766254
15800.5302,1.361710828
15898.46422,1.425214119
15997.00526,1.490263075
16096.15706,1.549427866
16195.92342,1.606358895
16321.50141,1.672910492
16422.66449,1.743460561
16618.31633,1.836500524
16828.42607,1.949720193
17069.29486,2.033874321
17175.09287,2.125693955
17478.42852,1.931293525
17496.43771,2.006061788
17659.35778,1.854903249
17768.81309,1.773095947
17878.94682,1.711880392
18045.42867,1.643388316
18439.93988,1.583640407
18918.07376,1.54732741
19414.3169,1.623225992
19597.97855,1.684010441
19859.1961,1.539162801
19859.1961,1.601789273
19920.64615,1.483204171
19951.44244,1.420148025
20044.11726,1.365595549
20075.10443,1.306608467
20168.35366,1.257312539
20199.5329,1.203859828
20293.36011,1.157615681
20324.73259,1.109191103
20545.70221,1.001076163
20591.09238,1.027213809
20737.01585,1.064003935
21223.13007,1.098969077
21387.6874,1.151038891
21387.6874,1.191067616
21520.25145,1.228982317
21520.25145,1.282636687
21653.63715,1.323466263
21653.63715,1.381245572
21787.8496,1.426229505
21787.8496,1.487435491
21922.89391,1.533691663
21990.72963,1.59723265
22058.77525,1.670529326
22250.42522,1.774780456
22915.5207,1.850504991
23320.24015,1.938643201
23840.58982,2.027400856
23903.80697,2.089669135
24401.25247,1.985216607
24883.41093,1.911225268
25585.01777,1.850504991
26063.71174,1.795119828
26442.21277,1.733143906
26715.93131,1.662221905
27048.13625,1.575765079
27384.47206,1.494869368
27862.37999,1.409868963
28208.84069,1.370271845
28772.16099,1.439495533
28950.49511,1.516314369
29040.07624,1.583640407
29129.93456,1.657493369
29220.07093,1.734790459
29310.4862,1.813107897
29401.18125,1.889570379
29644.40907,1.979569246
29785.17513,2.120049572
29969.78805,2.054645014
30606.07358,1.938643201
30795.77455,1.838245269
30938.8215,1.754671537
31130.58489,1.669340015
31594.286,1.614222882
32423.04097,1.598750082
32758.67051,1.5468552
33268.64033,1.497000148
34122.23406,1.444836431
34570.93872,1.396506502
34632.02533,1.339587177
35062.66462,1.513078113
35171.15856,1.579135413
35279.98821,1.652778285
35542.55529,1.757673286
36386.97894,1.844364944
37105.97029,1.877943271
37703.02558,1.773516924
37936.71451,1.700539068
38171.85188,1.612089259
38349.16085,1.556801943
38802.0384,1.503624889
39080.08415,1.441547384
39797.60589,1.504481827
40044.27734,1.425214119
40417.15418,1.37600907
40417.15418,1.329133724
40667.66568,1.272627646
41428.55499,1.373398269
41428.55499,1.327241879
41556.74681,1.403057622
41814.32168,1.530418319
42073.49303,1.638713356
42092.06662,1.471779738
42240.95083,1.57144236
42993.30852,1.451850593
43851.86928,1.410672468
44452.05477,1.362486887
45592.58817,1.407060298
45677.18179,1.451437055
45969.76301,1.511641996
46589.33852,1.437446603
46646.94939,1.600876909
46733.49929,1.686067702
46878.10614,1.748019323
47023.16044,1.805376758
47706.03765,1.883300711
47755.19237,2.027125847
47902.96063,1.948794698
48748.99247,1.815692293
49253.62131,1.763022415
49482.4053,1.693287926
49712.252,1.552373296
49712.252,1.500202015
49763.47386,1.617072107
49789.10457,1.441547384
50486.1463,1.314698209
50486.1463,1.270514578
50611.08257,1.374964155
50611.08257,1.225486221
50673.66659,1.108559319
50720.65539,1.188525532
50799.06691,1.149400541
50956.25378,1.055249973
51035.02952,1.001789374
51589.88017,1.441547384
51749.51405,1.334825454
51749.51405,1.289965398
51749.51405,1.246612973
51749.51405,1.208154358
52070.2652,1.487435491
52162.273,1.551741662
52393.00441,1.812001425
52555.12338,1.676488606
52555.12338,1.620146128
52587.60733,1.729855487
52717.744,1.882406744
52826.43721,1.372094726
53704.08947,1.423861396
53814.81632,1.363004505
53870.26532,1.474777608
53981.33478,1.534784332
54455.94054,1.615537285
55047.98319,1.810527179
55218.31743,1.933128328
55275.21255,1.736988297
55320.77086,1.865395485
55503.37989,1.659068052
56950.91908,1.604072456
56950.91908,1.559021002
57481.22402,1.677284781
58919.63694,1.690877755
59799.9051,1.618301015
60674.57623,1.565697176
61334.22762,1.449784077
61397.42438,1.510207241
61524.01331,1.415099939
62481.78692,1.319074951
62597.71718,1.26882665
62675.12349,1.379672533
62675.12349,1.236004458
63847.77086,1.47372766
64774.97752,1.549427866
64841.71951,1.392108878
65203.31639,1.631261066
65597.32223,1.706605402
66567.07223,1.090393284
66876.27752,1.169215614
66876.27752,1.132338018
66876.27752,1.062792188
66917.61327,1.460562176
67083.2119,1.346282141
67083.2119,1.301037054
67083.2119,1.255165304
67083.2119,1.212982421
67290.78659,1.513078113
67499.00357,1.562726465
67499.00357,1.393100678
68338.33431,1.462227443
69188.10188,1.557541278
69188.10188,1.620146128
69616.93998,1.764697354
69703.02603,1.687990079
70627.92736,1.818280374
70919.46827,2.089669135
71138.91344,1.990010633
71138.91344,1.903075754
72246.36679,1.846993894
72469.91776,1.782380573
72469.91776,1.724934553
72469.91776,1.666963931
72694.16046,1.609412549
72919.09703,1.552373296
72919.09703,1.500202015
73144.72962,1.452540086
74054.26334,1.410404582
74283.40846,1.361710828
74283.40846,1.315947223
74283.40846,1.271721615
74283.40846,1.228982317
74398.24678,1.180091036
74743.82802,1.144499467
75207.10133,1.093503983
75240.30194,1.017091678
75439.81366,1.053147761
76851.28753,0.973884615
76851.28753,0.942272653
77566.89702,0.857523114
77738.26006,0.897270173
77753.51064,0.81465965
77927.1967,0.777991372
78047.66813,0.7497063
78531.41912,1.11871119
78531.41912,1.081114179
78531.41912,1.044780707
78531.41912,1.00966831
78774.41785,1.156516945
78774.41785,0.97573595
78774.41785,0.94294397
78896.19903,1.197873121
79018.16848,1.547957247
79018.16848,1.495934379
79018.16848,1.445659865
79018.16848,1.397074948
79018.16848,1.350122846
79018.16848,1.304748683
79018.16848,1.26089943
79262.67335,1.601789273
79385.20935,1.662221905
80248.28194,1.940484987
80248.28194,1.812247249
80248.28194,1.751342272
80496.59313,2.069919819
80496.59313,2.002730927
80496.59313,1.878835118
80496.59313,1.690877755
80579.53415,2.169195103
80745.67267,2.280438563
80856.62194,2.392838217
80995.52293,2.519535208
82087.17185,1.610941553
82256.41881,1.545020196
82256.41881,1.493096034
82256.41881,2.081746897
82256.41881,2.011784728
82256.41881,1.944173808
82256.41881,1.878835118
82256.41881,1.815692293
82256.41881,1.754671537
82256.41881,1.695701531
82383.58298,1.426229505
82510.94375,1.365595549
82510.94375,1.319701388
82510.94375,1.275349613
82510.94375,1.232488386
82510.94375,1.191067616
82638.50141,1.104461483
82766.25626,1.146675136
83881.77094,0.949683497
84054.71799,1.021239329
84054.71799,0.986918097
84210.67519,1.060372833
84314.80739,0.876457874
84575.70157,0.847404622
84662.84558,0.91211977
86424.70518,1.386502002
86424.70518,1.339905229
86424.70518,1.294874454
86424.70518,1.251357048
86424.70518,1.20930215
86424.70518,1.16866061
86424.70518,1.129384927
86424.70518,1.091429199
86625.19482,1.493805115
86638.57732,1.432541061
86692.128,1.844364944
86692.128,1.782380573
86781.45269,1.559761391
86960.37829,1.721007887
86960.37829,1.662221905
86960.37829,1.606358895
87824.36981,1.048955891
88953.07594,0.946981925
89246.70227,0.676438291
89412.2928,0.862013441
89412.2928,0.833043382
89412.2928,0.805046933
89412.2928,0.777991372
89412.2928,0.75184508
89412.2928,0.726577497
89412.2928,0.702159093
89504.42027,0.987230535
89530.75983,0.903867158
89550.51959,0.550370046
89688.96007,0.653580798
89688.96007,0.631615626
89688.96007,0.610388646
89688.96007,0.589875051
89688.96007,0.570050865
89827.61457,1.257312539
89827.61457,1.215057492
89827.61457,1.17422253
89827.61457,1.134759925
89827.61457,1.096623557
89873.88036,1.451161427
89873.88036,1.402391617
89873.88036,1.355260836
89873.88036,1.309713998
89966.48343,1.513078113
90356.4594,1.045971918
91367.03452,1.928727726
91367.03452,1.863908139
91367.03452,1.801266972
91367.03452,1.74470268
91367.03452,2.25460035
91367.03452,2.178829021
91492.57816,2.021999186
91555.41465,2.117635142
91706.39837,1.682229513
91706.39837,1.625694098
91706.39837,1.574643234
93422.21895,1.439085514
93749.90495,1.38716046
94317.10383,1.506932913
95827.66813,1.687440605
95848.81764,1.354939139
95996.99496,1.616458003
95996.99496,1.900366979
95996.99496,1.836500524
95996.99496,1.774780456
96145.40136,1.571282487
97793.09232,1.423861396
98095.69218,1.230734103
98196.76674,1.493096034
98277.70136,1.135406641
98399.22838,1.184300775
98534.43466,1.290373774
98856.29463,1.367542063
99622.79454,1.610941553
99776.80624,1.547957247
99931.05603,1.700539068
99931.05603,1.643388316
101138.9452,1.795688125
102115.7601,2.327695826
102115.7601,2.249467945
102115.7601,2.175108022
102115.7601,2.102607123
102115.7601,1.963655479
102115.7601,1.897662059
102115.7601,2.575168455
102205.9392,2.42991061
102242.0332,2.699359389
102431.7356,2.498094291
102495.0479,2.024432731
103897.8625,1.42602637
104348.2265,1.648076613
104348.2265,1.592688989
104348.2265,1.539162801
104348.2265,1.487435491
104671.1098,1.767212746
104671.1098,1.401060556
104886.9203,1.698925025
105226.9502,1.849250262
105972.665,2.023279635
106519.7449,1.955282401
106629.4993,2.078783807
108624.5301,1.733143906
108960.6456,1.878835118
108960.6456,1.800240988
109523.1507,1.15871546
109635.9998,1.574082611
109635.9998,1.38716046
109635.9998,1.340541559
109635.9998,1.296412362
109635.9998,1.204717511
109720.7128,1.652778285
109975.245,1.252545885
110111.2368,1.43990567
110277.6774,1.506387882
111687.282,1.962723369
111756.3151,2.055815987
112131.8114,2.276729339
112310.1182,2.183800255
112379.5363,2.129734855
113076.0813,1.807091935
113076.0813,1.746360214
113076.0813,1.687669531
113425.9711,1.8847916
113425.9711,1.62754764
113425.9711,1.572849942
113952.8368,1.471630004
114129.002,1.519990494
114129.002,1.966454465
114482.1499,2.023279635
115691.0466,1.417117016
116624.1033,1.373398269
117105.5091,1.315322568
118928.5464,1.266298961
119912.4092,1.221304031
119912.4092,1.180259138
121296.368,1.144965334
122307.0165,1.018624342
122407.823,1.099752031
122407.823,0.984110603
122533.948,1.056754122
123674.9367,1.157615681
123827.8692,1.217829778
124441.4923,1.297335984
126508.9487,1.375138252
126769.7843,1.606358895
126769.7843,1.550163699
126867.7362,1.678878265
127162.0464,1.983332366
127162.0464,1.916677657
127162.0464,1.852263041
127162.0464,1.790013236
127240.6443,1.492529012
127240.6443,1.442368943
127330.53,2.076669897
127818.5156,1.751342272
129141.6385,1.129384927
129141.6385,1.091429199
129141.6385,1.046568033
129274.7018,1.320328123
129541.2398,1.20643471
129541.2398,1.166720168
129674.7148,1.259702664
131422.4566,1.373398269
131557.8699,1.715134641
131557.8699,1.638713356
131557.8699,1.583640407
131557.8699,1.533036434
131557.8699,1.478984889
131557.8699,1.429280003
131557.8699,1.857547221
132100.92,1.791713817
134547.324,1.313904
134954.1757,1.16050483
135267.2449,1.205862039
135566.0812,1.251696601
136526.8012,1.129116847
137656.2496,1.475244492
137798.086,1.369491352
137798.086,1.040325735
137980.6619,1.412510771
138652.1789,1.085743819
139819.7787,1.319701388
140159.5995,1.199580564
140159.5995,1.162572922
140376.279,1.629403295
140376.279,1.574643234
140376.279,1.521723517
140573.551,1.709812722
141028.3294,1.252397219
141683.4086,1.112355429
141683.4086,1.074972019
141683.4086,1.038844969
143002.7098,1.445659865
143002.7098,1.385186022
144512.7749,1.291436157
145228.9011,1.344365887
145678.2809,1.250169339
145678.2809,1.574643234
146129.0513,1.62631171
146387.2603,1.524202693
147946.1241,1.405057535
148495.6392,1.462227443
148633.3366,0.93625227
148863.1161,1.141894112
148863.1161,1.103517982
148863.1161,0.972036794
149093.2508,1.195316512
149323.7412,1.004647303
149323.7412,0.888187495
149521.5881,1.049895468
150714.1862,1.27959536
150869.4771,1.342452361
152117.5784,1.698118577
152117.5784,1.641049171
152117.5784,1.585897722
152117.5784,1.532599771
152319.127,1.780568075
152588.2738,1.927629142
152588.2738,1.868160847
152588.2738,1.466398919
152588.2738,1.410404582
155443.1903,1.057758079
155924.176,1.299185201
155924.176,1.255522922
155924.176,1.21332802
155924.176,1.17255118
155924.176,1.133144745
155924.176,1.095062659
156406.6501,1.00638645
156406.6501,0.965780385
156406.6501,0.933322986
156406.6501,0.901956396
156406.6501,0.871643958
156406.6501,0.842350242
156406.6501,0.778360846
156406.6501,0.752202136
156406.6501,0.726922553
156406.6501,0.702492552
156406.6501,0.678883581
156406.6501,0.656068047
156406.6501,0.634019284
156406.6501,0.615043242
156567.8064,1.357837158
157181.7159,0.808955147
159333.0081,2.263180394
159333.0081,2.187120711
159530.0342,2.365127493
159826.0301,1.543553761
159826.0301,1.481796408
159826.0301,1.431997035
159826.0301,2.117635142
159826.0301,2.046466861
159826.0301,1.977690364
159826.0301,1.911225268
159826.0301,1.846993894
159826.0301,1.784921171
159826.0301,1.724934553
159826.0301,1.666963931
159826.0301,1.610941553
159826.0301,2.570282401
159826.0301,2.483901809
161314.2683,1.055751118
162170.9039,1.386313928
162314.1181,1.203345512
162314.1181,1.162904158
162314.1181,1.123821935
162314.1181,1.089151483
162816.3645,1.285074953
162816.3645,1.244247684
163176.0631,1.333739439
165862.6478,1.470582297
165862.6478,1.421159801
166490.1402,1.545020196
167925.1022,2.121660722
167925.1022,2.034840221
167925.1022,1.966454465
167925.1022,1.900366979
167925.1022,1.836500524
167925.1022,1.774780456
167925.1022,1.715134641
167925.1022,1.657493369
167925.1022,1.620146128
168444.7106,2.297828335
168444.7106,2.220604224
169040.5178,1.375635795
169488.7558,1.565697176
170276.0343,0.703159947
170539.2722,0.756500058
170539.2722,0.731076033
170890.8893,1.036873894
170890.8893,0.655445349
170961.2997,1.233893613
171066.9696,1.067343368
171066.9696,0.963307406
171066.9696,0.930933117
171066.9696,0.899646845
171066.9696,0.869412024
171066.9696,0.840193318
171066.9696,0.811956578
171066.9696,0.679528547
171142.4882,1.000668842
171243.2314,1.294874454
171384.3715,0.782659578
171596.2999,1.448408034
171950.0963,1.102365909
172127.268,1.495934379
172127.268,1.142870424
172659.8791,1.187679376
177528.1567,1.381245572
177528.1567,1.334825454
177528.1567,1.289965398
177528.1567,1.204717511
177528.1567,1.148991317
177920.3571,1.24256094
178077.4798,1.686067702
178077.4798,1.631028729
178518.1617,1.578235953
178518.1617,1.525195494
178628.5025,1.474777608
178628.5025,1.426568127
183665.0701,1.734790459
184423.2104,1.843489459
184477.4829,1.658843005
184803.4533,1.764697354
185375.2882,1.585144927
185375.2882,1.531872275
185719.2381,1.484895253
187266.6618,1.34463947
187487.1961,1.405057535
189595.269,1.204227332
190014.1283,1.248982758
190265.888,1.298392357
190798.4766,1.111827415
191257.5074,1.155053587
194648.74,1.037661875
194648.74,1.010819487
195371.7223,1.083757265
195505.9023,1.379497861
196582.6651,1.293645441
196582.6651,1.238118914
196582.6651,1.196508916
197190.9483,1.466398919
197312.8306,1.533910134
197556.8212,1.649955675
197801.1136,1.426568127
198617.6053,1.1472197
198719.9035,1.599509339
202281.6415,1.383214394
202500.4926,1.330270125
204165.2099,1.515234849
204638.8362,1.447033297
204638.8362,1.222580406
204709.0964,1.273735893
204765.322,1.178914993
205780.0268,1.80949592
205780.0268,1.748683408
205780.0268,1.689914648
205780.0268,1.633120956
205907.218,1.947869642
205907.218,1.868160847
206225.5399,1.585897722
206362.1142,1.12923173
206970.2061,1.078038725
209112.6737,1.297335984
209112.6737,1.253735852
209112.6737,1.211601009
209112.6737,1.170882209
209297.3425,1.391400882
209328.1365,1.332292794
209759.7283,1.437446603
211712.9298,2.023279635
212586.8473,1.539162801
212837.1999,1.472978154
213684.3188,1.749680009
213684.3188,1.690877755
213684.3188,1.634051695
214345.5193,1.955282401
214345.5193,1.876160846
214345.5193,1.813107897
214345.5193,1.592688989
217010.8443,2.023279635
218355.9096,0.946532411
218355.9096,0.914721887
218355.9096,0.884820248
219031.5654,1.472678459
219031.5654,1.423185516
219031.5654,1.375355905
219031.5654,1.329133724
219031.5654,1.284464952
219031.5654,1.241297383
219031.5654,1.199580564
219031.5654,1.159265741
219031.5654,1.120305796
219031.5654,1.082655194
219031.5654,1.046269933
219031.5654,1.011107487
219031.5654,0.980612464
219031.5654,0.855896073
220389.1555,1.550163699
221755.1601,1.682868604
221755.1601,1.62631171
222594.1053,1.768052007
223129.6314,1.862846475
227773.027,1.555324326
227773.027,1.345643086
228289.6637,1.492529012
228289.6637,1.442368943
228289.6637,1.393894626
229988.6821,1.304748683
231160.1189,0.895243807
231557.2215,1.110244877
231557.2215,1.072932397
231557.2215,1.036873894
231557.2215,1.002027224
231557.2215,0.9375868
231557.2215,0.841390927
231700.3453,1.193785166
231700.3453,1.153665111
231915.197,0.62386649
232094.3922,1.250169339
232273.7259,0.768081622
232273.7259,0.742268371
232273.7259,0.717322636
232273.7259,0.693215264
232273.7259,0.669918079
232273.7259,0.647403852
232632.8091,0.800473201
233552.9902,0.9646805
236619.5518,1.666963931
236619.5518,1.609106923
236619.5518,1.55502897
236619.5518,1.502768439
237351.7205,1.449784077
237351.7205,1.401060556
237351.7205,1.353974508
238086.1548,1.306236298
239932.1983,1.01471441
240303.121,1.208154358
240303.121,1.167551391
240303.121,1.128312987
240303.121,1.090393284
240303.121,1.053747965
240834.0057,1.253735852
245123.5236,0.982110141
247384.1812,1.100378796
247690.0884,0.947791589
247843.1839,1.359127156
247843.1839,1.313450381
247843.1839,1.182615081
247843.1839,1.142870424
247843.1839,0.912552941
247952.5957,1.408492591
248917.5049,1.221304031
249533.4922,1.457237331
249764.8802,1.508773848
250151.0038,1.266298961
250666.764,1.031962551
251080.1377,1.066431576
252220.4337,1.55384811
255225.2684,1.00966831
256410.7946,1.329133724
257204.2031,1.277167491
257204.2031,1.23424517
257204.2031,1.192765359
257204.2031,1.152679577
257204.2031,1.113940976
257601.8275,0.547633096
257822.9955,1.390897637
258000.0666,0.914721887
258000.0666,0.883980432
258000.0666,0.85427212
258000.0666,0.825562227
258000.0666,0.7978172
258000.0666,0.771004612
258000.0666,0.745093126
258000.0666,0.720052459
258000.0666,0.695853345
258000.0666,0.6724675
258000.0666,0.649867594
258000.0666,0.628027213
258000.0666,0.60692083
258000.0666,0.58652378
258000.0666,0.566812221
258319.1011,1.059165221
258319.1011,0.955926398
259599.1892,1.003932057
260287.5581,1.483807908
263803.4477,1.547957247
264010.9898,1.620146128
265001.5274,1.224323067
265365.655,1.714049205
266753.9086,1.421969741
266918.7873,1.795119828
267331.43,1.872156574
267744.7105,1.274139132
268075.795,2.015226326
268158.63,1.320641602
269166.5291,1.489858806
269404.2319,1.367055174
269959.6883,1.927629142
271912.82,1.681271332
272192.9899,1.758007131
273386.9364,1.602930458
273598.1759,1.539162801
277000.2907,1.857547221
277857.409,1.281419289
278717.1795,1.417117016
278717.1795,1.369491352
278717.1795,1.323466263
279579.6103,1.485016118
279579.6103,1.243775165
280271.476,1.193785166
280444.7098,1.150219424
281312.4861,1.095582712
284810.5261,2.069919819
285691.8116,1.884195103
285691.8116,1.705390406
285691.8116,1.648076613
285691.8116,1.59723265
285691.8116,1.552373296
286093.2968,1.976666271
286221.8912,1.791543686
287462.5717,2.24818667
287462.5717,2.172630888
287462.5717,2.099614342
287843.4459,2.3539885
289244.3072,2.476835833
293747.1111,1.210738425
293747.1111,1.170882209
293747.1111,1.940484987
294656.0489,1.427923422
294656.0489,1.379934581
294656.0489,1.333558523
294656.0489,1.288741045
294656.0489,1.247797303
294656.0489,1.873490381
294656.0489,1.810527179
294656.0489,1.749680009
295385.2237,1.495934379
296482.3707,1.687669531
296482.3707,1.630951291
296482.3707,1.576139205
296482.3707,1.521723517
302029.536,0.974347119
302029.536,0.941601814
302029.536,0.910605288
302964.102,0.881465766
303901.5598,1.132821985
303901.5598,1.081114179
303901.5598,1.044780707
303901.5598,1.011107487
305785.1866,1.383871291
305785.1866,1.33736293
305785.1866,1.292417595
305785.1866,1.248982758
305785.1866,1.207007654
305785.1866,2.455758282
305785.1866,2.373226551
305785.1866,2.2934685
305785.1866,2.216390911
306214.9093,1.4524147
306731.3737,1.175338086
306731.3737,2.121660722
306731.3737,2.050357152
306731.3737,1.981449912
306731.3737,1.914858468
308632.5401,1.846993894
308632.5401,1.784921171
308632.5401,1.724934553
308632.5401,1.666963931
309587.5377,1.607884997
309587.5377,1.55384811
309587.5377,1.508773848
313243.5563,1.087911097
313760.1251,1.052747814
313921.7275,1.01616078
314018.7289,1.132821985
316355.7756,1.201290442
316355.7756,1.166443226
317334.6711,1.370792421
317334.6711,1.324723607
317334.6711,1.280203048
317334.6711,1.240708162
317334.6711,1.846993894
318119.9679,1.432541061
320289.5689,1.768052007
320685.6286,1.715134641
320685.6286,1.657493369
321280.6367,1.598750082
321280.6367,1.545020196
321280.6367,1.493096034
326570.3073,0.988525974
327291.7759,1.055751118
327494.0726,1.021239329
327751.7219,1.106035778
328304.5105,1.154322602
328981.4072,0.960111115
329320.3788,1.363004505
329320.3788,1.317197423
329320.3788,1.2729298
329320.3788,1.230149897
329320.3788,1.188807717
330135.3362,1.42765226
330747.8774,0.909179652
331361.5552,0.865704829
333415.3832,1.507341815
334447.0659,1.734790459
334447.0659,1.676488606
334447.0659,1.620146128
334447.0659,1.565697176
334447.0659,1.074972019
338605.8192,2.198782117
338605.8192,2.124886695
338605.8192,2.053474709
338605.8192,1.984462696
338605.8192,1.91777
339303.9551,2.284773629
339653.5627,1.850504991
339653.5627,1.788314269
339653.5627,1.128312987
339653.5627,2.614592747
339653.5627,2.526722997
339653.5627,2.441806324
339653.5627,2.359743483
341005.4266,1.305811092
341231.2598,1.175896262
341758.7857,1.405057535
341758.7857,1.357837158
342816.2854,1.467792054
342816.2854,1.265697873
342816.2854,1.223161017
344515.0953,1.730841357
344941.1115,1.66127512
344941.1115,1.55148908
346008.4582,1.602549973
347079.1075,1.507341815
347079.1075,1.836500524
350775.1194,1.142637893
351394.9366,0.979449183
351394.9366,0.946532411
351394.9366,0.914721887
351394.9366,0.883980432
351394.9366,0.85427212
351394.9366,0.825562227
351394.9366,0.798575157
352119.4411,0.656691337
352482.2533,0.727613158
352482.2533,0.703159947
352482.2533,0.679528547
352845.4393,0.757938148
353572.9344,1.20643471
353572.9344,1.088841254
353572.9344,1.052248095
353572.9344,1.016884738
354666.9905,1.44730814
354666.9905,1.382557808
354666.9905,1.33609359
354666.9905,1.291190914
354666.9905,1.253140727
356865.2689,1.754671537
357653.6661,1.665607688
357969.5124,1.598142936
357969.5124,1.544433455
358707.5723,1.501627265
363542.1943,1.433357487
364667.098,1.386502002
365118.0336,1.130243213
365669.9343,1.186552106
366927.3587,1.336728109
367835.3807,1.291436157
367835.3807,1.248034304
368062.7371,1.05075036
368062.7371,1.015919575
368875.872,1.091725356
369527.6732,0.938350242
370344.0444,0.844994003
370630.2003,0.97991433
372064.2994,0.868793058
374122.6437,0.911996044
376109.3666,1.239530561
377273.1568,1.147764522
377273.1568,1.074972019
377273.1568,1.038844969
378051.0168,1.197873121
378440.5481,1.108138329
378440.5481,0.9646805
380786.1786,1.266298961
381964.4402,1.759677305
382358.0037,1.329344095
384331.9123,1.673625503
384331.9123,1.595716658
384331.9123,1.542088718
384331.9123,1.490263075
384331.9123,1.440179159
384331.9123,1.797678584
384569.4651,1.393894626
384926.0696,0.999651265
392734.2203,1.114469994
392734.2203,1.077015519
392734.2203,1.040819792
392734.2203,0.948331749
393219.8627,0.902984766
393949.4526,0.967432564
393949.4526,0.84800835
395168.4451,1.235300442
395168.4451,1.193785166
395168.4451,1.156297323
395168.4451,1.001076163
396391.2096,1.277774026
397344.8638,1.329764938
398437.5641,1.370792421
398848.1009,1.559761391
398848.1009,1.507341815
398848.1009,1.456683927
398848.1009,1.40772852
399588.1336,1.631261066
400082.2513,1.692484154
401320.2205,1.734790459
402313.3533,1.814658093
404431.9284,1.89496099
405613.7315,1.980195936
410785.5963,1.298680608
411362.877,0.524351316
411998.8228,0.504209287
413912.565,1.545020196
413912.565,1.493096034
413912.565,1.44291691
413912.565,1.394424177
414054.6768,0.999809487
414339.0468,1.62631171
414552.4524,1.357837158
415193.3291,1.78746539
415193.3291,1.727393267
415193.3291,0.818925528
415193.3291,0.791403543
415193.3291,0.764806502
415193.3291,0.739103319
415193.3291,0.714263954
415193.3291,0.690259376
415193.3291,0.667061531
415193.3291,0.644643305
415193.3291,0.622978499
415193.3291,0.602041791
415193.3291,0.578997885
415193.3291,0.561455319
415193.3291,0.54413415
416220.7932,1.038844969
416220.7932,0.875625996
416220.7932,0.848129147
416478.0563,1.681271332
416478.0563,1.188807717
416478.0563,1.148854942
416478.0563,1.110244877
416478.0563,1.072932397
416478.0563,0.905216924
417121.9099,0.948331749
417766.7588,1.242673318
425583.147,0.846198454
425583.147,0.790277086
425583.147,0.763717902
425583.147,0.738051304
425583.147,0.689276884
425583.147,0.666112057
425583.147,0.643725741
425583.147,0.622091772
425583.147,0.601184864
425583.147,0.580980585
425583.147,0.55430372
426900.0232,0.808494374
426900.0232,0.707177652
427956.4575,1.30996276
428220.9743,1.360418378
429546.0127,1.545020196
429546.0127,1.493096034
429546.0127,1.44291691
429546.0127,1.394424177
430608.9949,1.616458003
430608.9949,1.001646691
432208.4025,1.666963931
432208.4025,1.173108032
432208.4025,1.133682883
432208.4025,1.095582712
432208.4025,1.05876299
432208.4025,1.032942955
432208.4025,0.923449341
432208.4025,0.895385503
432815.7888,1.732994297
432815.7888,1.231212296
433163.2499,0.960762557
433545.7792,0.873757155
440294.9928,2.178829021
441657.3918,2.093641552
441657.3918,2.023279635
441657.3918,1.955282401
441657.3918,1.889570379
441657.3918,1.82606677
444394.8496,1.298157533
444394.8496,1.350122846
445769.9347,1.528965743
445769.9347,1.47758113
445769.9347,1.427923422
445769.9347,1.379934581
445769.9347,1.742219328
446229.2413,1.593697573
447149.2747,1.689914648
447149.2747,1.657493369
447702.205,0.792983282
448532.8827,1.199011146
448532.8827,1.15871546
448532.8827,1.119774008
448532.8827,1.082141279
448532.8827,1.045773288
448532.8827,1.010627533
448532.8827,0.976662936
448532.8827,0.943839802
448532.8827,0.91211977
448532.8827,0.881465766
448532.8827,0.851841965
449127.1674,0.822767171
449523.7946,1.245598727
451034.1749,0.767206888
452709.4476,0.729169417
456924.903,0.684385359
458338.7596,0.664217163
460894.7354,1.307725609
462130.4691,1.403279694
462606.633,1.688471016
462606.633,1.63172584
462606.633,1.576887724
462606.633,1.523892576
462606.633,1.472678459
463219.5648,1.770452091
464038.0706,1.357837158
465473.9374,1.202431713
465473.9374,1.162021071
465473.9374,1.122968526
465473.9374,1.085228437
465473.9374,1.048756695
465473.9374,1.013510675
465473.9374,0.979449183
465473.9374,0.946532411
465473.9374,0.914721887
465473.9374,0.886923278
465473.9374,0.857116064
465473.9374,0.828310593
465473.9374,0.801614192
466502.2759,1.250678219
478176.0513,1.306874366
478598.3318,1.369491352
478598.3318,1.705390406
479914.4795,0.768568016
480079.2522,1.645730795
480079.2522,1.590422008
480079.2522,1.536972008
480079.2522,1.485318324
480079.2522,1.435400589
480573.91,0.802375756
482309.2293,0.886923278
482309.2293,0.857116064
482309.2293,0.828310593
482415.6767,1.05075036
483054.8544,1.208154358
483054.8544,1.167551391
483054.8544,1.128312987
483054.8544,1.090393284
483694.8791,1.254756723
483801.6323,0.693215264
483951.1264,1.017754168
483951.1264,0.983550063
483951.1264,0.950495471
483951.1264,0.919075255
485148.743,0.730520867
486048.8999,0.664690381
486800.3064,1.769731724
498211.811,1.324723607
498211.811,1.280203048
498911.9525,1.390577485
499753.4211,0.9646805
500990.1431,1.618301015
500990.1431,1.563914072
501299.8015,1.513078113
501299.8015,1.462227443
501299.8015,1.191067616
501299.8015,1.151038891
501299.8015,1.112355429
501299.8015,1.074972019
501299.8015,1.038844969
501299.8015,1.003932057
502407.2876,1.237514415
502462.7261,1.693287926
503887.7426,0.785787266
504406.9318,1.729855487
504406.9318,0.815433608
507309.366,1.808318059
509103.7743,0.938254778
509103.7743,0.868669318
509103.7743,0.845234756
510679.0873,0.902213379
514161.9553,1.897121538
517029.2352,1.346282141
517029.2352,1.301037054
517348.8072,1.409868963
518629.0718,0.986215474
519912.5047,1.020076285
520233.8589,1.582137316
520233.8589,1.528965743
520233.8589,1.47758113
520233.8589,1.20357407
520233.8589,1.163125035
520233.8589,1.124035389
520233.8589,1.086259445
520233.8589,1.050251589
520964.9482,1.660930968
521440.707,1.252843271
524753.729,1.767716255
525078.0755,2.006061788
525727.3701,2.110408335
526702.8176,1.938643201
530294.9686,0.952664129
532264.639,0.892753614
532264.639,0.803443162
533252.216,1.857547221
533252.216,0.846198454
533252.216,0.763717902
533252.216,0.738051304
533252.216,0.713247294
533252.216,0.689276884
533252.216,0.666112057
533252.216,0.643725741
533252.216,0.622091772
533252.216,0.601184864
533252.216,0.580980585
536557.3921,1.429280003
536557.3921,1.364299412
536557.3921,1.318448811
536557.3921,1.001789374
539549.5626,1.143196047
539549.5626,1.104776163
539549.5626,1.067647472
539883.0542,1.607884997
539883.0542,1.55384811
539883.0542,1.501627265
539883.0542,1.223161017
539883.0542,1.18373861
540439.3319,1.67861258
540598.3736,1.268103939
540996.1826,1.031962551
544429.4473,1.78928491
544910.2366,1.731498916
548287.6709,0.930491221
548965.6656,2.014078473
549984.2301,0.970192478
549984.2301,2.273951381
549984.2301,2.197529713
549984.2301,2.123676381
549984.2301,1.916677657
553393.1138,0.733858195
555105.4707,0.86078648
555105.4707,0.831857656
555105.4707,0.803901056
555105.4707,0.776884005
555105.4707,0.750774928
556249.9846,1.857547221
556823.1262,1.406392393
556823.1262,1.359127156
556823.1262,1.313450381
557014.3046,1.469651627
559236.7766,1.766709381
560274.3983,1.59117731
560274.3983,1.537701926
560274.3983,1.210451034
560274.3983,1.169770882
560274.3983,1.130457886
560274.3983,1.092466099
560274.3983,1.055751118
560274.3983,1.020270033
561061.7569,1.670421172
561236.8757,1.263296373
561313.9453,0.984671462
561660.8894,0.902213379
568494.4155,0.949876761
576071.7643,1.424402331
576071.7643,1.376531826
576071.7643,1.330270125
576863.3206,1.49404155
581179.3569,1.575925408
581435.922,1.213904237
581435.922,1.173108032
581435.922,1.133682883
581435.922,1.095582712
581435.922,1.05876299
581435.922,1.023180684
581435.922,0.988794208
582514.7325,0.95429387
582874.7807,1.270273308
584678.3624,1.648076613
585642.5534,1.729308024
586850.0285,1.798532313
589029.7609,1.911225268
589029.7609,1.846993894
589879.6194,0.736650946
590943.6671,1.994664701
592314.5492,0.793661278
592314.5492,0.76698836
592680.6546,0.875625996
592680.6546,0.846198454
592680.6546,0.819158853
593230.2369,0.91352833
594147.3402,2.65966698
594147.3402,2.570282401
594147.3402,2.483901809
594147.3402,2.400424246
594147.3402,2.31975215
594147.3402,2.241791236
594147.3402,2.166450388
594147.3402,2.093641552
595985.8024,1.592688989
597829.9534,1.484260871
597829.9534,1.434378674
597829.9534,1.385186022
597829.9534,1.338633476
601535.3919,1.530418319
603396.7148,1.246612973
603396.7148,1.204717511
603396.7148,1.164230048
603396.7148,1.125103266
603396.7148,1.087291433
603396.7148,1.05075036
603396.7148,1.015437338
603396.7148,0.981311096
603396.7148,0.948331749
605263.7973,1.294382709
605263.7973,0.673362088
605263.7973,0.725543311
606199.5038,0.704162229
607136.657,1.638713356
608075.2589,0.625646271
609015.3118,0.769541729
609015.3118,0.743679407
609015.3118,0.648634553
610270.9768,1.711880392
614686.227,0.883141414
614686.227,0.853461299
614686.227,0.824778655
616588.2425,0.924619276
616588.2425,0.793661278
622329.6739,1.389137713
622329.6739,1.342452361
622329.6739,1.754671537
622329.6739,1.695701531
622329.6739,1.638713356
622714.3314,1.45226425
624806.6243,1.564423323
625542.4271,1.279392861
626186.9653,1.22665048
626186.9653,1.185425906
626186.9653,1.145586785
626186.9653,1.107086554
626186.9653,1.069880218
626186.9653,1.03392429
626186.9653,0.999176749
628124.5673,1.519557546
628124.5673,0.974347119
635935.116,0.574070688
637508.8419,0.681078965
637902.8816,0.891567556
637902.8816,0.86160426
637902.8816,0.832647953
637902.8816,0.804664793
637902.8816,0.777622075
637902.8816,0.751488193
637902.8816,0.726232604
637902.8816,0.702826171
637902.8816,0.659503477
637902.8816,0.637339258
637902.8816,0.615919922
637902.8816,0.595220435
638799.3322,0.935646293
645835.0208,1.406392393
645835.0208,1.359127156
645835.0208,1.313450381
648500.9256,1.467792054
649838.0018,1.500202015
649838.0018,1.220840225
649838.0018,1.17981092
649838.0018,1.140160504
649838.0018,1.101842636
649838.0018,1.064812534
649838.0018,1.029026919
649838.0018,0.994916234
650507.5734,0.962850142
651273.6428,1.267072208
653577.2684,1.566972065
655889.0422,1.82606677
655889.0422,1.764697354
656700.0933,1.911225268
657918.5509,1.710255584
657918.5509,1.652778285
657918.5509,2.081746897
657918.5509,2.011784728
661315.0303,0.831857656
663224.712,0.892753614
663224.712,0.862750457
665218.1968,0.931501578
666982.1295,1.431608572
667129.3348,0.589315179
668160.6823,0.726922553
668160.6823,0.702492552
668160.6823,0.678883581
668160.6823,0.656068047
668160.6823,0.634019284
668160.6823,0.612711524
668750.7394,0.802266917
668986.9082,1.365595549
670228.163,1.319701388
670228.163,0.576036515
671116.1834,0.759069995
672302.0411,1.539162801
673688.1904,1.495934379
674382.3363,1.205862039
674382.3363,1.165336112
674382.3363,1.126172157
674382.3363,1.088324402
674382.3363,1.051748613
674382.3363,1.016402042
674382.3363,0.982243379
675424.8966,1.606358895
675633.602,1.261618035
676469.0686,0.948331749
685485.5901,0.865352588
686999.9848,0.843791266
688700.0791,0.912293014
691258.1124,1.808808741
695542.6324,1.726573307
695542.6324,1.668547611
695542.6324,1.359127156
695542.6324,1.313450381
696520.0847,1.425583267
699853.7086,1.549427866
699853.7086,1.497355573
699853.7086,1.219681481
699853.7086,1.178691118
699853.7086,1.139078336
699853.7086,1.100796837
699853.7086,1.063801882
699853.7086,1.028050232
699853.7086,0.993500103
699853.7086,0.960111115
701399.8458,1.60963089
701399.8458,1.267072208
709103.6727,0.825660226
712947.9247,0.890721337
712947.9247,0.86078648
715153.99,0.931080463
715153.99,1.705390406
717366.8815,1.648076613
721813.2275,1.381245572
721813.2275,1.334825454
721813.2275,1.583640407
721813.2275,1.530418319
722929.1135,1.439495533
724046.7246,1.476178704
726287.1327,1.241886883
726287.1327,1.200150253
726287.1327,1.159816284
726287.1327,1.120837836
726287.1327,1.083169354
726287.1327,1.046766813
726287.1327,1.011587668
726287.1327,0.977590804
727891.6674,1.288915881
728534.4734,0.742268371
728534.4734,0.720599669
731815.7518,0.777689207
737593.5904,0.826869834
737593.5904,0.85103345
739875.9165,0.906076914
739875.9165,0.875625996
741019.7264,0.944288038
741019.7264,0.704162229
749076.0611,1.345004335
751393.9172,1.403279694
751393.9172,1.466398919
753718.9454,1.253735852
753718.9454,1.211601009
753718.9454,1.170882209
753718.9454,1.131531864
753718.9454,1.093503983
753718.9454,1.056754122
753718.9454,1.021239329
753718.9454,0.986918097
755384.0832,1.303687139
758390.607,1.583640407
758390.607,1.530418319
758390.607,0.530360497
758390.607,0.512536442
758390.607,0.495311408
758390.607,0.478665263
758390.607,0.456686408
763091.2242,0.780581372
763091.2242,0.754348036
763091.2242,0.728996335
763091.2242,0.545297974
764163.6031,0.819031577
765452.4472,0.855896073
766398.9809,0.581642992
767820.9765,0.906076914
767820.9765,0.875625996
767820.9765,0.666112057
767820.9765,0.643725741
767820.9765,0.622091772
767820.9765,0.601470371
768612.1138,0.944736486
768612.1138,0.694533052
768612.1138,0.561188807
781381.7458,1.389137713
782186.8557,1.155967969
782186.8557,1.047761282
782186.8557,1.012548715
782670.3197,1.121263651
782670.3197,1.083580858
783638.1445,0.981311096
784607.1661,1.241886883
784607.1661,1.200150253
787521.4262,1.298815147
791913.1247,0.785787266
791913.1247,0.759378973
791913.1247,0.733858195
791913.1247,0.709195105
791913.1247,1.9221456
791913.1247,1.857547221
791913.1247,1.795119828
791913.1247,1.734790459
791913.1247,1.676488606
793026.0073,0.824565083
795065.0387,0.531008408
796821.5195,0.917331427
796821.5195,0.886502272
796821.5195,0.651721552
796821.5195,0.629818864
796821.5195,0.608652268
796821.5195,0.588197028
796821.5195,0.568429236
796821.5195,0.549325789
797095.0984,0.680604851
797642.538,0.51010872
799287.1137,0.961631833
799287.1137,0.862013441
799287.1137,1.607884997
799287.1137,1.55384811
799287.1137,1.501627265
799287.1137,1.451161427
809226.0196,1.34756116
811729.9969,1.405057535
811729.9969,1.169770882
811729.9969,1.130457886
811729.9969,1.092466099
811729.9969,1.055751118
811729.9969,1.020270033
812088.3398,1.21555208
814241.7222,0.629221079
814241.7222,0.608074574
814241.7222,0.580153636
822331.5897,0.801157601
822331.5897,0.77423275
822331.5897,0.748212775
822331.5897,0.723067265
822458.6295,0.836015098
824366.5843,1.592688989
824366.5843,1.539162801
824366.5843,1.487435491
825499.3121,1.283448928
825641.0125,0.663271738
825641.0125,0.644643305
826917.4109,0.933145748
826917.4109,0.901785115
826917.4109,0.871478433
826917.4109,1.955282401
826917.4109,1.889570379
826917.4109,1.82606677
826917.4109,1.764697354
826917.4109,1.705390406
826917.4109,1.648076613
826917.4109,1.437446603
826917.4109,1.342452361
828013.037,0.694910023
828079.4853,0.979280094
829476.1304,1.383871291
842388.9804,1.213904237
842388.9804,1.162572922
842388.9804,1.121902675
842388.9804,1.084198407
842388.9804,1.047761282
844995.5734,1.013991998
852863.8456,0.813113938
852863.8456,0.785787266
852863.8456,0.759378973
852863.8456,0.733858195
854974.3973,0.85103345
856258.351,0.660981305
858150.0219,0.932260066
858150.0219,0.900929198
858150.0219,0.880629135
858150.0219,0.709195105
858150.0219,0.685360879
859034.2312,0.972652344
860805.3841,0.612944297
860805.3841,0.593358149
862580.1887,0.63643209
864803.8411,0.40288511
866140.7832,0.464338929
866140.7832,0.44873369
866140.7832,0.433652902
866140.7832,0.419078942
867926.5883,1.248982758
868820.8711,0.393807156
871509.252,1.292417595
871509.252,0.548804404
871509.252,0.530360497
871509.252,0.512536442
871509.252,0.495311408
871509.252,0.480030811
874205.9514,1.122968526
874205.9514,1.085228437
874205.9514,1.048756695
874205.9514,1.013510675
874746.2918,0.57048408
875106.7043,1.177572379
877814.5353,1.343727742
885076.4516,0.81465965
885076.4516,0.787654916
886320.2574,0.855452871
886718.6443,0.763717902
886718.6443,0.738051304
890562.2864,0.938477543
890562.2864,0.906937722
890562.2864,0.880629135
893317.9414,0.981311096
896082.1232,1.556801943
896082.1232,1.504481827
896082.1232,1.453920055
896082.1232,1.405057535
896082.1232,0.708942609
896082.1232,0.541042747
896082.1232,0.52285969
896082.1232,0.505287718
896082.1232,0.482773604
898854.8582,1.275349613
900443.1286,1.232488386
901079.2223,0.594373218
901636.1728,0.659190423
901636.1728,0.637036725
901636.1728,0.615627556
901636.1728,1.353974508
901636.1728,1.308470901
901636.1728,1.180931785
901636.1728,1.1412437
903628.0937,0.683689409
904426.0936,0.557735639
907224.6472,1.095582712
907224.6472,1.05876299
907224.6472,1.023180684
910031.8604,0.57439786
918505.7254,0.799333834
918505.7254,0.772470276
918505.7254,0.746509533
919796.5096,0.838345822
920209.9436,0.722243796
922487.1543,0.879626225
924198.7598,0.9375868
924198.7598,0.906076914
927058.4957,0.97573595
932804.5414,0.599816318
933958.0173,0.486917206
935690.9061,0.664217163
935690.9061,0.641894529
935690.9061,0.621501322
935690.9061,0.578503268
935690.9061,0.559061259
935690.9061,0.540272645
935690.9061,0.522115469
935690.9061,0.504568508
938006.427,0.695589086
941490.4568,1.108138329
941490.4568,1.070896645
941490.4568,1.034906558
941490.4568,0.473241809
941490.4568,0.457337367
941490.4568,0.441967432
941490.4568,0.427114041
941490.4568,0.412759835
941490.4568,0.398888036
941490.4568,0.385482434
941490.4568,0.372527359
941490.4568,0.35643599
942813.5417,1.163627184
944403.6982,1.003932057
950257.2521,1.413085732
953197.6204,1.357837158
953197.6204,1.312203737
953197.6204,1.268103939
953197.6204,1.225486221
953197.6204,0.813113938
953197.6204,0.785787266
953197.6204,0.759378973
953197.6204,0.733858195
954671.2147,0.846198454
959105.6803,0.927844245
959105.6803,0.896661782
959105.6803,0.869412024
959105.6803,1.676488606
959105.6803,1.620146128
959105.6803,1.565697176
959105.6803,1.513078113
959105.6803,1.462227443
962073.4283,0.963993709
968036.5017,0.634169816
971031.8842,0.681467122
971031.8842,0.658564761
971031.8842,0.545686468
971031.8842,0.527347347
971031.8842,0.503133158
974036.5352,0.71279591
977050.4835,1.13691708
977050.4835,1.098708216
977050.4835,1.061783453
977050.4835,1.026099638
979468.3555,1.193105198
980073.7578,0.999651265
980073.7578,0.563591977
981285.6853,0.581974479
985539.2453,0.607382065
989199.8259,1.270514578
989199.8259,0.787281031
989199.8259,0.760822537
990589.9572,0.826703296
992260.6937,1.230149897
992260.6937,0.735951763
994891.8319,1.333739439
995331.0328,0.9646805
995331.0328,0.932260066
995331.0328,0.900929198
995331.0328,0.870651281
995331.0328,1.666963931
995331.0328,1.610941553
995331.0328,1.556801943
998410.8723,1.504481827
998410.8723,1.453920055
998410.8723,1.405057535
1007707.689,0.682114542
1007707.689,0.659190423
1007707.689,0.637036725
1009933.946,0.706889914
1010825.825,0.558795883
1013953.61,1.139078336
1013953.61,1.100796837
1013953.61,1.063801882
1013953.61,1.028050232
1013953.61,0.993500103
1015297.05,1.180451284
1015521.13,0.497786866
1017091.073,0.594373218
1017091.073,0.516444854
1017091.073,0.456036375
1018663.443,0.536438544
1019188.107,0.573035875
1020238.244,0.480030811
1020238.244,0.463898208
1022492.184,0.615794605
1026561.832,0.803138044
1026561.832,0.776146636
1026561.832,0.75006234
1027196.342,0.727198716
1029031.577,0.837140503
1031330.231,1.304748683
1031861.418,0.865704829
1032924.614,1.248982758
1032924.614,0.918202927
1032924.614,0.887344484
1034841.128,1.21022117
1036120.779,0.959199838
1039326.834,1.686067702
1039326.834,1.629403295
1045768.735,0.676309836
1045768.735,0.653580798
1047709.08,0.632816314
1049004.644,0.70829775
1052250.565,1.561243224
1052250.565,1.508773848
1052250.565,1.458067832
1052250.565,1.409065916
1052250.565,1.361710828
1052250.565,1.102889429
1052250.565,1.065824147
1052250.565,1.030004534
1052900.953,0.998228394
1054854.532,1.153665111
1059863.494,0.605002787
1064238.442,0.822953213
1065334.998,0.789527005
1065334.998,0.762993029
1065334.998,0.580429155
1065334.998,0.560922421
1065334.998,0.542071258
1067311.647,0.525847198
1068631.45,0.742268371
1068631.45,0.458903456
1068631.45,0.444746062
1068631.45,0.432008861
1071938.102,0.910389139
1071938.102,0.879793297
1071938.102,0.492029936
1071938.102,0.475494073
1073444.507,1.256336068
1073444.507,0.955728367
1074306.259,0.512119442
1075254.986,1.20643471
1075254.986,0.857116064
1076584.612,1.313699852
1078582.133,1.381245572
1085267.345,0.708387435
1085267.345,0.676309836
1085267.345,0.653580798
1085267.345,0.631615626
1085267.345,1.164230048
1089971.632,1.119986693
1089971.632,1.082346816
1089971.632,1.045971918
1091993.993,1.009189039
1100460.963,0.60634478
1105572.625,0.789527005
1105572.625,0.762993029
1105572.625,0.737350792
1105572.625,0.560922421
1105572.625,0.542071258
1106711.77,0.456036375
1107471.852,0.822953213
1108015.088,0.581927112
1112425.127,1.232488386
1112425.127,1.191067616
1112425.127,0.933145748
1112425.127,0.901785115
1112425.127,0.871478433
1112425.127,0.504328999
1112425.127,0.487379796
1112425.127,0.471895574
1112425.127,0.421073433
1113571.333,0.849418723
1114882.729,0.523924704
1115867.29,0.438830964
1117839.019,0.973356308
1122783.6,0.655569841
1122783.6,0.633537822
1126257.815,0.677917281
1128192.577,0.706506444
1133238.527,1.068864755
1133238.527,1.032942955
1134831.077,1.121612164
1136745.092,1.002503093
1136745.092,0.515464965
1136745.092,0.493199387
1139088.828,0.60692083
1145205.181,0.577021952
1146149.069,0.808494374
1147330.023,0.774673997
1147330.023,0.748639193
1147330.023,0.55430372
1150880.191,0.725543311
1154441.344,0.904357749
1154441.344,0.873964607
1154441.344,0.8445929
1156063.691,0.948823071
1158013.517,1.199390728
1158013.517,1.147764522
1161084.175,0.531224555
1167593.441,1.26089943
1168796.491,0.693215264
1168796.491,0.662013265
1168796.491,1.435400589
1168796.491,1.38716046
1168796.491,1.340541559
1168796.491,1.295489398
1168796.491,1.055249973
1169518.916,1.489131397
1169518.916,1.094750747
1172413.082,1.016595093
1172413.082,1.550899882
1176767.767,0.983550063
1178870.232,0.63321705
1179679.872,0.585633327
1183330.14,0.604907044
1187908.862,0.556677407
1190664.595,0.809416182
1190664.595,0.773938726
1190664.595,0.747928632
1190664.595,0.722792671
1198044.511,1.17422253
1198044.511,1.134759925
1198044.511,0.911254044
1198044.511,0.880629135
1198044.511,0.85103345
1201751.604,0.953146725
1201751.604,0.532956896
1204229.37,1.227815845
1205470.168,0.469214583
1206215.26,0.486362678
1210268.091,0.506316939
1214191.625,0.691681005
1215192.373,0.660819927
1220459.843,1.437446603
1220459.843,1.389137713
1224236.296,1.334825454
1224236.296,1.289965398
1228024.434,0.609809304
1228024.434,0.589315179
1228024.434,0.569509808
1228024.434,1.243066723
1228024.434,1.201290442
1229750.188,1.032942955
1230302.941,0.983550063
1231824.294,0.636835117
1231824.294,0.414822718
1234364.063,0.366214018
1235635.911,0.798575157
1235635.911,0.771737096
1235635.911,0.745800993
1235635.911,0.720736537
1235635.911,0.431598826
1238693.695,1.099752031
1238693.695,0.836610712
1238693.695,0.452155565
1239459.323,0.356944052
1243294.565,1.157615681
1243294.565,1.115528783
1243294.565,0.911254044
1243294.565,0.880629135
1243294.565,0.848612509
1243294.565,0.527347347
1247141.675,0.949007383
1247141.675,0.549195396
1251000.689,0.481857603
1251000.689,0.383019503
1251773.924,0.504424789
1253321.827,0.399229083
1254871.644,0.469660354
1258754.577,0.666112057
1262649.524,0.694972871
1274406.828,0.994443966
1274406.828,0.616212426
1274406.828,0.595503109
1274406.828,0.575489778
1274406.828,1.121902675
1276197.764,1.043698965
1278350.209,0.641894529
1278350.209,0.452155565
1278350.209,0.436959777
1282305.791,0.80734359
1282305.791,0.776146636
1282305.791,0.75006234
1283098.375,0.728027835
1284288.169,0.42017474
1290253.712,0.919948411
1290253.712,0.889031307
1290253.712,0.859153247
1290253.712,0.532378822
1291250.659,0.957834545
1291250.659,0.55430372
1292647.68,1.095998931
1294246.126,0.835419908
1297942.396,0.505177004
1308133.398,0.694293268
1308721.383,0.662327659
1318461.385,0.466548823
1322541.083,1.020270033
1322541.083,0.610968539
1322541.083,0.590435455
1323358.536,0.485808781
1324994.958,0.98579414
1324994.958,0.571785701
1326633.404,1.066161565
1326633.404,0.638449775
1326633.404,0.427114041
1326633.404,0.412759835
1326633.404,0.398888036
1326633.404,0.385482434
1326633.404,0.372527359
1326633.404,0.362064677
1330738.388,0.768081622
1330738.388,0.742268371
1331195.281,0.800853351
1332109.537,0.447669673
1334856.074,0.721421264
1338986.501,0.914721887
1338986.501,0.883980432
1338986.501,0.85427212
1338986.501,0.830673617
1340366.149,1.112355429
1343129.709,0.952392777
1343129.709,0.529605599
1344167.513,0.550958313
1350063.565,1.154322602
1351454.626,1.246612973
1351454.626,1.204717511
1355636.414,0.670554527
1359831.142,0.701159663
1368259.577,0.513510763
1371080.648,1.027724875
1371080.648,0.636835117
1371080.648,0.484457465
1372493.364,0.610968539
1372493.364,0.590435455
1372493.364,0.465442564
1374615.168,0.35139497
1375039.922,0.988043336
1375039.922,0.571785701
1381000.281,0.762993029
1381000.281,0.737350792
1381000.281,0.360007671
1383562.623,0.426141753
1383562.623,0.412995073
1384417.793,0.799333834
1385273.492,0.398131197
1385273.492,0.38475103
1385273.492,0.371820536
1387415.053,0.446078378
1389559.925,0.902641846
1389559.925,0.872306371
1389559.925,0.842990393
1389559.925,0.815433608
1392998.619,0.945634022
1392998.619,0.547243216
1395295.809,1.082141279
1398172.623,1.268103939
1398172.623,1.225486221
1398172.623,1.184300775
1398172.623,1.144499467
1405969.684,0.296945623
1406838.704,0.681467122
1406838.704,0.658564761
1409013.604,0.709195105
1411191.866,0.30926279
1415558.498,0.498614765
1418184.961,0.319956995
1418842.337,0.518041146
1419938.642,0.332785956
1423452.514,0.980193524
1424332.339,0.609230511
1424332.339,0.588755838
1424332.339,0.568969266
1424332.339,0.463678004
1427479.016,0.481008586
1427636.532,1.023423612
1428739.632,0.633718328
1432275.283,0.3447516
1433160.562,0.740156834
1435174.595,0.776481717
1435819.684,0.428576635
1435819.684,0.414173275
1435819.684,0.400253974
1435819.684,0.386802466
1437595.172,0.447032475
1442043.503,0.900929198
1442043.503,0.870651281
1442043.503,0.841390927
1442043.503,0.813113938
1443157.735,0.9375868
1443157.735,0.542586247
1446505.599,0.283391501
1446505.599,0.27386744
1446505.599,0.264663459
1446505.599,0.255768799
1446505.599,0.247173067
1448493.182,0.367142532
1449487.998,0.351895847
1449487.998,0.23728371
1450981.502,0.324917047
1450981.502,0.313997419
1450981.502,0.303444772
1450981.502,0.293246772
1459974.9,0.682114542
1459974.9,0.659190423
1464492.481,0.711443471
1469024.041,0.501463743
1471295.076,0.522487447
1471295.076,1.225486221
1473569.622,1.17981092
1478129.269,1.142870424
1478129.269,1.104461483
1478129.269,1.067343368
1478129.269,1.031472698
1478129.269,0.993028507
1478129.269,0.637036725
1478129.269,0.615627556
1478129.269,0.594937895
1478129.269,0.57494356
1478129.269,0.484610834
1478129.269,0.468324308
1480414.381,0.335737858
1480871.827,0.963581869
1480871.827,0.557629725
1487290.933,0.769834084
1487290.933,0.445506897
1487290.933,0.42549479
1487290.933,0.411195003
1487290.933,0.397375794
1490050.49,0.386582147
1491893.038,0.740156834
1496509.382,0.883980432
1496509.382,0.85427212
1496509.382,0.825562227
1496509.382,0.801614192
1498051.336,0.922864929
1510444.299,0.354579273
1510444.299,0.342662774
1510444.299,1.239530561
1512312.066,0.370833236
1513558.527,0.280713188
1515118.047,0.678239228
1515118.047,0.655445349
1515118.047,1.184300775
1515118.047,0.312213498
1515118.047,0.301720804
1515118.047,0.291580742
1516679.175,0.325534708
1518867.456,0.709195105
1518867.456,0.539503639
1519806.257,0.392127952
1522939.786,1.137997195
1524508.973,0.515954677
1524508.973,0.49885156
1524508.973,1.104461483
1524508.973,0.40345938
1529226.241,1.068864755
1533958.105,1.030983077
1533958.105,0.996334383
1533958.105,0.962850142
1533958.105,0.596635148
1533958.105,0.576583772
1533958.105,0.454091824
1536329.525,0.560656162
1536804.249,0.62422204
1537346.97,0.475945811
1541877.105,0.779840493
1541877.105,0.419078942
1543465.805,0.746509533
1548241.73,0.435716754
1553032.434,0.897513645
1553032.434,0.867350516
1553032.434,0.838201092
1555913.969,0.812187918
1557837.962,0.93625227
1572343.947,0.678883581
1572343.947,0.656068047
1574553.576,0.712508814
1576234.97,0.541042747
1582089.567,0.492965275
1584535.396,0.512901596
1591895.592,0.602327704
1591895.592,0.582085017
1591895.592,0.458206755
1591895.592,0.442807603
1592598.344,1.024569625
1594630.259,0.628424916
1594849.235,0.97351477
1594849.235,0.563377946
1595412.454,0.475558581
1601212.64,0.786782794
1601762.397,0.753632056
1611690.357,0.8992198
1611690.357,0.868999331
1611690.357,0.839794495
1614181.947,0.815433608
1614459.028,0.939963996
1616677.389,0.430166764
1616677.389,0.346754362
1621679.852,0.397375794
1621679.852,0.384021014
1621679.852,0.371115054
1621679.852,0.358642829
1625262.515,0.41309593
1631731.264,0.705835873
1631731.264,0.682114542
1631731.264,0.659190423
1635336.132,0.732068449
1635336.132,0.538187888
1641844.976,0.33525998
1641844.976,0.491096372
1642859.789,0.513998618
1651000.902,0.55446165
1652021.374,0.612711524
1652021.374,0.592119863
1652021.374,0.572220234
1652021.374,0.450441378
1657133.202,0.638247719
1657133.202,0.469957771
1657133.202,1.402391617
1657133.202,1.355260836
1657133.202,1.309713998
1657133.202,1.265697873
1657133.202,1.223161017
1657133.202,1.182053716
1657133.202,1.142327925
1659182.359,1.094750747
1662260.847,1.057758079
1662260.847,1.022209545
1662260.847,0.987855707
1663288.279,0.753345855
1664830.617,1.462227443
1666374.385,0.786683184
1672563.786,0.920822398
1672563.786,0.889875921
1672563.786,0.859969476
1672563.786,0.831068109
1672563.786,0.808494374
1676258.862,0.957639662
1677739.178,0.438206346
1681198.333,0.357283163
1681198.333,0.345275793
1682930.584,0.395493551
1682930.584,0.382202028
1683970.791,0.370833236
1687095.272,0.413701591
1693361.636,0.681467122
1693361.636,0.335737858
1695741.333,0.715096844
1696503.541,0.659315627
1698601.383,9.439947152
1698601.383,9.122694764
1698601.383,8.816104414
1698601.383,8.519817779
1698601.383,8.233488577
1698601.383,7.956782164
1698601.383,7.689375143
1698601.383,7.430954986
1698601.383,7.181219666
1698601.383,6.93987731
1698601.383,6.706645851
1698601.383,6.481252702
1698601.383,6.263434438
1698601.383,6.052936487
1698601.383,5.849512832
1698601.383,5.652925723
1698601.383,5.462945403
1698601.383,5.279349833
1698601.383,5.101924439
1698601.383,4.930461857
1698601.383,4.764761692
1698601.383,4.604630284
1698601.383,4.449880482
1698601.383,4.300331423
1698601.383,4.155808325
1698601.383,4.016142276
1698601.383,3.881170045
1698601.383,3.750733884
1698601.383,3.624681348
1698601.383,3.502865114
1698601.383,3.38514281
1698601.383,3.271376851
1698601.383,3.161434274
1698601.383,3.055186584
1698601.383,2.952509607
1698601.383,2.853283339
1698601.383,2.757391812
1698601.383,2.664722952
1698601.383,2.575168455
1698601.383,2.488623654
1698601.383,2.404987402
1698601.383,2.32416195
1698601.383,2.246052834
1698601.383,2.170568765
1698601.383,2.097621521
1698601.383,2.027125847
1698601.383,1.958999352
1698601.383,1.893162413
1698601.383,1.829538085
1698601.383,1.768052007
1698601.383,1.708632318
1698601.383,1.651209572
1698601.383,1.595716658
1698601.383,1.542088718
1700701.818,9.895201198
1703857.342,0.508657609
1703857.342,0.491562933
1703857.342,12.38557329
1703857.342,11.96932597
1703857.342,11.56706765
1703857.342,11.1783282
1703857.342,10.80265329
1703857.342,10.43960385
1703857.342,1.487435491
1703857.342,1.437446603
1703857.342,1.389137713
1703857.342,1.342452361
1703857.342,1.297335984
1703857.342,1.253735852
1706784.344,0.530024854
1711243.02,0.553830199
1713829.68,0.469066086
1714418.102,0.610968539
1714418.102,0.590435455
1714418.102,0.570592435
1716689.625,0.633331593
1725044.32,1.194465522
1725044.32,1.154322602
1725044.32,1.073951724
1725044.32,1.037858964
1725044.32,1.002979188
1726110.557,1.113623686
1726110.557,0.738892796
1729313.225,0.770711813
1730382.101,0.965780385
1735736.399,0.933145748
1735736.399,0.901785115
1735736.399,0.871478433
1735736.399,0.84219028
1735736.399,0.813886427
1735736.399,0.794792559
1735736.399,0.425090937
1738419.758,0.375724727
1738956.928,0.444999529
1751898.906,0.389067986
1754994.499,0.40609506
1755510.963,0.327705781
1757319.783,0.683411227
1757319.783,0.66044353
1757319.783,0.363097584
1757319.783,0.350894806
1757319.783,0.339102133
1761202.105,0.710350519
1768211.912,0.511078426
1768211.912,0.493902392
1768211.912,0.4773036
1771249.466,0.532378822
1778560.904,0.631615626
1779171.551,0.60634478
1779171.551,0.585967088
1779171.551,0.566274239
1781004.75,0.555093822
1782472.669,0.462578553
1791305.628,0.728857899
1794506.054,0.761304334
1795738.508,1.093503983
1795738.508,1.052747814
1795738.508,1.017367663
1795738.508,0.983176548
1798514.627,0.934919639
1799440.954,0.779840493
1801295.038,0.891567556
1801295.038,0.86160426
1801295.038,0.832647953
1801295.038,0.804664793
1801295.038,0.4202745
1804637.206,0.43995752
1812459.731,0.389067986
1813860.175,0.406053746
1818068.001,0.377871538
1823693.625,0.675026624
1823693.625,0.652340712
1829336.656,0.705612491
1833108.374,0.235935624
1834997.148,0.51156397
1834997.148,0.494371618
1834997.148,0.477757057
1834997.148,0.33335526
1834997.148,0.322152045
1834997.148,0.311325342
1834997.148,0.300862496
1834997.148,0.29075128
1834997.148,0.280979876
1834997.148,0.271536864
1834997.148,0.262411207
1834997.148,0.25359224
1834997.148,0.245069656
1837575.886,0.536994536
1846370.732,0.617853019
1846370.732,0.590996391
1846370.732,0.571134519
1846370.732,0.561455319
1848273.171,0.455315202
1860425.615,0.361596146
1863563.423,0.747573605
1863563.423,0.345735115
1863563.423,0.765896654
1869329.822,0.791779386
1871255.918,0.372527359
1873955.786,0.829018794
1875114.064,0.431735461
1875114.064,0.398888036
1875114.064,0.385482434
1888194.134,0.414379805
1892574.402,0.686011998
1892574.402,0.662956896
1892574.402,0.640676617
1893744.188,0.881633188
1896964.831,0.713247294
1904304.858,0.98757433
1904304.858,0.954656413
1904304.858,0.922572862
1904304.858,0.515954677
1904304.858,0.498614765
1904304.858,0.481857603
1904304.858,0.465663606
1905481.895,1.022403699
1909017.373,0.539503639
1911673.286,1.067343368
1916108.021,0.588755838
1916108.021,0.568969266
1916108.021,0.553514742
1920341.143,0.449586723
1920717.873,0.614654007
1922037.009,1.120837836
1931561.572,0.354209092
1933950.079,0.29199636
1939934.275,0.813886427
1939934.275,0.786533794
1939934.275,0.760100412
1943533.677,0.73721077
1945936.988,0.84800835
1950752.528,0.325287503
1950752.528,0.314355425
1950752.528,0.305004764
1951958.274,0.412368069
1951958.274,0.398509437
1951958.274,0.385116558
1951958.274,0.372173779
1957998.193,0.430371053
1957998.193,0.338964158
1964056.801,0.685360879
1964056.801,0.662327659
1964056.801,0.640068527
1970134.155,0.88440024
1970134.155,0.714263954
1975009.576,0.960293474
1976230.315,0.928725733
1976230.315,0.900929198
1976230.315,0.501940152
1976230.315,0.485071233
1976230.315,0.468769234
1979007.529,0.526801344
1982345.339,1.00148365
1988479.283,0.589875051
1988479.283,0.570050865
1989708.348,0.553199466
1992872.29,0.453260986
1993263.248,0.616212426
1994632.208,0.33051845
1999259.393,0.35923931
2006995.234,0.378949539
2009477.019,0.338908983
2013205.452,0.803138044
2013205.452,0.776146636
2013205.452,0.75006234
2018187.46,0.841390927
2019434.887,0.391458277
2025683.598,0.417490153
2025683.598,0.40345938
2031951.644,0.434477267
2034045.299,1.056754122
2038239.085,0.695192885
2038239.085,0.671829237
2038239.085,0.649250781
2044545.981,0.72399479
2050872.392,0.509624557
2050872.392,0.492497384
2050872.392,0.475945811
2054677.631,1.003360227
2055947.613,0.533390863
2063584.003,0.602899939
2063584.003,0.58263802
2063584.003,0.563057052
2063584.003,0.547243216
2068142.932,0.460699841
2069969.323,0.628773114
2069969.323,0.443860063
2069969.323,0.970192478
2076374.402,0.9375868
2076374.402,0.906076914
2076374.402,0.875625996
2082799.299,0.846198454
2082799.299,1.074972019
2082799.299,1.038844969
2082799.299,0.336216418
2082799.299,0.324917047
2082799.299,0.313997419
2085374.821,0.298812507
2089244.077,0.813886427
2089244.077,0.786533794
2089244.077,0.760100412
2089244.077,1.232488386
2089244.077,1.191067616
2089244.077,1.151038891
2089244.077,1.112355429
2100894.973,0.368306486
2100894.973,0.35592865
2100894.973,0.344162834
2102193.521,0.408858871
2102193.521,0.395118174
2103121.547,0.381114775
2108698.311,0.424687468
2111305.859,0.282907526
2115223.228,0.705165939
2115223.228,0.681467122
2115223.228,0.658564761
2121768.335,0.734381028
2128333.694,0.500037225
2128333.694,0.483232257
2133600.606,0.523157675
2141525.422,0.612711524
2141525.422,0.592119863
2141525.422,0.572220234
2141525.422,0.552989381
2141525.422,0.539503639
2141525.422,0.450441378
2142849.083,1.008518443
2146256.542,0.468642069
2148151.915,0.640068527
2148151.915,0.438206346
2168154.676,0.84219028
2168154.676,0.813886427
2168154.676,0.786533794
2171201.603,0.884285727
2172177.523,0.761111579
2174863.568,0.921697214
2174863.568,0.30809033
2174863.568,0.297736205
2177552.934,0.404379917
2177552.934,0.390789746
2177552.934,0.377656306
2177552.934,0.364964247
2177552.934,0.352698736
2177552.934,0.340845437
2177552.934,0.329390497
2177552.934,0.31922864
2184965.85,0.269994175
2186654.12,0.422124338
2188343.694,0.955563373
2195115.057,0.694533052
2195115.057,0.671191579
2195115.057,0.277006021
2200547.23,0.726370542
2206447.255,1.011587668
2208720.705,0.287456961
2208720.705,0.491562933
2211824.64,0.515732023
2215555.12,0.977590804
2222410.683,0.619733332
2222410.683,0.598905686
2222410.683,0.578778003
2222410.683,0.55932676
2222410.683,0.540529224
2222410.683,0.455603535
2222410.683,0.440291869
2227320.497,0.642678696
2227320.497,0.472472062
2229287.458,0.255768799
2229287.458,0.247173067
2229287.458,0.238866215
2229287.458,0.230838534
2229287.458,0.223504715
2236185.513,0.264663459
2243104.912,0.293246772
2243104.912,0.283391501
2243104.912,0.27386744
2250045.722,0.836610712
2250045.722,0.808494374
2250045.722,0.781322954
2250045.722,0.755064695
2250045.722,0.321235617
2250045.722,0.310439712
2250045.722,0.300862496
2257008.008,0.872306371
2257008.008,0.924853441
2257008.008,0.902641846
2263991.838,0.407308828
2263991.838,0.393620224
2263991.838,0.380391658
2263991.838,0.367607671
2263991.838,0.355253321
2263991.838,0.343314169
2263991.838,0.33303886
2270997.278,0.42549479
2278024.394,0.703827976
2278024.394,0.680174125
2281042.668,0.732068449
2282251.097,0.658564761
2292143.927,0.492497384
2295687.463,0.512536442
2306350.974,0.601756013
2306350.974,0.581532538
2306350.974,0.561988723
2306350.974,0.543101725
2306350.974,0.526596738
2306350.974,0.457771855
2307776.513,0.443480889
2310312.98,0.627629761
2311446.231,0.474785066
2327826.823,0.857848893
2327826.823,0.829018794
2335029.786,0.800853351
2335029.786,0.773938726
2339362.258,0.354511939
2349502.646,0.406150153
2349502.646,0.392500489
2349502.646,0.379309555
2349502.646,0.367433175
2353861.972,0.425413989
2362604.902,0.284361937
2364065.212,0.707849498
2364065.212,0.684060494
2364065.212,0.661070977
2366988.538,0.739735248
2368451.557,0.640068527
2371380.307,0.328640667
2371380.307,0.316331764
2371380.307,0.306922315
2371380.307,0.296607444
2382395.413,0.499562621
2386078.473,0.340762219
2393461.684,0.587081
2393461.684,0.567350714
2393461.684,0.548283514
2393461.684,0.529857112
2393461.684,0.513267009
2393461.684,0.462139503
2393461.684,0.44660818
2397573.335,0.613099529
2398749.389,0.479835494
2423223.693,0.794038193
2423223.693,0.767352608
2429220.358,0.83091029
2438243.192,0.412759835
2438243.192,0.398888036
2438243.192,0.385482434
2438243.192,0.372527359
2438243.192,0.360007671
2442767.169,0.347908737
2445787.816,0.43118918
2453355.784,0.871892304
2453355.784,0.710543271
2453355.784,0.686663736
2453355.784,0.66358673
2453355.784,0.641285284
2454198.114,0.275257951
2460947.17,0.740684154
2460947.17,0.282853802
2460947.17,0.237171076
2467037.189,0.254895943
2467037.189,0.246329545
2468562.046,0.323378018
2468562.046,0.312510113
2468562.046,0.30200745
2468562.046,0.291857755
2473651.716,0.265166579
2476200.485,0.337415802
2476200.485,0.206313296
2483862.559,0.598337242
2483862.559,0.578228664
2483862.559,0.558795883
2483862.559,0.540016188
2483862.559,0.52186763
2483862.559,0.504328999
2483862.559,0.487379796
2483862.559,0.471000212
2483862.559,0.455171105
2485397.817,0.230050757
2485397.817,0.222319341
2485397.817,0.214847759
2487153.559,0.622091772
2510867.007,0.196799966
2514748.677,0.793284542
2518282.676,0.832288634
2519414.604,0.768081622
2530335.462,0.418681178
2530335.462,0.404610379
2530335.462,0.391012463
2530335.462,0.377871538
2530335.462,0.365172246
2530335.462,0.352899744
2530335.462,1.003932057
2536597.193,0.437956748
2538165.045,0.916460754
2538165.045,0.885660861
2538165.045,0.865704829
2538165.045,1.030983077
2538165.045,0.202102755
2538165.045,0.208338269
2541652.632,0.960719114
2546018.855,0.697838492
2546018.855,0.674385931
2546018.855,0.651721552
2546018.855,0.228223048
2546018.855,0.220553058
2546018.855,0.213140836
2549596.798,0.732339342
2553896.968,0.261664724
2553896.968,0.252870844
2553896.968,0.244372504
2553896.968,0.23723865
2561799.457,0.321235617
2561799.457,0.310439712
2561799.457,0.300006631
2561799.457,0.289924178
2561799.457,0.280180571
2561799.457,0.271279138
2568139.051,0.336216418
2569726.399,0.831857656
2569726.399,0.195125224
2577677.869,0.59324547
2577677.869,0.573308013
2577677.869,0.554040603
2577677.869,0.53542072
2577677.869,0.517426605
2577677.869,0.500037225
2577677.869,0.483232257
2577677.869,0.466992062
2577677.869,0.803901056
2581300.303,0.622736539
2585653.944,0.452800066
2609730.554,0.773571352
2617805.808,0.37337732
2617805.808,0.360829067
2617805.808,0.300006631
2617805.808,0.289924178
2617805.808,0.277400864
2621852.801,0.349896613
2625906.05,0.413151972
2625906.05,0.399266995
2625906.05,0.386582147
2629596.259,0.433578038
2634031.356,0.318199641
2634031.356,0.30926279
2642181.804,0.695192885
2642181.804,0.671829237
2642181.804,0.649250781
2648720.317,0.727198716
2665137.478,0.332217625
2675036.577,0.594937895
2675036.577,0.57494356
2675036.577,0.555621183
2675036.577,0.536948181
2675036.577,0.518902731
2675036.577,0.501463743
2675036.577,0.484610834
2675036.577,0.468324308
2675036.577,1.032942955
2675036.577,0.998228394
2675036.577,0.9646805
2675036.577,0.932260066
2675036.577,0.900929198
2679631.936,0.620911432
2679999.906,0.45370391
2691616.849,0.865704829
2691616.849,0.836610712
2708299.889,0.802375756
2708299.889,0.775409967
2708299.889,0.749350429
2725086.332,0.418681178
2725086.332,0.404610379
2725086.332,0.391012463
2725086.332,0.377871538
2725086.332,0.365172246
2725086.332,0.352899744
2730142.525,0.341234053
2733518.531,0.437236486
2733518.531,0.257230208
2741976.821,0.693873845
2741976.821,0.670554527
2741976.821,0.648018911
2741976.821,0.247173067
2741976.821,0.238866215
2741976.821,0.228548357
2745609.809,0.71966185
2750461.283,0.315791533
2750461.283,0.30517859
2750461.283,0.294922322
2750461.283,0.285010739
2750461.283,0.27543226
2750461.283,0.266745
2764660.434,0.329891333
2776072.515,0.592682399
2776072.515,0.572763865
2776072.515,0.553514742
2776072.515,0.534912533
2776072.515,0.516935496
2776072.515,0.499562621
2776072.515,0.482773604
2776072.515,0.466548823
2777788.386,0.450612504
2784662.48,0.618166008
2810592.18,0.866691866
2810592.18,0.82791741
2810592.18,0.800093231
2810592.18,0.773204152
2810592.18,0.747218746
2810592.18,1.044780707
2819288.958,0.271923912
2828012.647,0.413151972
2828012.647,0.399266995
2828012.647,0.385848657
2828012.647,0.372881274
2828012.647,0.360349692
2828012.647,0.348239264
2831509.675,1.001076163
2833259.811,0.336791589
2836763.328,0.43118918
2836763.328,0.90349939
2845541.087,0.94294397
2845541.087,0.686663736
2845541.087,0.66358673
2845541.087,0.641285284
2854346.007,0.716868673
2863178.172,0.285416993
2872037.666,0.31280701
2872037.666,0.302294369
2872037.666,0.292135031
2880924.574,0.326463401
2880924.574,0.596635148
2880924.574,0.576583772
2880924.574,0.557206272
2880924.574,0.53848
2880924.574,0.520383069
2880924.574,0.50289433
2880924.574,0.485993343
2880924.574,0.469660354
2880924.574,0.453876276
2889838.981,0.622978499
2916748.045,0.825562227
2916748.045,0.7978172
2916748.045,0.771004612
2916748.045,0.745093126
2927782.701,0.863515436
2934826.481,0.415118256
2934826.481,0.401167197
2934826.481,0.387684998
2934826.481,0.3746559
2934826.481,0.362064677
2934826.481,0.349896613
2938950.818,0.435603928
2940271.83,0.338908983
2953016.969,0.676309836
2953016.969,0.653580798
2960324.695,0.707580683
2962154.45,0.902213379
2964770.349,0.994578877
2971320.205,0.307505768
2971320.205,0.297171289
2971320.205,0.287730056
2971320.205,0.232157496
2971320.205,0.224355279
2971320.205,0.216815274
2971320.205,0.209528669
2971320.205,0.202486949
2975495.828,0.322736588
2980514.322,0.195496153
2989736.888,0.604046039
2989736.888,0.583745602
2989736.888,0.564127411
2989736.888,0.545168537
2989736.888,0.526846822
2989736.888,0.509140853
2989736.888,0.492029936
2989736.888,0.475494073
2989736.888,0.459513938
2992046.985,0.946981925
2993698.147,0.626155712
2998987.991,0.265569763
2998987.991,0.256644645
2998987.991,0.248019477
3002078.049,0.27543226
3004287.182,0.238963445
3023797.787,0.844058393
3026913.408,0.809262475
3026913.408,0.782065241
3026913.408,0.755782036
3032529.618,0.73218763
3036279.546,0.981311096
3043793.319,0.888693686
3045674.665,0.428332522
3045674.665,0.413937366
3045674.665,0.400025994
3045674.665,0.386582147
3045674.665,0.373590113
3045674.665,0.361034709
3045674.665,0.348901259
3050383.121,0.446714216
3051325.685,0.338523015
3064552.207,0.669918079
3064552.207,0.647403852
3072135.946,0.701559264
3083546.756,0.30258156
3084908.005,0.315277886
3093088.133,0.327705781
3093088.133,0.293246772
3093088.133,0.283391501
3102659.035,0.595503109
3102659.035,0.575489778
3102659.035,0.556149044
3102659.035,0.537458302
3102659.035,0.519395709
3102659.035,0.501940152
3102659.035,0.485071233
3102659.035,0.468769234
3110123.539,0.621698076
3141239.709,0.827131603
3141239.709,0.792531607
3141239.709,0.765896654
3141239.709,0.740156834
3153742.239,0.272422355
3160709.578,0.436959777
3160709.578,0.422274681
3160709.578,0.408083113
3160709.578,0.394368487
3160709.578,0.381114775
3160709.578,0.368306486
3160709.578,0.35592865
3160709.578,0.343966802
3162104.892,0.45363006
3170489.719,0.285010739
3177026.621,0.222446045
3180300.124,0.678239228
3180300.124,0.655445349
3180300.124,0.247878208
3180300.124,0.239547658
3180300.124,0.231497076
3181392.041,0.70740153
3183576.999,0.258699966
3200012.094,0.314295729
3200012.094,0.303733056
3200012.094,0.295342703
3207931.05,0.329015368
3219846.243,0.600044193
3219846.243,0.579878248
3219846.243,0.560390029
3219846.243,0.541556759
3219846.243,0.523356426
3219846.243,0.505767761
3219846.243,0.488770205
3219846.243,0.472343893
3223827.8,0.628504487
3227315.702,0.857726711
3254852.273,0.811956578
3255570.631,0.779734711
3259884.107,0.752202136
3265932.576,0.729688909
3280089.351,0.436130702
3280089.351,0.421473469
3280089.351,0.407308828
3280089.351,0.393620224
3280089.351,0.380391658
3280089.351,0.367607671
3280089.351,0.355253321
3280089.351,0.343314169
3285160.2,0.278390436
3290238.888,0.455027052
3297022.687,0.240687719
3300419.83,0.677595486
3300419.83,0.654823242
3300419.83,0.259437991
3300419.83,0.250718946
3310632.275,0.70566833
3320876.321,0.319107409
3320876.321,0.308383028
3320876.321,0.298019066
3328212.897,0.287925283
3331152.064,0.333117932
3331152.064,0.271279138
3341459.603,0.608652268
3341459.603,0.588197028
3341459.603,0.568429236
3341459.603,0.549325789
3341459.603,0.53086436
3341459.603,0.513023371
3341459.603,0.495781973
3341459.603,0.479120014
3348841.653,0.632301454
3351799.037,1.732321216
3351799.037,1.66064423
3351799.037,1.604834241
3351799.037,1.550899882
3351799.037,1.498778119
3351799.037,1.448408034
3351799.037,1.399730758
3351799.037,1.352689401
3351799.037,1.307228983
3351799.037,1.263296373
3351799.037,1.220840225
3351799.037,1.17981092
3351799.037,1.140160504
3351799.037,1.101842636
3351799.037,1.064812534
3351799.037,1.029026919
3351799.037,0.994443966
3351799.037,0.961023257
3351799.037,0.928725733
3351799.037,0.897513645
3379527.541,0.235041158
3380919.972,0.870651281
3380919.972,0.841390927
3380919.972,0.813113938
3383009.695,0.787281031
3383009.695,0.760822537
3389286.614,0.738051304
3403978.089,0.441128855
3403978.089,0.426303647
3403978.089,0.411976676
3403978.089,0.398131197
3403978.089,0.38475103
3403978.089,0.371820536
3403978.089,0.359324602
3410293.914,0.461788562
3410293.914,0.347908737
3425076.449,0.67310637
3429889.74,0.706628435
3431431.421,0.651102979
3435674.618,0.230838534
3446305.58,0.322458102
3446305.58,0.311621113
3446305.58,0.301148327
3446305.58,0.291027505
3446305.58,0.281246818
3456969.437,0.335737858
3456969.437,0.213992595
3456969.437,0.206565337
3456969.437,0.199907749
3464988.979,0.223080644
3467666.292,0.594937895
3467666.292,0.57494356
3467666.292,0.555621183
3467666.292,0.536948181
3467666.292,0.518902731
3467666.292,0.501463743
3467666.292,0.484610834
3467666.292,0.261913315
3467666.292,0.253111081
3467666.292,0.244953326
3467666.292,0.23582363
3475327.161,0.272311511
3476247.602,0.622801052
3499955.86,0.194385476
3510785.727,0.769541729
3510785.727,0.743679407
3521649.105,0.802883868
3532546.096,0.444915024
3532546.096,0.429962572
3532546.096,0.415512634
3532546.096,0.401548321
3532546.096,0.388053313
3532546.096,0.375011838
3532546.096,0.362408653
3532546.096,0.350229028
3541287.962,0.465752052
3543476.807,0.266175689
3543476.807,0.257230208
3543476.807,0.249294531
3554441.34,0.691899977
3554441.34,0.668646995
3554441.34,0.862422817
3554441.34,0.831857656
3554441.34,0.908661792
3561036.338,0.648141992
3565439.8,0.722449575
3576472.293,0.316091547
3576472.293,0.305468522
3576472.293,0.295202509
3576472.293,0.285416993
3581498.342,0.331718984
3593085.074,0.27779627
3598639.798,0.600044193
3598639.798,0.579878248
3598639.798,0.560390029
3598639.798,0.541556759
3598639.798,0.523356426
3598639.798,0.505767761
3600864.091,0.490816649
3601420.379,0.624755747
3645639.803,0.767206888
3664352.458,0.805866417
3665970.108,0.470553169
3665970.108,0.453015103
3665970.108,0.437790429
3665970.108,0.423077416
3665970.108,0.408858871
3665970.108,0.395118174
3665970.108,0.381839266
3665970.108,0.369006629
3665970.108,0.356605263
3665970.108,0.344620676
3677313.671,0.289099428
3688692.333,0.705835873
3688692.333,0.682114542
3688692.333,0.659190423
3689958.801,0.73618475
3713849.48,0.300691128
3720740.248,0.328453477
3723040.011,0.849822117
3734560.164,0.597769339
3734560.164,0.577679846
3734560.164,0.558265509
3734560.164,0.539503639
3734560.164,0.521372307
3734560.164,0.503850322
3734560.164,0.486917206
3738408.131,0.313997419
3739808.374,0.627593641
3757707.52,0.782436648
3761579.338,0.755064695
3764679.664,0.814041013
3792697.84,0.890721337
3799399.512,0.933778894
3804433.535,0.447457173
3804433.535,0.432419286
3804433.535,0.417886784
3804433.535,0.403842682
3804433.535,0.390270567
3804433.535,0.377154575
3804433.535,0.364479378
3804433.535,0.352230162
3804433.535,0.34039261
3816205.543,0.466992062
3828013.977,0.695192885
3828013.977,0.671829237
3828013.977,0.649250781
3839858.95,0.726134094
3851740.574,0.257230208
3851740.574,0.249294531
3857153.459,0.298766079
3863658.964,0.328406696
3875614.232,0.857523114
3875614.232,0.589875051
3875614.232,0.570050865
3875614.232,0.550892919
3875614.232,0.532378822
3875614.232,0.514486937
3875614.232,0.497196351
3881060.667,0.618877936
3884176.352,0.314253096
3887606.494,0.482773604
3887606.494,0.94294397
3897915.105,0.263266939
3899635.863,0.272570217
3899635.863,0.90349939
3911702.454,0.283593402
3923806.383,0.78355193
3923806.383,0.757218762
3935947.765,0.817759896
3948126.715,0.458380831
3948126.715,0.438206346
3948126.715,0.423479356
3948126.715,0.409247302
3948126.715,0.395493551
3948126.715,0.382202028
3948126.715,0.369357199
3948126.715,0.356944052
3948126.715,0.344948079
3972597.789,0.700494166
3972597.789,0.676952356
3972597.789,0.654201725
3984890.145,0.730208772
3998985.134,0.331056927
3998985.134,0.299031479
4021995.902,0.608074574
4021995.902,0.587638749
4021995.902,0.567889719
4021995.902,0.548804404
4021995.902,0.530360497
4021995.902,0.512536442
4021995.902,0.495311408
4021995.902,0.478665263
4024481.869,0.307272254
4030881.413,0.630759386
4030881.413,0.31837235
4055268.759,0.819314441
4072008.267,0.785787266
4079563.572,0.761111579
4084608.228,0.275040219
4097247.177,0.857116064
4097247.177,0.444915024
4097247.177,0.429962572
4097247.177,0.415512634
4097247.177,0.401548321
4097247.177,0.388053313
4097247.177,0.375011838
4097247.177,0.362408653
4097247.177,0.350229028
4097247.177,0.33845873
4103581.31,0.234985367
4107386.488,0.288605705
4109925.234,0.465221627
4109925.234,0.243908839
4118399.059,0.226926439
4122642.521,0.726370542
4122642.521,0.693873845
4122642.521,0.670554527
4130291.774,0.649620799
4135399.159,0.252295205
4152469.433,0.263493222
4173906.398,0.588755838
4173906.398,0.568969266
4173906.398,0.54984767
4173906.398,0.531368701
4173906.398,0.513510763
4173906.398,0.496252985
4173906.398,0.307505768
4179772.026,0.617917027
4179772.026,0.322736588
4186821.661,0.480715045
4186821.661,0.297877602
4219284.929,0.827131603
4225807.726,0.794792559
4225807.726,0.768081622
4251999.908,0.887765889
4251999.908,0.44533771
4251999.908,0.430371053
4251999.908,0.415907387
4251999.908,0.401929808
4251999.908,0.388421979
4251999.908,0.375368113
4251999.908,0.362752955
4251999.908,0.350561759
4251999.908,0.338780278
4251999.908,0.275955851
4257975.281,0.933468023
4265156.814,0.465516233
4265156.814,0.288459579
4269551.491,0.855083711
4270430.969,0.24759591
4278354.432,0.703159947
4278354.432,0.679528547
4278354.432,0.656691337
4278354.432,0.266175689
4278354.432,0.257230208
4284366.842,0.737669124
4286292.597,0.635707286
4286292.597,0.208219602
4318192.815,0.231167571
4318192.815,0.223398622
4318192.815,0.215890768
4328878.893,0.304483877
4331554.542,0.580429155
4331554.542,0.560922421
4331554.542,0.542071258
4331554.542,0.523853635
4331554.542,0.506248259
4331554.542,0.489234555
4331554.542,0.313699393
4331554.542,0.992557135
4334231.844,0.240504945
4342273.685,0.607382065
4344957.613,0.327809525
4344957.613,0.959199838
4344957.613,0.926963594
4385416.179,0.794038193
4385416.179,0.767352608
4412597.638,0.893262408
4412597.638,0.863242152
4412597.638,0.834230799
4412597.638,0.443649371
4412597.638,0.428739454
4412597.638,0.414330622
4412597.638,0.400406034
4412597.638,0.386949415
4412597.638,0.373945038
4412597.638,0.361377706
4412597.638,0.349232729
4418798.7,0.465462655
4426251.48,0.338619466
4426251.48,0.229527066
4426251.48,0.22181325
4426251.48,0.214358677
4439947.571,0.707177652
4439947.571,0.683411227
4439947.571,0.66044353
4439947.571,0.638247719
4453686.042,0.736476088
4465495.704,0.27892911
4467467.023,0.260920364
4467467.023,0.252151501
4470228.332,0.270610196
4481290.647,0.291950151
4481290.647,0.298869262
4495157.045,0.590435455
4495157.045,0.570592435
4495157.045,0.551416288
4495157.045,0.532884602
4495157.045,0.514975719
4495157.045,0.497668707
4495157.045,0.308383028
4497935.469,0.480852009
4506281.049,0.322703157
4509066.349,0.61416781
4509066.349,0.234818072
4520224.775,0.242984145
4553866.005,0.768957354
4568662.664,0.803901056
4579261.133,0.820092821
4579261.133,0.442807603
4579261.133,0.427925976
4579261.133,0.413544483
4579261.133,0.399646314
4579261.133,0.386215228
4579261.133,0.373235525
4579261.133,0.360692038
4579261.133,0.348570104
4579261.133,0.336855558
4587757.607,0.847163251
4593430.679,0.462578553
4607644.071,0.883141414
4607644.071,0.708521982
4607644.071,0.684710378
4607644.071,0.66169902
4607644.071,0.639461015
4618729.33,0.740391152
4636202.931,0.271536864
4636202.931,0.262411207
4636202.931,0.25359224
4639068.534,0.284361937
4650548.672,0.997659813
4650548.672,0.233040988
4658766.159,0.243677336
4664938.802,0.607382065
4664938.802,0.580429155
4664938.802,0.560922421
4664938.802,0.542071258
4664938.802,0.523853635
4664938.802,0.506248259
4664938.802,0.489234555
4664938.802,0.313699393
4664938.802,0.303156762
4669745.401,0.295482963
4672150.557,0.327239335
4674556.952,0.953750313
4679373.46,0.915417037
4715655.817,0.871892304
4722945.978,0.781322954
4743418.44,0.83851953
4744884.15,0.813113938
4752219.496,0.453015103
4752219.496,0.437790429
4752219.496,0.423077416
4752219.496,0.408858871
4752219.496,0.395118174
4752219.496,0.381839266
4752219.496,0.369006629
4752219.496,0.356605263
4752219.496,0.344620676
4763979.644,0.474591884
4776752.648,0.737584222
4781674.455,0.705835873
4781674.455,0.682114542
4781674.455,0.659190423
4781674.455,0.637036725
4796470.327,0.256742146
4796470.327,0.248113702
4802401.487,0.265116224
4811311.981,0.28598672
4811311.981,0.273607503
4841133.205,0.58652378
4841133.205,0.566812221
4841133.205,0.547763118
4841133.205,0.529354205
4841133.205,0.51156397
4841133.205,0.316993301
4841133.205,0.30633997
4841133.205,0.298302196
4844125.474,0.49587614
4853113.384,0.613643148
4853113.384,0.331650265
4856113.059,0.236159772
4901331.307,0.752916757
4901331.307,0.228874128
4906381.476,0.785787266
4931710.484,0.44873369
4931710.484,0.433652902
4931710.484,0.419078942
4931710.484,0.404994774
4931710.484,0.39138394
4931710.484,0.37823053
4931710.484,0.365519173
4931710.484,0.353235012
4934758.738,0.839236459
4934758.738,0.469481995
4946970.61,0.805429255
4946970.61,0.342012616
4962277.955,0.88188438
4962277.955,0.692557308
4962277.955,0.669282235
4962277.955,0.646789377
4977632.666,0.919402591
4977632.666,0.723250386
4993034.888,0.25796404
4993034.888,0.249294531
5008484.769,0.275040219
5008484.769,0.266175689
5016227.628,0.289305395
5023982.457,0.603472717
5023982.457,0.583191548
5023982.457,0.563591977
5023982.457,0.544651098
5023982.457,0.526346773
5023982.457,0.508657609
5023982.457,0.491562933
5023982.457,0.315192359
5023982.457,0.304599553
5023982.457,0.297030227
5025707.38,0.329473917
5030638.995,0.627686524
5081218.718,0.206173406
5098253.888,0.762630851
5117980.833,0.78355193
5117980.833,0.450013848
5117980.833,0.434890037
5117980.833,0.4202745
5117980.833,0.406150153
5117980.833,0.392500489
5117980.833,0.379309555
5117980.833,0.366561935
5117980.833,0.354242729
5121144.22,0.805735243
5125173.177,0.472262349
5127476.861,0.343183791
5130293.881,0.845127746
5149702.836,0.679528547
5149702.836,0.656691337
5149702.836,0.22757382
5149702.836,0.219925649
5149702.836,0.212685931
5156939.759,0.712877959
5161079.709,0.238283664
5165637.493,0.250005724
5181621.456,0.27205305
5181621.456,0.262910045
5181621.456,0.255283511
5184824.179,0.284361937
5204082.13,0.890721337
5206839.099,0.6302462
5209712.494,0.33051845
5213737.913,0.608074574
5213737.913,0.587638749
5213737.913,0.567889719
5213737.913,0.548804404
5213737.913,0.530360497
5213737.913,0.512536442
5213737.913,0.317595898
5213737.913,0.306922315
5223411.611,0.4975742
5223411.611,0.297962473
5287637.132,0.748876196
5311286.6,0.810031305
5311286.6,0.782808233
5311286.6,0.453015103
5311286.6,0.437790429
5311286.6,0.423077416
5311286.6,0.408858871
5311286.6,0.395118174
5311286.6,0.381839266
5311286.6,0.369006629
5311286.6,0.356605263
5311286.6,0.344620676
5318750.599,0.849712082
5318750.599,0.475206827
5344206.741,0.691243269
5344206.741,0.668012358
5344206.741,0.645562177
5351287.56,0.717322636
5360743.249,0.255647391
5367372.17,0.933322986
5367372.17,0.901956396
5370215.645,0.978917857
5377330.925,0.273607503
5377330.925,0.264789149
5380654.614,0.28598672
5380654.614,0.218178382
5393969.928,0.234150083
5393969.928,0.2262809
5400639.937,0.298302196
5410660.418,0.588755838
5410660.418,0.568969266
5410660.418,0.54984767
5410660.418,0.531368701
5410660.418,0.513510763
5410660.418,0.496252985
5410660.418,0.318199641
5410660.418,0.307505768
5410660.418,0.244372504
5427402.552,1.025904782
5427402.552,0.614265018
5427402.552,0.331986362
5444196.492,0.209528669
5444196.492,0.203934189
5485638.626,0.753501951
5501685.549,0.845234756
5511893.513,0.8185368
5511893.513,0.791027879
5511893.513,0.457771855
5511893.513,0.442387318
5511893.513,0.427519816
5511893.513,0.413151972
5511893.513,0.399266995
5511893.513,0.385848657
5511893.513,0.372881274
5511893.513,0.360349692
5511893.513,0.348239264
5516152.419,0.88440024
5517572.785,0.977590804
5528948.891,0.478665263
5528948.891,1.032942955
5546057.044,0.678883581
5546057.044,0.656068047
5556347.336,0.710813211
5556347.336,0.63643209
5557491.879,0.269994175
5563218.135,0.930933117
5588274.558,0.284347209
5597699.784,0.251434203
5615020.672,0.592682399
5615020.672,0.572763865
5615020.672,0.553514742
5615020.672,0.534912533
5615020.672,0.516935496
5615020.672,0.320321795
5615020.672,0.309556602
5615020.672,0.299153199
5625438.92,0.500417232
5625438.92,0.335642228
5626597.696,0.262162143
5632395.156,0.618117093
5653315.516,0.240231045
5698909.918,0.760244782
5716543.979,0.861767909
5720077.333,0.891990968
5720077.333,0.831068109
5720077.333,0.803138044
5720077.333,0.779100318
5720077.333,0.464780069
5720077.333,0.449160004
5720077.333,0.434064889
5720077.333,0.419477083
5720077.333,0.405379535
5720077.333,0.391755769
5720077.333,0.378589864
5720077.333,0.36586643
5720077.333,0.353570599
5722041.252,0.196115936
5737776.893,0.485993343
5755531.219,0.697176148
5755531.219,0.673745847
5755531.219,0.651102979
5755531.219,0.21805411
5755531.219,0.210725871
5755531.219,0.203643916
5764428.973,0.226926439
5768246.506,0.72318498
5791204.853,0.275955851
5801153.378,0.287912263
5827099.598,0.596635148
5827099.598,0.576583772
5827099.598,0.557206272
5827099.598,0.53848
5827099.598,0.520383069
5827099.598,0.322458102
5827099.598,0.311621113
5827099.598,0.301148327
5827099.598,0.253833163
5829100.261,0.265166579
5834305.201,0.62493375
5835288.473,0.338487949
5845130.315,0.505287718
5845130.315,0.195125224
5866840.836,0.231365217
5877726.317,0.241603674
5881359.298,0.900929198
5895002.984,0.747573605
5899557.909,0.869412024
5899557.909,0.840193318
5899557.909,0.811956578
5899557.909,0.784668802
5917812.833,0.470017277
5917812.833,0.454221203
5917812.833,0.438955994
5917812.833,0.42420381
5917812.833,0.409947409
5917812.833,0.396170129
5917812.833,0.382855868
5917812.833,0.369989066
5917812.833,0.357554683
5917812.833,0.707849498
5917812.833,0.684060494
5917812.833,0.661070977
5923910.351,0.488770205
5947138.274,0.224355279
5954492.312,0.293246772
5954492.312,0.281246818
5972917.219,0.60634478
5972917.219,0.585967088
5972917.219,0.566274239
5972917.219,0.547243216
5972917.219,0.528851776
5972917.219,0.511078426
5972917.219,0.327705781
5972917.219,0.316692431
5972917.219,0.306049211
5972917.219,0.25796404
5972917.219,0.249294531
5979071.515,0.631615626
5979071.515,0.34136369
5979071.515,0.268715298
5991399.137,0.237509138
6000000,0.5
7000000,0.5
8000000,0.5
9000000,0.5
10000000,0.5
11000000,0.5
12000000,0.5
13000000,0.5
14000000,0.5
15000000,0.5
16000000,0.5
17000000,0.5
18000000,0.5
19000000,0.5
20000000,0.5
21000000,0.5
22000000,0.5
23000000,0.5
24000000,0.5
25000000,0.5
26000000,0.5
27000000,0.5
28000000,0.5
29000000,0.5
30000000,0.5
31000000,0.5
32000000,0.5
33000000,0.5
34000000,0.5
35000000,0.5
36000000,0.5
37000000,0.5
38000000,0.5
39000000,0.5
40000000,0.5
41000000,0.5
42000000,0.5
43000000,0.5
44000000,0.5
45000000,0.5
46000000,0.5
47000000,0.5
48000000,0.5
49000000,0.5
50000000,0.5
51000000,0.5
52000000,0.5
53000000,0.5
54000000,0.5
55000000,0.5
56000000,0.5
57000000,0.5
58000000,0.5
59000000,0.5
60000000,0.5
61000000,0.5
62000000,0.5
63000000,0.5
64000000,0.5
65000000,0.5
66000000,0.5
67000000,0.5
68000000,0.5
69000000,0.5
70000000,0.5
71000000,0.5
72000000,0.5
73000000,0.5
74000000,0.5
75000000,0.5
76000000,0.5
77000000,0.5
78000000,0.5
79000000,0.5
80000000,0.5
81000000,0.5
82000000,0.5
83000000,0.5
84000000,0.5
85000000,0.5
86000000,0.5
87000000,0.5
88000000,0.5
89000000,0.5
90000000,0.5
91000000,0.5
92000000,0.5
93000000,0.5
94000000,0.5
95000000,0.5
96000000,0.5
97000000,0.5
98000000,0.5
99000000,0.5
100000000,0.5
