197.2500,-4207.1500
197.3850,-4207.1500
197.5190,-4207.1500
197.6530,-4234.1500
197.7870,1143.8500
197.9220,-585.1500
198.0560,577.8500
198.1900,6.8500
198.3240,-372.1500
198.4590,-1022.1500
198.5930,2598.8500
198.7270,-280.1500
198.8610,-483.1500
198.9960,1191.8500
199.1300,-1600.1500
199.2640,-1291.1500
199.3980,-130.1500
199.5330,1388.8500
199.6670,796.8500
199.8010,-563.1500
199.9350,-1349.1500
200.0700,-362.1500
200.2040,183.8500
200.3380,-1127.1500
200.4720,-922.1500
200.6060,-1790.1500
200.7410,-978.1500
200.8750,-1026.1500
201.0090,-660.1500
201.1430,-1424.1500
201.2770,514.8500
201.4120,-24.1500
201.5460,1391.8500
201.6800,602.8500
201.8140,-1224.1500
201.9480,179.8500
202.0820,-533.1500
202.2170,-1751.1500
202.3510,-690.1500
202.4850,-512.1500
202.6190,-1241.1500
202.7530,-1826.1500
202.8870,1500.8500
203.0210,599.8500
203.1560,1381.8500
203.2900,272.8500
203.4240,-473.1500
203.5580,-1172.1500
203.6920,-487.1500
203.8260,-1680.1500
203.9600,-976.1500
204.0940,884.8500
204.2290,-969.1500
204.3630,-1343.1500
204.4970,-1715.1500
204.6310,-1580.1500
204.7650,-1031.1500
204.8990,-550.1500
205.0330,-816.1500
205.1670,-1357.1500
205.3010,-40.1500
205.4350,-1728.1500
205.5690,-440.1500
205.7040,-545.1500
205.8380,-1738.1500
205.9720,-1007.1500
206.1060,2685.8500
206.2400,-779.1500
206.3740,-1329.1500
206.5080,-95.1500
206.6420,-59.1500
206.7760,-1000.1500
206.9100,632.8500
207.0440,-111.1500
207.1780,654.8500
207.3120,-467.1500
207.4460,-774.1500
207.5800,-771.1500
207.7140,-1744.1500
207.8480,924.8500
207.9820,-1950.1500
208.1160,334.8500
208.2500,-1258.1500
208.3840,-1124.1500
208.5180,-1040.1500
208.6520,-1455.1500
208.7860,-1633.1500
208.9200,1123.8500
209.0540,-321.1500
209.1880,-1413.1500
209.3220,-637.1500
209.4560,-755.1500
209.5900,-1505.1500
209.7240,-715.1500
209.8580,-368.1500
209.9920,-607.1500
210.1260,-1016.1500
210.2600,-771.1500
210.3940,-468.1500
210.5280,-355.1500
210.6620,-1039.1500
210.7960,-864.1500
210.9290,646.8500
211.0630,-125.1500
211.1970,-248.1500
211.3310,-162.1500
211.4650,-1151.1500
211.5990,340.8500
211.7330,486.8500
211.8670,-805.1500
212.0010,-1118.1500
212.1350,-584.1500
212.2690,-1084.1500
212.4020,-1062.1500
212.5360,347.8500
212.6700,-886.1500
212.8040,-1237.1500
212.9380,138.8500
213.0720,-1281.1500
213.2060,-721.1500
213.3400,-1034.1500
213.4730,-814.1500
213.6070,686.8500
213.7410,-1791.1500
213.8750,-1418.1500
214.0090,-1245.1500
214.1430,-964.1500
214.2770,-999.1500
214.4100,-1166.1500
214.5440,1067.8500
214.6780,577.8500
214.8120,1459.8500
214.9460,-1479.1500
215.0800,-719.1500
215.2130,-1137.1500
215.3470,-986.1500
215.4810,-591.1500
215.6150,-1673.1500
215.7490,264.8500
215.8820,-1413.1500
216.0160,-1469.1500
216.1500,97.8500
216.2840,920.8500
216.4180,-285.1500
216.5510,234.8500
216.6850,-164.1500
216.8190,-1547.1500
216.9530,-1016.1500
217.0860,1540.8500
217.2200,-881.1500
217.3540,-299.1500
217.4880,151.8500
217.6210,648.8500
217.7550,-174.1500
217.8890,-857.1500
218.0230,-616.1500
218.1560,451.8500
218.2900,264.8500
218.4240,742.8500
218.5580,-1336.1500
218.6910,-1913.1500
218.8250,-805.1500
218.9590,2312.8500
219.0920,-942.1500
219.2260,-1609.1500
219.3600,-1675.1500
219.4940,-560.1500
219.6270,-1222.1500
219.7610,-1184.1500
219.8950,-435.1500
220.0280,-1675.1500
220.1620,2005.8500
220.2960,637.8500
220.4290,72.8500
220.5630,-826.1500
220.6970,-422.1500
220.8300,-1025.1500
220.9640,-907.1500
221.0980,-1553.1500
221.2310,-1380.1500
221.3650,446.8500
221.4990,-1366.1500
221.6320,-1281.1500
221.7660,25.8500
221.9000,-467.1500
222.0330,-690.1500
222.1670,395.8500
222.3000,-1192.1500
222.4340,121.8500
222.5680,965.8500
222.7010,-943.1500
222.8350,-984.1500
222.9680,-1371.1500
223.1020,-1440.1500
223.2360,-1549.1500
223.3690,-102.1500
223.5030,353.8500
223.6360,-1356.1500
223.7700,-1130.1500
223.9040,-209.1500
224.0370,-1098.1500
224.1710,243.8500
224.3040,-105.1500
224.4380,-1366.1500
224.5710,-708.1500
224.7050,857.8500
224.8390,-494.1500
224.9720,-2070.1500
225.1060,119.8500
225.2390,-521.1500
225.3730,368.8500
225.5060,-413.1500
225.6400,482.8500
225.7730,-785.1500
225.9070,-1084.1500
226.0400,-1857.1500
226.1740,-647.1500
226.3070,-454.1500
226.4410,-872.1500
226.5750,-437.1500
226.7080,919.8500
226.8420,-308.1500
226.9750,-1094.1500
227.1090,-1349.1500
227.2420,151.8500
227.3750,281.8500
227.5090,-403.1500
227.6420,-1192.1500
227.7760,358.8500
227.9090,48.8500
228.0430,-1342.1500
228.1760,752.8500
228.3100,-1401.1500
228.4430,1561.8500
228.5770,-476.1500
228.7100,-1101.1500
228.8440,-109.1500
228.9770,-1284.1500
229.1110,-1087.1500
229.2440,-380.1500
229.3770,-1511.1500
229.5110,-321.1500
229.6440,-1184.1500
229.7780,-943.1500
229.9110,-1008.1500
230.0440,-631.1500
230.1780,-161.1500
230.3110,-1384.1500
230.4450,367.8500
230.5780,-1281.1500
230.7110,-857.1500
230.8450,1603.8500
230.9780,293.8500
231.1120,-1343.1500
231.2450,-1612.1500
231.3780,-1294.1500
231.5120,299.8500
231.6450,-2215.1500
231.7790,-1724.1500
231.9120,-204.1500
232.0450,248.8500
232.1790,-908.1500
232.3120,-816.1500
232.4450,506.8500
232.5790,1329.8500
232.7120,772.8500
232.8450,-1296.1500
232.9790,-1987.1500
233.1120,168.8500
233.2450,-776.1500
233.3790,-1749.1500
233.5120,-298.1500
233.6450,-1503.1500
233.7790,-1378.1500
233.9120,12.8500
234.0450,-960.1500
234.1790,302.8500
234.3120,-993.1500
234.4450,-22.1500
234.5780,-445.1500
234.7120,50.8500
234.8450,165.8500
234.9780,-904.1500
235.1120,-689.1500
235.2450,749.8500
235.3780,-1328.1500
235.5110,-24.1500
235.6450,-9.1500
235.7780,32.8500
235.9110,-1033.1500
236.0440,-1773.1500
236.1780,1237.8500
236.3110,-1282.1500
236.4440,-1566.1500
236.5770,-1382.1500
236.7110,-842.1500
236.8440,-1951.1500
236.9770,-961.1500
237.1100,-999.1500
237.2430,-343.1500
237.3770,-1509.1500
237.5100,-1296.1500
237.6430,5049.8500
237.7760,-1161.1500
237.9090,-708.1500
238.0430,-223.1500
238.1760,-1482.1500
238.3090,-385.1500
238.4420,-1650.1500
238.5750,-659.1500
238.7090,1967.8500
238.8420,-237.1500
238.9750,-137.1500
239.1080,728.8500
239.2410,-1671.1500
239.3740,-1636.1500
239.5080,-1147.1500
239.6410,954.8500
239.7740,1887.8500
239.9070,-552.1500
240.0400,-1432.1500
240.1730,-8.1500
240.3060,1402.8500
240.4400,-1288.1500
240.5730,846.8500
240.7060,-923.1500
240.8390,-232.1500
240.9720,-385.1500
241.1050,-185.1500
241.2380,276.8500
241.3710,-414.1500
241.5040,-640.1500
241.6380,-650.1500
241.7710,-470.1500
241.9040,-987.1500
242.0370,166.8500
242.1700,-1106.1500
242.3030,-1672.1500
242.4360,-565.1500
242.5690,-741.1500
242.7020,-1139.1500
242.8350,-941.1500
242.9680,-200.1500
243.1010,-892.1500
243.2340,-1086.1500
243.3670,-1536.1500
243.5000,-661.1500
243.6340,-1055.1500
243.7670,-1511.1500
243.9000,-1283.1500
244.0330,-1554.1500
244.1660,351.8500
244.2990,-1719.1500
244.4320,-1270.1500
244.5650,-335.1500
244.6980,-1859.1500
244.8310,-1049.1500
244.9640,-1623.1500
245.0970,-1197.1500
245.2300,-342.1500
245.3630,1008.8500
245.4960,-1559.1500
245.6290,-814.1500
245.7620,2331.8500
245.8950,-1407.1500
246.0280,-1079.1500
246.1610,2086.8500
246.2940,1.8500
246.4270,-1239.1500
246.5590,259.8500
246.6920,-530.1500
246.8250,-951.1500
246.9580,-1091.1500
247.0910,-1763.1500
247.2240,-1734.1500
247.3570,-1361.1500
247.4900,699.8500
247.6230,-1243.1500
247.7560,-1366.1500
247.8890,1615.8500
248.0220,-620.1500
248.1550,-1443.1500
248.2880,-735.1500
248.4210,-1385.1500
248.5530,413.8500
248.6860,-1293.1500
248.8190,500.8500
248.9520,-1505.1500
249.0850,902.8500
249.2180,-492.1500
249.3510,-695.1500
249.4840,196.8500
249.6170,-439.1500
249.7490,-1453.1500
249.8820,-1596.1500
250.0150,-1403.1500
250.1480,-985.1500
250.2810,-1644.1500
250.4140,-1151.1500
250.5470,-920.1500
250.6790,671.8500
250.8120,-714.1500
250.9450,-227.1500
251.0780,-1476.1500
251.2110,-881.1500
251.3440,-1522.1500
251.4760,-1113.1500
251.6090,-609.1500
251.7420,-1515.1500
251.8750,-478.1500
252.0080,-1198.1500
252.1400,-1905.1500
252.2730,-594.1500
252.4060,944.8500
252.5390,-135.1500
252.6720,-793.1500
252.8040,711.8500
252.9370,-1572.1500
253.0700,-104.1500
253.2030,-1021.1500
253.3350,350.8500
253.4680,-2095.1500
253.6010,-923.1500
253.7340,-661.1500
253.8660,-1112.1500
253.9990,2117.8500
254.1320,-170.1500
254.2650,-905.1500
254.3970,-1163.1500
254.5300,-754.1500
254.6630,-519.1500
254.7960,-1221.1500
254.9280,-1524.1500
255.0610,-1245.1500
255.1940,-498.1500
255.3270,-1782.1500
255.4590,-138.1500
255.5920,-1760.1500
255.7250,431.8500
255.8570,-1243.1500
255.9900,-319.1500
256.1230,-1509.1500
256.2550,-1467.1500
256.3880,-593.1500
256.5210,-1348.1500
256.6530,-1794.1500
256.7860,-1624.1500
256.9190,-1027.1500
257.0510,-1586.1500
257.1840,-215.1500
257.3170,-1349.1500
257.4490,-1546.1500
257.5820,-589.1500
257.7150,-1200.1500
257.8470,-1473.1500
257.9800,-656.1500
258.1130,-1131.1500
258.2450,-926.1500
258.3780,-2084.1500
258.5100,-1757.1500
258.6430,-1240.1500
258.7760,165.8500
258.9080,-1492.1500
259.0410,-494.1500
259.1740,-1187.1500
259.3060,-1296.1500
259.4390,-1636.1500
259.5710,-1299.1500
259.7040,-926.1500
259.8370,612.8500
259.9690,-1166.1500
260.1020,-1338.1500
260.2340,1106.8500
260.3670,148.8500
260.4990,-1211.1500
260.6320,-959.1500
260.7650,-1201.1500
260.8970,-1133.1500
261.0300,-1496.1500
261.1620,-531.1500
261.2950,-380.1500
261.4270,56.8500
261.5600,-357.1500
261.6920,-1554.1500
261.8250,-289.1500
261.9570,140.8500
262.0900,346.8500
262.2220,13.8500
262.3550,-1464.1500
262.4870,-695.1500
262.6200,-1359.1500
262.7520,-977.1500
262.8850,-795.1500
263.0170,-96.1500
263.1500,-1026.1500
263.2820,-578.1500
263.4150,-1367.1500
263.5470,-572.1500
263.6800,659.8500
263.8120,-1785.1500
263.9450,-603.1500
264.0770,-1591.1500
264.2100,814.8500
264.3420,-1724.1500
264.4750,-1334.1500
264.6070,569.8500
264.7400,-2335.1500
264.8720,-393.1500
265.0040,719.8500
265.1370,369.8500
265.2690,1874.8500
265.4020,-1532.1500
265.5340,-1095.1500
265.6670,-1200.1500
265.7990,591.8500
265.9310,-597.1500
266.0640,27.8500
266.1960,-1333.1500
266.3290,-926.1500
266.4610,-1132.1500
266.5930,167.8500
266.7260,-1936.1500
266.8580,-1039.1500
266.9900,-788.1500
267.1230,-1009.1500
267.2550,-281.1500
267.3880,-911.1500
267.5200,-1364.1500
267.6520,-1131.1500
267.7850,533.8500
267.9170,-214.1500
268.0490,-992.1500
268.1820,1850.8500
268.3140,279.8500
268.4460,-1927.1500
268.5790,-1458.1500
268.7110,1016.8500
268.8430,-1290.1500
268.9760,-460.1500
269.1080,1857.8500
269.2400,752.8500
269.3730,-288.1500
269.5050,-881.1500
269.6370,-949.1500
269.7700,-1128.1500
269.9020,810.8500
270.0340,-1501.1500
270.1670,169.8500
270.2990,-145.1500
270.4310,-160.1500
270.5630,-1264.1500
270.6960,-216.1500
270.8280,-861.1500
270.9600,-664.1500
271.0920,-299.1500
271.2250,-1468.1500
271.3570,-587.1500
271.4890,-1238.1500
271.6210,-1399.1500
271.7540,2431.8500
271.8860,-1490.1500
272.0180,-1295.1500
272.1500,1390.8500
272.2830,-1778.1500
272.4150,-1021.1500
272.5470,87.8500
272.6790,380.8500
272.8110,-696.1500
272.9440,-710.1500
273.0760,-1985.1500
273.2080,-365.1500
273.3400,-604.1500
273.4730,-965.1500
273.6050,272.8500
273.7370,-1823.1500
273.8690,-646.1500
274.0010,-2108.1500
274.1330,-61.1500
274.2660,-1268.1500
274.3980,7714.8500
274.5300,71.8500
274.6620,475.8500
274.7940,122.8500
274.9260,12.8500
275.0590,-1400.1500
275.1910,-98.1500
275.3230,-1613.1500
275.4550,179.8500
275.5870,-1287.1500
275.7190,-916.1500
275.8510,-826.1500
275.9830,26.8500
276.1160,-109.1500
276.2480,337.8500
276.3800,-1546.1500
276.5120,-412.1500
276.6440,-701.1500
276.7760,-1608.1500
276.9080,-447.1500
277.0400,-1048.1500
277.1720,86.8500
277.3040,-1181.1500
277.4370,-150.1500
277.5690,-1396.1500
277.7010,-1458.1500
277.8330,-786.1500
277.9650,-939.1500
278.0970,-120.1500
278.2290,-1052.1500
278.3610,-1145.1500
278.4930,251.8500
278.6250,566.8500
278.7570,120.8500
278.8890,-1441.1500
279.0210,-1219.1500
279.1530,2949.8500
279.2850,-1444.1500
279.4170,3095.8500
279.5490,301.8500
279.6810,-896.1500
279.8130,-1337.1500
279.9450,116.8500
280.0770,-1256.1500
280.2090,5205.8500
280.3410,-1639.1500
280.4730,-958.1500
280.6050,392.8500
280.7370,-402.1500
280.8690,1150.8500
281.0010,-487.1500
281.1330,-1895.1500
281.2650,-625.1500
281.3970,-807.1500
281.5290,998.8500
281.6610,-1379.1500
281.7930,-2081.1500
281.9250,-1217.1500
282.0570,-867.1500
282.1890,-835.1500
282.3210,-478.1500
282.4530,41.8500
282.5850,-1574.1500
282.7170,729.8500
282.8490,-580.1500
282.9800,-940.1500
283.1120,-1193.1500
283.2440,-533.1500
283.3760,-1580.1500
283.5080,-1904.1500
283.6400,-1486.1500
283.7720,365.8500
283.9040,348.8500
284.0360,-1632.1500
284.1680,739.8500
284.2990,-239.1500
284.4310,-476.1500
284.5630,-848.1500
284.6950,-806.1500
284.8270,-1543.1500
284.9590,-92.1500
285.0910,-1287.1500
285.2220,-1613.1500
285.3540,-1290.1500
285.4860,-752.1500
285.6180,-1722.1500
285.7500,-898.1500
285.8820,551.8500
286.0130,175.8500
286.1450,-507.1500
286.2770,-219.1500
286.4090,58.8500
286.5410,87.8500
286.6730,-1155.1500
286.8040,-1308.1500
286.9360,-179.1500
287.0680,-1475.1500
287.2000,-1265.1500
287.3320,1030.8500
287.4630,-1837.1500
287.5950,-488.1500
287.7270,2215.8500
287.8590,-858.1500
287.9900,-1050.1500
288.1220,-1356.1500
288.2540,-100.1500
288.3860,-1209.1500
288.5170,-1627.1500
288.6490,-1078.1500
288.7810,-434.1500
288.9130,-364.1500
289.0440,-1974.1500
289.1760,727.8500
289.3080,-1060.1500
289.4400,-1913.1500
289.5710,-1237.1500
289.7030,-1451.1500
289.8350,292.8500
289.9670,-1515.1500
290.0980,-1584.1500
290.2300,-1826.1500
290.3620,544.8500
290.4930,-1887.1500
290.6250,-1088.1500
290.7570,-1430.1500
290.8880,-1019.1500
291.0200,-349.1500
291.1520,-620.1500
291.2830,-372.1500
291.4150,-833.1500
291.5470,-1675.1500
291.6780,-1493.1500
291.8100,-390.1500
291.9420,1214.8500
292.0730,-273.1500
292.2050,-1489.1500
292.3370,-329.1500
292.4680,2730.8500
292.6000,-1175.1500
292.7320,2579.8500
292.8630,-1349.1500
292.9950,-1856.1500
293.1260,187.8500
293.2580,465.8500
293.3900,-1715.1500
293.5210,-1633.1500
293.6530,-1862.1500
293.7850,262.8500
293.9160,-1486.1500
294.0480,239.8500
294.1790,-108.1500
294.3110,-1509.1500
294.4420,197.8500
294.5740,-1653.1500
294.7060,-701.1500
294.8370,604.8500
294.9690,-505.1500
295.1000,-988.1500
295.2320,-1603.1500
295.3630,848.8500
295.4950,-1480.1500
295.6270,43.8500
295.7580,770.8500
295.8900,-1998.1500
296.0210,29.8500
296.1530,321.8500
296.2840,-554.1500
296.4160,-841.1500
296.5470,-1036.1500
296.6790,-281.1500
296.8100,-509.1500
296.9420,-1879.1500
297.0730,-1614.1500
297.2050,-1457.1500
297.3360,-851.1500
297.4680,-1404.1500
297.5990,-611.1500
297.7310,-1655.1500
297.8620,-621.1500
297.9940,-1771.1500
298.1250,-1374.1500
298.2570,-599.1500
298.3880,180.8500
298.5200,-12.1500
298.6510,-407.1500
298.7820,1813.8500
298.9140,-478.1500
299.0450,52.8500
299.1770,-159.1500
299.3080,1371.8500
299.4400,4114.8500
299.5710,5122.8500
299.7020,5172.8500
299.8340,5984.8500
299.9650,5645.8500
300.0970,5259.8500
300.2280,4882.8500
300.3600,4188.8500
300.4910,2410.8500
300.6220,1047.8500
300.7540,-474.1500
300.8850,-1074.1500
301.0170,-603.1500
301.1480,-1231.1500
301.2790,-1939.1500
301.4110,255.8500
301.5420,-360.1500
301.6730,-434.1500
301.8050,98.8500
301.9360,-1250.1500
302.0670,-958.1500
302.1990,-1077.1500
302.3300,-1670.1500
302.4610,1776.8500
302.5930,-276.1500
302.7240,-143.1500
302.8550,-1699.1500
302.9870,-657.1500
303.1180,-1769.1500
303.2490,-2127.1500
303.3810,-855.1500
303.5120,-1064.1500
303.6430,-1120.1500
303.7750,364.8500
303.9060,-1516.1500
304.0370,-1343.1500
304.1690,-1283.1500
304.3000,-1040.1500
304.4310,-1716.1500
304.5620,-1115.1500
304.6940,-817.1500
304.8250,-376.1500
304.9560,408.8500
305.0870,-1100.1500
305.2190,101.8500
305.3500,-478.1500
305.4810,-1176.1500
305.6120,-16.1500
305.7440,-29.1500
305.8750,-1108.1500
306.0060,2390.8500
306.1370,-1136.1500
306.2690,-340.1500
306.4000,-332.1500
306.5310,319.8500
306.6620,-881.1500
306.7940,351.8500
306.9250,-1004.1500
307.0560,-1639.1500
307.1870,-126.1500
307.3180,-791.1500
307.4500,-1021.1500
307.5810,-1755.1500
307.7120,-1393.1500
307.8430,-673.1500
307.9740,-492.1500
308.1050,330.8500
308.2370,241.8500
308.3680,-1734.1500
308.4990,-1013.1500
308.6300,-169.1500
308.7610,-738.1500
308.8920,-713.1500
309.0240,-1200.1500
309.1550,-1330.1500
309.2860,-1083.1500
309.4170,-1604.1500
309.5480,-1025.1500
309.6790,-904.1500
309.8100,-2155.1500
309.9410,2166.8500
310.0730,-136.1500
310.2040,-2172.1500
310.3350,-55.1500
310.4660,-1045.1500
310.5970,-1916.1500
310.7280,-1035.1500
310.8590,1650.8500
310.9900,1582.8500
311.1210,-723.1500
311.2520,-867.1500
311.3830,-1366.1500
311.5140,-85.1500
311.6460,-993.1500
311.7770,-305.1500
311.9080,-558.1500
312.0390,-935.1500
312.1700,-2071.1500
312.3010,-1226.1500
312.4320,-1299.1500
312.5630,-2002.1500
312.6940,-1128.1500
312.8250,-882.1500
312.9560,-1112.1500
313.0870,64.8500
313.2180,72.8500
313.3490,-960.1500
313.4800,-1952.1500
313.6110,-827.1500
313.7420,-564.1500
313.8730,119.8500
314.0040,-168.1500
314.1350,-1123.1500
314.2660,-699.1500
314.3970,-1261.1500
314.5280,-1549.1500
314.6590,-1631.1500
314.7900,-1582.1500
314.9210,0.8500
315.0520,131.8500
315.1830,-1353.1500
315.3140,-1853.1500
315.4450,-205.1500
315.5760,-347.1500
315.7070,-892.1500
315.8380,-1018.1500
315.9680,-631.1500
316.0990,-1638.1500
316.2300,-1980.1500
316.3610,187.8500
316.4920,-1120.1500
316.6230,415.8500
316.7540,560.8500
316.8850,-2121.1500
317.0160,-2048.1500
317.1470,-1990.1500
317.2780,15.8500
317.4080,-1386.1500
317.5390,-1729.1500
317.6700,-1582.1500
317.8010,-433.1500
317.9320,-1217.1500
318.0630,-1340.1500
318.1940,-728.1500
318.3250,-536.1500
318.4550,-2254.1500
318.5860,-1301.1500
318.7170,105.8500
318.8480,-1725.1500
318.9790,-256.1500
319.1100,1116.8500
319.2400,132.8500
319.3710,317.8500
319.5020,-666.1500
319.6330,-1436.1500
319.7640,-486.1500
319.8950,-1402.1500
320.0250,-579.1500
320.1560,-1995.1500
320.2870,-2233.1500
320.4180,-1367.1500
320.5490,-545.1500
320.6790,-2082.1500
320.8100,429.8500
320.9410,-1865.1500
321.0720,-1148.1500
321.2020,-186.1500
321.3330,1109.8500
321.4640,-2128.1500
321.5950,-1405.1500
321.7260,556.8500
321.8560,-1909.1500
321.9870,-978.1500
322.1180,-1346.1500
322.2490,38.8500
322.3790,-159.1500
322.5100,-293.1500
322.6410,-702.1500
322.7710,-2011.1500
322.9020,-611.1500
323.0330,-629.1500
323.1640,3998.8500
323.2940,-1131.1500
323.4250,-1163.1500
323.5560,-1396.1500
323.6860,-857.1500
323.8170,1311.8500
323.9480,-245.1500
324.0780,-1092.1500
324.2090,719.8500
324.3400,-1317.1500
324.4700,928.8500
324.6010,-1178.1500
324.7320,-769.1500
324.8620,-48.1500
324.9930,-1379.1500
325.1240,-2528.1500
325.2540,-736.1500
325.3850,-521.1500
325.5160,2843.8500
325.6460,1431.8500
325.7770,-1146.1500
325.9080,-1174.1500
326.0380,212.8500
326.1690,-1181.1500
326.2990,-307.1500
326.4300,474.8500
326.5610,-720.1500
326.6910,-703.1500
326.8220,-1733.1500
326.9520,-1481.1500
327.0830,-751.1500
327.2140,-1597.1500
327.3440,-677.1500
327.4750,-248.1500
327.6050,-331.1500
327.7360,-1266.1500
327.8670,-1781.1500
327.9970,-1102.1500
328.1280,-416.1500
328.2580,-1822.1500
328.3890,1123.8500
328.5190,-1916.1500
328.6500,57.8500
328.7800,-1307.1500
328.9110,-444.1500
329.0410,215.8500
329.1720,-1809.1500
329.3030,-1261.1500
329.4330,-852.1500
329.5640,-1707.1500
329.6940,-1632.1500
329.8250,-1271.1500
329.9550,-355.1500
330.0860,1926.8500
330.2160,-614.1500
330.3470,-1618.1500
330.4770,-796.1500
330.6080,-1021.1500
330.7380,-704.1500
330.8680,-1680.1500
330.9990,-1123.1500
331.1290,365.8500
331.2600,-1202.1500
331.3900,-1304.1500
331.5210,310.8500
331.6510,-347.1500
331.7820,-1904.1500
331.9120,-1793.1500
332.0430,-1621.1500
332.1730,-74.1500
332.3030,-1866.1500
332.4340,374.8500
332.5640,-307.1500
332.6950,-1432.1500
332.8250,-1907.1500
332.9560,-1448.1500
333.0860,-845.1500
333.2160,-1580.1500
333.3470,-181.1500
333.4770,-2266.1500
333.6080,-637.1500
333.7380,-211.1500
333.8680,-729.1500
333.9990,-589.1500
334.1290,351.8500
334.2590,-664.1500
334.3900,-1268.1500
334.5200,364.8500
334.6500,-1119.1500
334.7810,370.8500
334.9110,-1106.1500
335.0420,-1617.1500
335.1720,-232.1500
335.3020,-900.1500
335.4330,1405.8500
335.5630,-1478.1500
335.6930,-446.1500
335.8240,826.8500
335.9540,-1895.1500
336.0840,-354.1500
336.2140,-641.1500
336.3450,1490.8500
336.4750,495.8500
336.6050,-1658.1500
336.7360,1544.8500
336.8660,-979.1500
336.9960,-1020.1500
337.1260,-1698.1500
337.2570,-730.1500
337.3870,-2117.1500
337.5170,-1179.1500
337.6480,-1929.1500
337.7780,570.8500
337.9080,-292.1500
338.0380,334.8500
338.1690,-995.1500
338.2990,896.8500
338.4290,-652.1500
338.5590,-1267.1500
338.6900,-1058.1500
338.8200,2011.8500
338.9500,-479.1500
339.0800,-2257.1500
339.2100,-1875.1500
339.3410,-675.1500
339.4710,-42.1500
339.6010,-609.1500
339.7310,-446.1500
339.8610,-1069.1500
339.9920,-1089.1500
340.1220,-749.1500
340.2520,-1265.1500
340.3820,-1071.1500
340.5120,-770.1500
340.6420,794.8500
340.7730,-743.1500
340.9030,-1678.1500
341.0330,-796.1500
341.1630,-93.1500
341.2930,220.8500
341.4230,-1340.1500
341.5540,-1822.1500
341.6840,-405.1500
341.8140,-745.1500
341.9440,-1041.1500
342.0740,-688.1500
342.2040,-1044.1500
342.3340,1011.8500
342.4640,-1839.1500
342.5950,-933.1500
342.7250,-1704.1500
342.8550,-329.1500
342.9850,-1156.1500
343.1150,-1596.1500
343.2450,-2001.1500
343.3750,-92.1500
343.5050,-1027.1500
343.6350,-113.1500
343.7650,-1350.1500
343.8950,-2120.1500
344.0250,-72.1500
344.1550,-1993.1500
344.2860,-1082.1500
344.4160,-689.1500
344.5460,661.8500
344.6760,-706.1500
344.8060,513.8500
344.9360,-371.1500
345.0660,955.8500
345.1960,-1811.1500
345.3260,-1672.1500
345.4560,506.8500
345.5860,-1393.1500
345.7160,-1653.1500
345.8460,219.8500
345.9760,-2034.1500
346.1060,-863.1500
346.2360,-404.1500
346.3660,168.8500
346.4960,-735.1500
346.6260,-958.1500
346.7560,-1353.1500
346.8860,-1237.1500
347.0160,-1911.1500
347.1460,-1300.1500
347.2760,-1695.1500
347.4060,-1035.1500
347.5360,-334.1500
347.6660,50.8500
347.7950,-1676.1500
347.9250,-971.1500
348.0550,247.8500
348.1850,-1170.1500
348.3150,-1492.1500
348.4450,502.8500
348.5750,-1171.1500
348.7050,-1671.1500
348.8350,-1668.1500
348.9650,-830.1500
349.0950,26.8500
349.2250,1272.8500
349.3540,-1576.1500
349.4840,-933.1500
349.6140,-963.1500
349.7440,-1603.1500
349.8740,-1737.1500
350.0040,-2056.1500
350.1340,-1777.1500
350.2640,-1852.1500
350.3930,-1971.1500
350.5230,602.8500
350.6530,-1934.1500
350.7830,97.8500
350.9130,621.8500
351.0430,-1164.1500
351.1730,-1162.1500
351.3020,-462.1500
351.4320,871.8500
351.5620,-454.1500
351.6920,-617.1500
351.8220,-1010.1500
351.9510,-2066.1500
352.0810,935.8500
352.2110,-642.1500
352.3410,922.8500
352.4710,607.8500
352.6000,-806.1500
352.7300,-1402.1500
352.8600,-934.1500
352.9900,-401.1500
353.1200,-527.1500
353.2490,-311.1500
353.3790,-1584.1500
353.5090,264.8500
353.6390,-1641.1500
353.7680,-632.1500
353.8980,-1339.1500
354.0280,-1848.1500
354.1580,-1156.1500
354.2870,-1200.1500
354.4170,-1694.1500
354.5470,-1579.1500
354.6770,-1928.1500
354.8060,-1108.1500
354.9360,-233.1500
355.0660,-1500.1500
355.1950,-256.1500
355.3250,-442.1500
355.4550,-1535.1500
355.5840,782.8500
355.7140,-1284.1500
355.8440,564.8500
355.9740,-84.1500
356.1030,-1053.1500
356.2330,-833.1500
356.3630,-35.1500
356.4920,-1617.1500
356.6220,-1785.1500
356.7520,-443.1500
356.8810,-2246.1500
357.0110,180.8500
357.1400,517.8500
357.2700,-765.1500
357.4000,188.8500
357.5290,-1241.1500
357.6590,465.8500
357.7890,33.8500
357.9180,-1725.1500
358.0480,-1905.1500
358.1770,-1175.1500
358.3070,-1403.1500
358.4370,-554.1500
358.5660,-1350.1500
358.6960,232.8500
358.8250,646.8500
358.9550,-1835.1500
359.0850,-274.1500
359.2140,-2385.1500
359.3440,-615.1500
359.4730,-1523.1500
359.6030,-1185.1500
359.7330,-1322.1500
359.8620,-1816.1500
359.9920,229.8500
360.1210,-1190.1500
360.2510,-184.1500
360.3800,-1862.1500
360.5100,212.8500
360.6390,-1011.1500
360.7690,-639.1500
360.8980,614.8500
361.0280,291.8500
361.1570,-787.1500
361.2870,-548.1500
361.4160,-1316.1500
361.5460,-1028.1500
361.6750,-980.1500
361.8050,-1222.1500
361.9340,178.8500
362.0640,-913.1500
362.1930,-1271.1500
362.3230,-1643.1500
362.4520,540.8500
362.5820,-1644.1500
362.7110,-702.1500
362.8410,192.8500
362.9700,-88.1500
363.1000,-1588.1500
363.2290,-1777.1500
363.3590,-1019.1500
363.4880,-1110.1500
363.6170,-666.1500
363.7470,-707.1500
363.8760,-2305.1500
364.0060,-52.1500
364.1350,-700.1500
364.2650,-1226.1500
364.3940,-999.1500
364.5230,1245.8500
364.6530,-1484.1500
364.7820,-426.1500
364.9120,-1668.1500
365.0410,-1461.1500
365.1700,-1680.1500
365.3000,50.8500
365.4290,598.8500
365.5580,-927.1500
365.6880,-1578.1500
365.8170,-2020.1500
365.9470,-589.1500
366.0760,-542.1500
366.2050,-506.1500
366.3350,-1998.1500
366.4640,-1814.1500
366.5930,533.8500
366.7230,-911.1500
366.8520,-1175.1500
366.9810,-571.1500
367.1110,-1703.1500
367.2400,-1021.1500
367.3690,-986.1500
367.4990,2852.8500
367.6280,621.8500
367.7570,-1077.1500
367.8860,-279.1500
368.0160,101.8500
368.1450,-775.1500
368.2740,-485.1500
368.4040,-1650.1500
368.5330,-828.1500
368.6620,-241.1500
368.7910,-1206.1500
368.9210,-2256.1500
369.0500,470.8500
369.1790,-516.1500
369.3080,1566.8500
369.4380,-2068.1500
369.5670,-2219.1500
369.6960,-735.1500
369.8250,-233.1500
369.9550,-1286.1500
370.0840,-408.1500
370.2130,-601.1500
370.3420,-1788.1500
370.4720,-1775.1500
370.6010,2206.8500
370.7300,149.8500
370.8590,-2323.1500
370.9880,-1199.1500
371.1180,-1891.1500
371.2470,-46.1500
371.3760,567.8500
371.5050,-555.1500
371.6340,-569.1500
371.7630,-623.1500
371.8930,-1630.1500
372.0220,-1048.1500
372.1510,-1638.1500
372.2800,-1928.1500
372.4090,-2360.1500
372.5380,-1132.1500
372.6670,-621.1500
372.7970,542.8500
372.9260,-2050.1500
373.0550,-614.1500
373.1840,-947.1500
373.3130,-1553.1500
373.4420,-497.1500
373.5710,-1508.1500
373.7000,-965.1500
373.8300,-370.1500
373.9590,-2385.1500
374.0880,-1071.1500
374.2170,195.8500
374.3460,-1009.1500
374.4750,-2259.1500
374.6040,-1497.1500
374.7330,829.8500
374.8620,-528.1500
374.9910,-1580.1500
375.1200,-444.1500
375.2490,-649.1500
375.3780,-1434.1500
375.5080,-1649.1500
375.6370,-1766.1500
375.7660,-13.1500
375.8950,-1066.1500
376.0240,454.8500
376.1530,-1459.1500
376.2820,-1004.1500
376.4110,-1417.1500
376.5400,-2312.1500
376.6690,-536.1500
376.7980,-1184.1500
376.9270,-1758.1500
377.0560,360.8500
377.1850,-804.1500
377.3140,105.8500
377.4430,1559.8500
377.5720,-1759.1500
377.7010,-1405.1500
377.8300,423.8500
377.9590,-285.1500
378.0880,8583.8500
378.2170,288.8500
378.3460,-1275.1500
378.4740,-1875.1500
378.6030,-1776.1500
378.7320,-301.1500
378.8610,-1298.1500
378.9900,-1315.1500
379.1190,-2170.1500
379.2480,-706.1500
379.3770,-871.1500
379.5060,-943.1500
379.6350,229.8500
379.7640,-868.1500
379.8930,-1869.1500
380.0220,-1936.1500
380.1500,-937.1500
380.2790,-2186.1500
380.4080,-1595.1500
380.5370,-815.1500
380.6660,-292.1500
380.7950,-621.1500
380.9240,-1037.1500
381.0530,-1303.1500
381.1810,-655.1500
381.3100,3960.8500
381.4390,-1808.1500
381.5680,-863.1500
381.6970,-996.1500
381.8260,-897.1500
381.9550,-1782.1500
382.0830,-775.1500
382.2120,-1815.1500
382.3410,-269.1500
382.4700,-1700.1500
382.5990,-582.1500
382.7270,1399.8500
382.8560,-475.1500
382.9850,-487.1500
383.1140,-1150.1500
383.2430,-1559.1500
383.3710,-766.1500
383.5000,-1678.1500
383.6290,-1584.1500
383.7580,-1518.1500
383.8870,-2338.1500
384.0150,-612.1500
384.1440,-1483.1500
384.2730,-799.1500
384.4020,-409.1500
384.5300,-1515.1500
384.6590,-1464.1500
384.7880,-1628.1500
384.9170,-1459.1500
385.0450,-890.1500
385.1740,-825.1500
385.3030,-2219.1500
385.4320,261.8500
385.5600,-968.1500
385.6890,-901.1500
385.8180,-596.1500
385.9460,-480.1500
386.0750,-1600.1500
386.2040,-1650.1500
386.3320,-841.1500
386.4610,-97.1500
386.5900,-80.1500
386.7180,-1780.1500
386.8470,-1943.1500
386.9760,-1245.1500
387.1040,-2208.1500
387.2330,-1792.1500
387.3620,-666.1500
387.4900,-534.1500
387.6190,-1741.1500
387.7480,-826.1500
387.8760,567.8500
388.0050,-769.1500
388.1340,1.8500
388.2620,-1634.1500
388.3910,-1474.1500
388.5200,-387.1500
388.6480,-1893.1500
388.7770,292.8500
388.9050,-1328.1500
389.0340,-1190.1500
389.1630,-1584.1500
389.2910,-766.1500
389.4200,-75.1500
389.5480,319.8500
389.6770,-777.1500
389.8050,-625.1500
389.9340,-42.1500
390.0630,-1793.1500
390.1910,-2146.1500
390.3200,-1472.1500
390.4480,-865.1500
390.5770,-1785.1500
390.7050,-1968.1500
390.8340,-946.1500
390.9620,-1903.1500
391.0910,-1760.1500
391.2200,23.8500
391.3480,556.8500
391.4770,-242.1500
391.6050,-2087.1500
391.7340,-1594.1500
391.8620,-1278.1500
391.9910,-1886.1500
392.1190,-1786.1500
392.2480,-1071.1500
392.3760,-443.1500
392.5050,-935.1500
392.6330,-1593.1500
392.7620,1169.8500
392.8900,-1661.1500
393.0180,177.8500
393.1470,-1456.1500
393.2750,-2161.1500
393.4040,-1656.1500
393.5320,-1364.1500
393.6610,-829.1500
393.7890,-517.1500
393.9180,-547.1500
394.0460,-906.1500
394.1740,-777.1500
394.3030,-2070.1500
394.4310,-1350.1500
394.5600,-76.1500
394.6880,-2226.1500
394.8170,-2422.1500
394.9450,531.8500
395.0730,105.8500
395.2020,-524.1500
395.3300,-1226.1500
395.4590,-771.1500
395.5870,178.8500
395.7150,247.8500
395.8440,-973.1500
395.9720,-2173.1500
396.1000,408.8500
396.2290,-1568.1500
396.3570,-562.1500
396.4850,-1195.1500
396.6140,-1764.1500
396.7420,158.8500
396.8700,-889.1500
396.9990,-288.1500
397.1270,-1863.1500
397.2550,-711.1500
397.3840,-323.1500
397.5120,-2111.1500
397.6400,-1585.1500
397.7690,-1085.1500
397.8970,-521.1500
398.0250,-751.1500
398.1540,-586.1500
398.2820,607.8500
398.4100,-734.1500
398.5380,-573.1500
398.6670,-1521.1500
398.7950,-1385.1500
398.9230,-181.1500
399.0520,-1027.1500
399.1800,-228.1500
399.3080,-973.1500
399.4360,723.8500
399.5650,-1706.1500
399.6930,-558.1500
399.8210,-1004.1500
399.9490,-1369.1500
400.0780,1765.8500
400.2060,-1836.1500
400.3340,-1835.1500
400.4620,-1307.1500
400.5900,-1832.1500
400.7190,-1282.1500
400.8470,-1444.1500
400.9750,-491.1500
401.1030,-1477.1500
401.2310,-865.1500
401.3600,-749.1500
401.4880,-90.1500
401.6160,-991.1500
401.7440,-1050.1500
401.8720,-1568.1500
402.0000,-388.1500
402.1290,-1323.1500
402.2570,-1549.1500
402.3850,-1098.1500
402.5130,-1036.1500
402.6410,-1002.1500
402.7690,-1047.1500
402.8970,-1436.1500
403.0260,-2309.1500
403.1540,-2099.1500
403.2820,-1761.1500
403.4100,-1073.1500
403.5380,705.8500
403.6660,-1951.1500
403.7940,-1086.1500
403.9220,-820.1500
404.0500,-665.1500
404.1790,-1027.1500
404.3070,-755.1500
404.4350,-1651.1500
404.5630,-1847.1500
404.6910,-2051.1500
404.8190,2431.8500
404.9470,-1755.1500
405.0750,-1648.1500
405.2030,-1899.1500
405.3310,-1716.1500
405.4590,-1979.1500
405.5870,-637.1500
405.7150,-1500.1500
405.8430,-1433.1500
405.9710,-695.1500
406.0990,515.8500
406.2270,-275.1500
406.3550,-1163.1500
406.4830,-2133.1500
406.6110,-647.1500
406.7390,-1694.1500
406.8670,-1963.1500
406.9950,-1296.1500
407.1230,-1145.1500
407.2510,-2228.1500
407.3790,-1849.1500
407.5070,-365.1500
407.6350,-1239.1500
407.7630,-2359.1500
407.8910,-1533.1500
408.0190,-52.1500
408.1470,-205.1500
408.2750,964.8500
408.4030,-1981.1500
408.5310,-2051.1500
408.6590,762.8500
408.7870,-786.1500
408.9150,-1315.1500
409.0430,-1338.1500
409.1710,80.8500
409.2990,-72.1500
409.4270,375.8500
409.5540,-2188.1500
409.6820,1371.8500
409.8100,-633.1500
409.9380,-1518.1500
410.0660,206.8500
410.1940,-564.1500
410.3220,-1774.1500
410.4500,-1196.1500
410.5780,-2197.1500
410.7050,-1877.1500
410.8330,-766.1500
410.9610,295.8500
411.0890,1454.8500
411.2170,-869.1500
411.3450,-1049.1500
411.4730,-1785.1500
411.6000,-816.1500
411.7280,-1241.1500
411.8560,-1818.1500
411.9840,-1816.1500
412.1120,-585.1500
412.2390,-765.1500
412.3670,-1218.1500
412.4950,355.8500
412.6230,-1568.1500
412.7510,-104.1500
412.8780,-1869.1500
413.0060,-1008.1500
413.1340,187.8500
413.2620,323.8500
413.3900,-244.1500
413.5170,-600.1500
413.6450,10.8500
413.7730,-1968.1500
413.9010,1050.8500
414.0280,-1189.1500
414.1560,-807.1500
414.2840,-1614.1500
414.4120,82.8500
414.5390,-1491.1500
414.6670,-1471.1500
414.7950,-1775.1500
414.9230,-2205.1500
415.0500,-1390.1500
415.1780,-347.1500
415.3060,1617.8500
415.4330,-1493.1500
415.5610,93.8500
415.6890,-27.1500
415.8160,-1531.1500
415.9440,895.8500
416.0720,-1879.1500
416.2000,-35.1500
416.3270,1136.8500
416.4550,-1616.1500
416.5830,-1275.1500
416.7100,-1479.1500
416.8380,332.8500
416.9660,-1897.1500
417.0930,-1149.1500
417.2210,136.8500
417.3480,-581.1500
417.4760,-1970.1500
417.6040,-1154.1500
417.7310,-1015.1500
417.8590,-45.1500
417.9870,-633.1500
418.1140,-1707.1500
418.2420,351.8500
418.3690,-1373.1500
418.4970,-2085.1500
418.6250,177.8500
418.7520,-804.1500
418.8800,-1931.1500
419.0070,549.8500
419.1350,-996.1500
419.2630,-1584.1500
419.3900,-550.1500
419.5180,-449.1500
419.6450,-1519.1500
419.7730,-1162.1500
419.9000,-1475.1500
420.0280,2917.8500
420.1550,-1799.1500
420.2830,264.8500
420.4100,-512.1500
420.5380,-862.1500
420.6660,-1384.1500
420.7930,-1062.1500
420.9210,-1359.1500
421.0480,-337.1500
421.1760,48.8500
421.3030,-948.1500
421.4310,-1798.1500
421.5580,-2179.1500
421.6860,122.8500
421.8130,-323.1500
421.9410,-1561.1500
422.0680,-740.1500
422.1950,106.8500
422.3230,-138.1500
422.4500,-2320.1500
422.5780,-776.1500
422.7050,-1686.1500
422.8330,-883.1500
422.9600,-1854.1500
423.0880,-223.1500
423.2150,1588.8500
423.3430,1502.8500
423.4700,-604.1500
423.5970,900.8500
423.7250,-1003.1500
423.8520,-985.1500
423.9800,-654.1500
424.1070,-2086.1500
424.2340,-1032.1500
424.3620,-1564.1500
424.4890,-1433.1500
424.6170,3003.8500
424.7440,-659.1500
424.8710,-1881.1500
424.9990,-1270.1500
425.1260,297.8500
425.2530,-593.1500
425.3810,-1527.1500
425.5080,-2002.1500
425.6360,174.8500
425.7630,-1191.1500
425.8900,-1412.1500
426.0180,-1955.1500
426.1450,-1183.1500
426.2720,-787.1500
426.4000,-116.1500
426.5270,215.8500
426.6540,-1599.1500
426.7810,-440.1500
426.9090,-598.1500
427.0360,-717.1500
427.1630,-2161.1500
427.2910,-1796.1500
427.4180,-1113.1500
427.5450,-985.1500
427.6730,-1960.1500
427.8000,-2260.1500
427.9270,-1708.1500
428.0540,-538.1500
428.1820,-1234.1500
428.3090,-1152.1500
428.4360,-1431.1500
428.5630,-1981.1500
428.6910,-336.1500
428.8180,-1273.1500
428.9450,-200.1500
429.0720,-2062.1500
429.2000,-159.1500
429.3270,-688.1500
429.4540,237.8500
429.5810,-1045.1500
429.7080,-2144.1500
429.8360,-1676.1500
429.9630,-1366.1500
430.0900,-1412.1500
430.2170,-1404.1500
430.3440,-1915.1500
430.4720,-1431.1500
430.5990,-641.1500
430.7260,-1237.1500
430.8530,-1081.1500
430.9800,-290.1500
431.1070,-1903.1500
431.2350,-686.1500
431.3620,-556.1500
431.4890,-1152.1500
431.6160,1035.8500
431.7430,446.8500
431.8700,-2260.1500
431.9970,-1179.1500
432.1250,-1054.1500
432.2520,-2477.1500
432.3790,-1286.1500
432.5060,-762.1500
432.6330,-1860.1500
432.7600,-702.1500
432.8870,460.8500
433.0140,-1145.1500
433.1410,-1779.1500
433.2680,134.8500
433.3950,-1488.1500
433.5230,-1394.1500
433.6500,-1077.1500
433.7770,-969.1500
433.9040,-1215.1500
434.0310,-2116.1500
434.1580,-795.1500
434.2850,85.8500
434.4120,-2372.1500
434.5390,-1008.1500
434.6660,-1931.1500
434.7930,-1744.1500
434.9200,-1965.1500
435.0470,-320.1500
435.1740,-1079.1500
435.3010,-120.1500
435.4280,1066.8500
435.5550,966.8500
435.6820,-433.1500
435.8090,-1995.1500
435.9360,517.8500
436.0630,-1628.1500
436.1900,843.8500
436.3170,-1431.1500
436.4440,60.8500
436.5710,-1807.1500
436.6980,-438.1500
436.8250,224.8500
436.9520,-435.1500
437.0790,-614.1500
437.2060,-134.1500
437.3330,-1676.1500
437.4600,-1283.1500
437.5870,-939.1500
437.7140,-1895.1500
437.8400,-929.1500
437.9670,-2022.1500
438.0940,-2149.1500
438.2210,219.8500
438.3480,-806.1500
438.4750,11198.8500
438.6020,-1755.1500
438.7290,11337.8500
438.8560,-1363.1500
438.9830,4062.8500
439.1090,-355.1500
439.2360,632.8500
439.3630,-2509.1500
439.4900,-1381.1500
439.6170,-879.1500
439.7440,-1396.1500
439.8710,1957.8500
439.9970,-1548.1500
440.1240,-1133.1500
440.2510,-305.1500
440.3780,-1438.1500
440.5050,-1395.1500
440.6320,322.8500
440.7580,484.8500
440.8850,1090.8500
441.0120,-1579.1500
441.1390,-51.1500
441.2660,-1866.1500
441.3920,-914.1500
441.5190,-1784.1500
441.6460,-2172.1500
441.7730,-466.1500
441.9000,974.8500
442.0260,-1107.1500
442.1530,-665.1500
442.2800,-373.1500
442.4070,-1871.1500
442.5330,51.8500
442.6600,-710.1500
442.7870,-907.1500
442.9140,-1655.1500
443.0400,-1429.1500
443.1670,-1068.1500
443.2940,-924.1500
443.4210,-363.1500
443.5470,-1725.1500
443.6740,-1109.1500
443.8010,-476.1500
443.9270,208.8500
444.0540,1422.8500
444.1810,-8.1500
444.3070,374.8500
444.4340,-131.1500
444.5610,-1724.1500
444.6880,-2105.1500
444.8140,-177.1500
444.9410,-968.1500
445.0680,-1779.1500
445.1940,1128.8500
445.3210,-1732.1500
445.4470,1226.8500
445.5740,-2279.1500
445.7010,-2283.1500
445.8270,-1239.1500
445.9540,-2211.1500
446.0810,50.8500
446.2070,-1837.1500
446.3340,-1087.1500
446.4610,-1037.1500
446.5870,-2197.1500
446.7140,-81.1500
446.8400,-160.1500
446.9670,-1239.1500
447.0940,-1179.1500
447.2200,-76.1500
447.3470,-1069.1500
447.4730,-1220.1500
447.6000,-573.1500
447.7260,-2315.1500
447.8530,-955.1500
447.9800,-734.1500
448.1060,-401.1500
448.2330,-1019.1500
448.3590,-1563.1500
448.4860,-351.1500
448.6120,-1236.1500
448.7390,-519.1500
448.8650,124.8500
448.9920,825.8500
449.1180,-1045.1500
449.2450,-1977.1500
449.3710,-1987.1500
449.4980,-569.1500
449.6240,-31.1500
449.7510,-765.1500
449.8770,-1628.1500
450.0040,-631.1500
450.1300,-574.1500
450.2570,-1752.1500
450.3830,-1139.1500
450.5100,-1908.1500
450.6360,-1441.1500
450.7630,-939.1500
450.8890,-1553.1500
451.0160,-2084.1500
451.1420,-424.1500
451.2690,-1664.1500
451.3950,1057.8500
451.5210,-742.1500
451.6480,-1410.1500
451.7740,-944.1500
451.9010,-2316.1500
452.0270,-607.1500
452.1540,440.8500
452.2800,-1391.1500
452.4060,-1732.1500
452.5330,-1579.1500
452.6590,-1749.1500
452.7850,-1097.1500
452.9120,-2050.1500
453.0380,-1732.1500
453.1650,-125.1500
453.2910,486.8500
453.4170,434.8500
453.5440,-1477.1500
453.6700,-1194.1500
453.7960,732.8500
453.9230,-1774.1500
454.0490,-1261.1500
454.1750,-1427.1500
454.3020,-1578.1500
454.4280,-623.1500
454.5540,-346.1500
454.6810,-1354.1500
454.8070,-1738.1500
454.9330,1339.8500
455.0600,-427.1500
455.1860,-961.1500
455.3120,252.8500
455.4390,-57.1500
455.5650,-1554.1500
455.6910,-1825.1500
455.8170,-70.1500
455.9440,142.8500
456.0700,-709.1500
456.1960,-209.1500
456.3220,-2195.1500
456.4490,-2338.1500
456.5750,-448.1500
456.7010,-1428.1500
456.8270,-1570.1500
456.9540,-2083.1500
457.0800,-1489.1500
457.2060,-2298.1500
457.3320,-1014.1500
457.4590,-2174.1500
457.5850,-1515.1500
457.7110,-1367.1500
457.8370,-253.1500
457.9630,-771.1500
458.0900,-1721.1500
458.2160,-1715.1500
458.3420,-987.1500
458.4680,-1407.1500
458.5940,-909.1500
458.7210,-804.1500
458.8470,-683.1500
458.9730,-2135.1500
459.0990,-951.1500
459.2250,-827.1500
459.3510,-1430.1500
459.4770,-664.1500
459.6040,-1733.1500
459.7300,-1184.1500
459.8560,-1719.1500
459.9820,-978.1500
460.1080,-2168.1500
460.2340,-2210.1500
460.3600,-1365.1500
460.4860,-337.1500
460.6130,-1587.1500
460.7390,190.8500
460.8650,-1320.1500
460.9910,874.8500
461.1170,1212.8500
461.2430,-1598.1500
461.3690,-1986.1500
461.4950,-1346.1500
461.6210,-594.1500
461.7470,-356.1500
461.8730,-170.1500
461.9990,-1772.1500
462.1250,-948.1500
462.2520,132.8500
462.3780,-675.1500
462.5040,-617.1500
462.6300,-318.1500
462.7560,-1685.1500
462.8820,-1528.1500
463.0080,-1543.1500
463.1340,-36.1500
463.2600,-2054.1500
463.3860,-1294.1500
463.5120,-806.1500
463.6380,-1321.1500
463.7640,-1736.1500
463.8900,-1356.1500
464.0160,210.8500
464.1420,30.8500
464.2680,-1617.1500
464.3940,-1415.1500
464.5200,-1991.1500
464.6450,-297.1500
464.7710,389.8500
464.8970,-1561.1500
465.0230,-1739.1500
465.1490,-538.1500
465.2750,-1991.1500
465.4010,-1763.1500
465.5270,453.8500
465.6530,-495.1500
465.7790,402.8500
465.9050,-1827.1500
466.0310,-808.1500
466.1570,-1468.1500
466.2820,-1072.1500
466.4080,-1688.1500
466.5340,-929.1500
466.6600,-2113.1500
466.7860,-1002.1500
466.9120,-793.1500
467.0380,-1242.1500
467.1640,-1048.1500
467.2890,-1260.1500
467.4150,-1127.1500
467.5410,-1156.1500
467.6670,-849.1500
467.7930,-1117.1500
467.9190,-569.1500
468.0450,-283.1500
468.1700,-1528.1500
468.2960,-875.1500
468.4220,-1268.1500
468.5480,-90.1500
468.6740,-2082.1500
468.7990,-1563.1500
468.9250,-1417.1500
469.0510,-1866.1500
469.1770,-2113.1500
469.3030,-1938.1500
469.4280,-46.1500
469.5540,-1735.1500
469.6800,-1437.1500
469.8060,-288.1500
469.9310,-893.1500
470.0570,1985.8500
470.1830,-2361.1500
470.3090,-1297.1500
470.4340,496.8500
470.5600,-1341.1500
470.6860,-471.1500
470.8120,-946.1500
470.9370,-1845.1500
471.0630,-1825.1500
471.1890,-269.1500
471.3150,306.8500
471.4400,-943.1500
471.5660,-1375.1500
471.6920,343.8500
471.8170,-1437.1500
471.9430,-952.1500
472.0690,-412.1500
472.1940,-1101.1500
472.3200,-1389.1500
472.4460,-226.1500
472.5710,-1980.1500
472.6970,-1228.1500
472.8230,-609.1500
472.9480,-2042.1500
473.0740,-899.1500
473.2000,-840.1500
473.3250,-1926.1500
473.4510,-1229.1500
473.5770,-1092.1500
473.7020,-2185.1500
473.8280,-1059.1500
473.9530,-2143.1500
474.0790,-985.1500
474.2050,-1868.1500
474.3300,-1869.1500
474.4560,-1279.1500
474.5810,800.8500
474.7070,-1194.1500
474.8330,-1253.1500
474.9580,-620.1500
475.0840,-182.1500
475.2090,-1265.1500
475.3350,-1770.1500
475.4600,-807.1500
475.5860,-1675.1500
475.7120,-503.1500
475.8370,-1294.1500
475.9630,-1473.1500
476.0880,-2310.1500
476.2140,-1391.1500
476.3390,-1346.1500
476.4650,-1685.1500
476.5900,-2208.1500
476.7160,457.8500
476.8410,-1996.1500
476.9670,720.8500
477.0920,-1262.1500
477.2180,-398.1500
477.3430,-1744.1500
477.4690,351.8500
477.5940,-1681.1500
477.7200,-1779.1500
477.8450,-464.1500
477.9710,-1532.1500
478.0960,-998.1500
478.2220,-1257.1500
478.3470,11035.8500
478.4720,-353.1500
478.5980,-1434.1500
478.7230,-1236.1500
478.8490,-8.1500
478.9740,-663.1500
479.1000,-1901.1500
479.2250,-474.1500
479.3500,-1140.1500
479.4760,-396.1500
479.6010,-1648.1500
479.7270,74.8500
479.8520,-1451.1500
479.9770,-901.1500
480.1030,-993.1500
480.2280,872.8500
480.3540,-1090.1500
480.4790,-8.1500
480.6040,-1597.1500
480.7300,-1231.1500
480.8550,-2218.1500
480.9800,10.8500
481.1060,-2220.1500
481.2310,-1885.1500
481.3560,-1587.1500
481.4820,-2283.1500
481.6070,-1854.1500
481.7320,-2472.1500
481.8580,-1005.1500
481.9830,-2067.1500
482.1080,-1694.1500
482.2340,-2172.1500
482.3590,-1406.1500
482.4840,393.8500
482.6100,-1675.1500
482.7350,-574.1500
482.8600,-2216.1500
482.9850,-1573.1500
483.1110,-1238.1500
483.2360,-289.1500
483.3610,-1344.1500
483.4860,-1708.1500
483.6120,-67.1500
483.7370,-2143.1500
483.8620,-976.1500
483.9870,-622.1500
484.1130,-2488.1500
484.2380,-245.1500
484.3630,-1928.1500
484.4880,-1206.1500
484.6140,-182.1500
484.7390,-1087.1500
484.8640,244.8500
484.9890,2130.8500
485.1140,-630.1500
485.2400,-920.1500
485.3650,-1272.1500
485.4900,-2286.1500
485.6150,-235.1500
485.7400,-1029.1500
485.8650,-557.1500
485.9910,-939.1500
486.1160,-810.1500
486.2410,-2074.1500
486.3660,-1871.1500
486.4910,-613.1500
486.6160,-1984.1500
486.7420,-1131.1500
486.8670,-1078.1500
486.9920,-1944.1500
487.1170,-1856.1500
487.2420,-1479.1500
487.3670,-2262.1500
487.4920,-1435.1500
487.6170,-443.1500
487.7420,-839.1500
487.8680,-1601.1500
487.9930,-380.1500
488.1180,-1014.1500
488.2430,-564.1500
488.3680,-1358.1500
488.4930,-2464.1500
488.6180,-1544.1500
488.7430,-1189.1500
488.8680,-1748.1500
488.9930,-1204.1500
489.1180,-246.1500
489.2430,-804.1500
489.3680,-1357.1500
489.4930,-158.1500
489.6180,-924.1500
489.7430,-1918.1500
489.8680,-894.1500
489.9930,-1749.1500
490.1180,-2464.1500
490.2430,2021.8500
490.3680,-1404.1500
490.4930,-612.1500
490.6180,-219.1500
490.7430,-2370.1500
490.8680,-1076.1500
490.9930,-1092.1500
491.1180,-255.1500
491.2430,-1951.1500
491.3680,-1285.1500
491.4930,-596.1500
491.6180,-1284.1500
491.7430,-1194.1500
491.8680,-1655.1500
491.9930,-1078.1500
492.1180,-1940.1500
492.2430,-695.1500
492.3680,-590.1500
492.4930,-1665.1500
492.6180,175.8500
492.7430,-1212.1500
492.8670,-45.1500
492.9920,-1181.1500
493.1170,-306.1500
493.2420,-1395.1500
493.3670,-1302.1500
493.4920,247.8500
493.6170,-1859.1500
493.7420,427.8500
493.8670,-1075.1500
493.9910,-2322.1500
494.1160,-1139.1500
494.2410,-756.1500
494.3660,-1236.1500
494.4910,-343.1500
494.6160,20.8500
494.7400,-1514.1500
494.8650,-2015.1500
494.9900,-1635.1500
495.1150,-1324.1500
495.2400,-921.1500
495.3650,-1346.1500
495.4890,-1513.1500
495.6140,-825.1500
495.7390,-1090.1500
495.8640,-1701.1500
495.9890,-2229.1500
496.1130,-106.1500
496.2380,-881.1500
496.3630,-1531.1500
496.4880,-1912.1500
496.6120,-364.1500
496.7370,-1425.1500
496.8620,-1095.1500
496.9870,-1426.1500
497.1110,-2099.1500
497.2360,-1740.1500
497.3610,-1719.1500
497.4860,297.8500
497.6100,-78.1500
497.7350,-1080.1500
497.8600,-320.1500
497.9840,-460.1500
498.1090,-2352.1500
498.2340,-1595.1500
498.3590,-1624.1500
498.4830,-1064.1500
498.6080,-1267.1500
498.7330,-1310.1500
498.8570,-1921.1500
498.9820,-1009.1500
499.1070,-2283.1500
499.2310,-995.1500
499.3560,-1507.1500
499.4810,492.8500
499.6050,-2636.1500
499.7300,-1805.1500
499.8550,273.8500
499.9790,-1848.1500
500.1040,-1213.1500
500.2280,519.8500
500.3530,-1180.1500
500.4780,-2143.1500
500.6020,-692.1500
500.7270,499.8500
500.8520,-360.1500
500.9760,-2435.1500
501.1010,-1575.1500
501.2250,990.8500
501.3500,-1943.1500
501.4740,-1785.1500
501.5990,-75.1500
501.7240,-1371.1500
501.8480,-1193.1500
501.9730,-79.1500
502.0970,-2089.1500
502.2220,-2426.1500
502.3460,33.8500
502.4710,-569.1500
502.5950,-1831.1500
502.7200,-2025.1500
502.8440,-1946.1500
502.9690,-1380.1500
503.0940,526.8500
503.2180,-2021.1500
503.3430,-1625.1500
503.4670,-1685.1500
503.5920,-1495.1500
503.7160,-1315.1500
503.8410,-716.1500
503.9650,928.8500
504.0890,-1493.1500
504.2140,-1951.1500
504.3380,-1317.1500
504.4630,-683.1500
504.5870,-1146.1500
504.7120,-758.1500
504.8360,-1177.1500
504.9610,1492.8500
505.0850,485.8500
505.2100,-1645.1500
505.3340,-1627.1500
505.4580,898.8500
505.5830,-2035.1500
505.7070,-493.1500
505.8320,-1478.1500
505.9560,-860.1500
506.0800,-1904.1500
506.2050,-1321.1500
506.3290,196.8500
506.4540,-2170.1500
506.5780,-854.1500
506.7020,-1750.1500
506.8270,359.8500
506.9510,-809.1500
507.0760,-1220.1500
507.2000,-1910.1500
507.3240,-529.1500
507.4490,-96.1500
507.5730,-1017.1500
507.6970,-1337.1500
507.8220,-959.1500
507.9460,-1381.1500
508.0700,-2286.1500
508.1950,-1044.1500
508.3190,-1329.1500
508.4430,-1090.1500
508.5670,-2390.1500
508.6920,-2031.1500
508.8160,-1630.1500
508.9400,-1367.1500
509.0650,-2461.1500
509.1890,-482.1500
509.3130,-672.1500
509.4370,-201.1500
509.5620,-1206.1500
509.6860,-588.1500
509.8100,-1024.1500
509.9350,-544.1500
510.0590,-106.1500
510.1830,-1695.1500
510.3070,-2209.1500
510.4310,-307.1500
510.5560,-1234.1500
510.6800,-1447.1500
510.8040,-2405.1500
510.9280,-1164.1500
511.0530,-2129.1500
511.1770,-2057.1500
511.3010,-1068.1500
511.4250,-1643.1500
511.5490,-1016.1500
511.6740,-813.1500
511.7980,-927.1500
511.9220,-567.1500
512.0460,535.8500
512.1700,-1407.1500
512.2940,-2117.1500
512.4190,-971.1500
512.5430,-535.1500
512.6670,-1326.1500
512.7910,-1889.1500
512.9150,-552.1500
513.0390,-1382.1500
513.1630,-256.1500
513.2880,751.8500
513.4120,-1464.1500
513.5360,51.8500
513.6600,-1695.1500
513.7840,-1002.1500
513.9080,-775.1500
514.0320,-1042.1500
514.1560,4.8500
514.2800,-647.1500
514.4040,-1430.1500
514.5280,-1177.1500
514.6530,-339.1500
514.7770,-40.1500
514.9010,-648.1500
515.0250,-98.1500
515.1490,-1369.1500
515.2730,-737.1500
515.3970,-1375.1500
515.5210,-1288.1500
515.6450,-1203.1500
515.7690,-1802.1500
515.8930,-1621.1500
516.0170,-1673.1500
516.1410,-2200.1500
516.2650,-1544.1500
516.3890,-1820.1500
516.5130,-1165.1500
516.6370,-1667.1500
516.7610,-2664.1500
516.8850,-1816.1500
517.0090,-1319.1500
517.1330,-1031.1500
517.2570,-1426.1500
517.3810,-321.1500
517.5050,-161.1500
517.6290,487.8500
517.7530,-1377.1500
517.8770,-2188.1500
518.0010,-1670.1500
518.1250,-1194.1500
518.2480,-325.1500
518.3720,-1187.1500
518.4960,-2401.1500
518.6200,-397.1500
518.7440,-991.1500
518.8680,-995.1500
518.9920,-1045.1500
519.1160,-1723.1500
519.2400,2196.8500
519.3640,23.8500
519.4880,-1056.1500
519.6110,-2192.1500
519.7350,-1226.1500
519.8590,-1390.1500
519.9830,-602.1500
520.1070,-1099.1500
520.2310,-184.1500
520.3550,-1208.1500
520.4780,-2095.1500
520.6020,-1994.1500
520.7260,260.8500
520.8500,-1266.1500
520.9740,-81.1500
521.0980,-1395.1500
521.2210,-1967.1500
521.3450,18.8500
521.4690,-1818.1500
521.5930,-1049.1500
521.7170,203.8500
521.8400,-1256.1500
521.9640,-1928.1500
522.0880,-1388.1500
522.2120,-1558.1500
522.3350,-2146.1500
522.4590,-1866.1500
522.5830,1333.8500
522.7070,-1895.1500
522.8300,-2571.1500
522.9540,-1713.1500
523.0780,-1533.1500
523.2020,-43.1500
523.3250,-1669.1500
523.4490,-1063.1500
523.5730,-1061.1500
523.6970,-1727.1500
523.8200,-1019.1500
523.9440,-1657.1500
524.0680,-995.1500
524.1910,-1267.1500
524.3150,-2360.1500
524.4390,-900.1500
524.5620,-86.1500
524.6860,-1481.1500
524.8100,-1850.1500
524.9330,-1862.1500
525.0570,-1500.1500
525.1810,-674.1500
525.3040,-2197.1500
525.4280,187.8500
525.5520,-1945.1500
525.6750,-1294.1500
525.7990,-1974.1500
525.9230,-1042.1500
526.0460,-416.1500
526.1700,-2258.1500
526.2930,-2182.1500
526.4170,-1250.1500
526.5410,-193.1500
526.6640,-1454.1500
526.7880,-1479.1500
526.9110,-827.1500
527.0350,-1827.1500
527.1590,-1332.1500
527.2820,-1595.1500
527.4060,-1816.1500
527.5290,-315.1500
527.6530,-1981.1500
527.7760,-881.1500
527.9000,-1950.1500
528.0240,-1677.1500
528.1470,-1348.1500
528.2710,-165.1500
528.3940,-357.1500
528.5180,-19.1500
528.6410,-1959.1500
528.7650,-896.1500
528.8880,-1107.1500
529.0120,-387.1500
529.1350,-1235.1500
529.2590,113.8500
529.3820,-1614.1500
529.5060,-1795.1500
529.6290,-1060.1500
529.7530,-2131.1500
529.8760,186.8500
530.0000,204.8500
530.1230,-712.1500
530.2470,-1924.1500
530.3700,-1599.1500
530.4930,-983.1500
530.6170,-2019.1500
530.7400,-59.1500
530.8640,-615.1500
530.9870,-2068.1500
531.1110,-647.1500
531.2340,-2036.1500
531.3570,-590.1500
531.4810,-331.1500
531.6040,-140.1500
531.7280,-2386.1500
531.8510,-1039.1500
531.9740,-814.1500
532.0980,-1321.1500
532.2210,-1891.1500
532.3450,-1406.1500
532.4680,-1876.1500
532.5910,621.8500
532.7150,-1325.1500
532.8380,-1451.1500
532.9610,-1133.1500
533.0850,-1804.1500
533.2080,-1107.1500
533.3310,-2512.1500
533.4550,160.8500
533.5780,-1349.1500
533.7010,-746.1500
533.8250,-457.1500
533.9480,-1412.1500
534.0710,-1454.1500
534.1950,-350.1500
534.3180,-2207.1500
534.4410,-1305.1500
534.5640,-605.1500
534.6880,-1813.1500
534.8110,-567.1500
534.9340,-1222.1500
535.0580,-863.1500
535.1810,157.8500
535.3040,-654.1500
535.4270,-1850.1500
535.5510,-2194.1500
535.6740,-1316.1500
535.7970,-651.1500
535.9200,-278.1500
536.0430,-2110.1500
536.1670,-2211.1500
536.2900,-767.1500
536.4130,-773.1500
536.5360,-1857.1500
536.6600,-1568.1500
536.7830,-1001.1500
536.9060,-757.1500
537.0290,-1522.1500
537.1520,-1649.1500
537.2750,-1184.1500
537.3990,433.8500
537.5220,-2445.1500
537.6450,-1474.1500
537.7680,-1707.1500
537.8910,-615.1500
538.0140,-1282.1500
538.1380,-1744.1500
538.2610,-1627.1500
538.3840,-1146.1500
538.5070,-1794.1500
538.6300,-1755.1500
538.7530,156.8500
538.8760,-941.1500
538.9990,-1916.1500
539.1230,-561.1500
539.2460,624.8500
539.3690,957.8500
539.4920,-1815.1500
539.6150,-2178.1500
539.7380,362.8500
539.8610,-1538.1500
539.9840,-1035.1500
540.1070,-891.1500
540.2300,-1835.1500
540.3530,-1700.1500
540.4760,-2537.1500
540.5990,-424.1500
540.7220,-2039.1500
540.8460,-715.1500
540.9690,-2177.1500
541.0920,-870.1500
541.2150,-2181.1500
541.3380,-729.1500
541.4610,-1820.1500
541.5840,-1226.1500
541.7070,-1189.1500
541.8300,-1533.1500
541.9530,-713.1500
542.0760,-1307.1500
542.1990,-1076.1500
542.3220,57.8500
542.4450,676.8500
542.5670,-1300.1500
542.6900,-957.1500
542.8130,-1130.1500
542.9360,-492.1500
543.0590,-1338.1500
543.1820,894.8500
543.3050,422.8500
543.4280,-1043.1500
543.5510,-1496.1500
543.6740,92.8500
543.7970,-279.1500
543.9200,-1277.1500
544.0430,899.8500
544.1660,-2157.1500
544.2880,-1324.1500
544.4110,-520.1500
544.5340,-2069.1500
544.6570,-925.1500
544.7800,-1132.1500
544.9030,-619.1500
545.0260,-1415.1500
545.1490,-2110.1500
545.2710,-1931.1500
545.3940,-1641.1500
545.5170,-2383.1500
545.6400,1800.8500
545.7630,-1304.1500
545.8860,-1549.1500
546.0080,-831.1500
546.1310,-387.1500
546.2540,-1300.1500
546.3770,-2272.1500
546.5000,-836.1500
546.6230,-887.1500
546.7450,-1927.1500
546.8680,-1184.1500
546.9910,-165.1500
547.1140,-1211.1500
547.2360,-902.1500
547.3590,-1871.1500
547.4820,-1166.1500
547.6050,-1968.1500
547.7280,-1265.1500
547.8500,-1967.1500
547.9730,-1763.1500
548.0960,-1548.1500
548.2190,-605.1500
548.3410,-1118.1500
548.4640,-2425.1500
548.5870,-1257.1500
548.7090,-1453.1500
548.8320,-954.1500
548.9550,1106.8500
549.0780,-96.1500
549.2000,-1518.1500
549.3230,-1318.1500
549.4460,195.8500
549.5680,-1298.1500
549.6910,-349.1500
549.8140,-274.1500
549.9360,-1491.1500
550.0590,-1619.1500
550.1820,-1846.1500
550.3040,-2309.1500
550.4270,-1279.1500
550.5500,-1766.1500
550.6720,-1447.1500
550.7950,1201.8500
550.9170,-1842.1500
551.0400,-1498.1500
551.1630,-559.1500
551.2850,424.8500
551.4080,-419.1500
551.5310,1379.8500
551.6530,-1877.1500
551.7760,-989.1500
551.8980,-858.1500
552.0210,-929.1500
552.1430,-1097.1500
552.2660,-1046.1500
552.3890,-1416.1500
552.5110,-2129.1500
552.6340,-1959.1500
552.7560,-1907.1500
552.8790,1087.8500
553.0010,-174.1500
553.1240,-2045.1500
553.2460,-1659.1500
553.3690,-27.1500
553.4920,-1400.1500
553.6140,290.8500
553.7370,-2620.1500
553.8590,-559.1500
553.9820,-308.1500
554.1040,-574.1500
554.2270,-1724.1500
554.3490,-1456.1500
554.4720,-1565.1500
554.5940,-2332.1500
554.7160,133.8500
554.8390,-685.1500
554.9610,-1003.1500
555.0840,-1593.1500
555.2060,-967.1500
555.3290,-2421.1500
555.4510,-2195.1500
555.5740,-756.1500
555.6960,-1884.1500
555.8190,-1285.1500
555.9410,-1101.1500
556.0630,-278.1500
556.1860,-1126.1500
556.3080,-730.1500
556.4310,685.8500
556.5530,-191.1500
556.6750,-1533.1500
556.7980,-1525.1500
556.9200,-435.1500
557.0430,-1357.1500
557.1650,-1906.1500
557.2870,-721.1500
557.4100,-1434.1500
557.5320,-996.1500
557.6540,-1454.1500
557.7770,-423.1500
557.8990,-1287.1500
558.0210,-889.1500
558.1440,480.8500
558.2660,-66.1500
558.3880,1148.8500
558.5110,-816.1500
558.6330,-1232.1500
558.7550,-1659.1500
558.8780,-1995.1500
559.0000,-127.1500
559.1220,-2335.1500
559.2440,-1793.1500
559.3670,-1571.1500
559.4890,246.8500
559.6110,394.8500
559.7340,-1240.1500
559.8560,-1033.1500
559.9780,-685.1500
560.1000,-916.1500
560.2230,-1184.1500
560.3450,-371.1500
560.4670,-1812.1500
560.5890,-1406.1500
560.7120,-1715.1500
560.8340,630.8500
560.9560,-1974.1500
561.0780,-1013.1500
561.2000,-1114.1500
561.3230,122.8500
561.4450,-2039.1500
561.5670,-1409.1500
561.6890,-2135.1500
561.8110,-896.1500
561.9340,-1016.1500
562.0560,-1224.1500
562.1780,-613.1500
562.3000,-1563.1500
562.4220,-618.1500
562.5440,-782.1500
562.6660,-619.1500
562.7890,-906.1500
562.9110,-770.1500
563.0330,-28.1500
563.1550,-595.1500
563.2770,-1787.1500
563.3990,-2121.1500
563.5210,-1313.1500
563.6430,-1877.1500
563.7660,-1205.1500
563.8880,7.8500
564.0100,-688.1500
564.1320,-2146.1500
564.2540,-2206.1500
564.3760,393.8500
564.4980,-896.1500
564.6200,243.8500
564.7420,-1322.1500
564.8640,-1917.1500
564.9860,-753.1500
565.1080,1167.8500
565.2300,-1667.1500
565.3520,36.8500
565.4740,-588.1500
565.5970,418.8500
565.7190,109.8500
565.8410,-1874.1500
565.9630,-1108.1500
566.0850,-1162.1500
566.2070,-1345.1500
566.3290,177.8500
566.4510,219.8500
566.5730,-1628.1500
566.6950,-1632.1500
566.8170,1065.8500
566.9380,-1737.1500
567.0600,-1437.1500
567.1820,-1068.1500
567.3040,-951.1500
567.4260,-1803.1500
567.5480,-50.1500
567.6700,-901.1500
567.7920,-1079.1500
567.9140,-1563.1500
568.0360,-1392.1500
568.1580,-902.1500
568.2800,-1678.1500
568.4020,-545.1500
568.5240,-1383.1500
568.6460,-2005.1500
568.7670,-1257.1500
568.8890,-237.1500
569.0110,-1512.1500
569.1330,-1753.1500
569.2550,-2094.1500
569.3770,-1887.1500
569.4990,-980.1500
569.6210,-1913.1500
569.7420,1407.8500
569.8640,-308.1500
569.9860,1467.8500
570.1080,-571.1500
570.2300,-1824.1500
570.3520,500.8500
570.4730,-982.1500
570.5950,-1419.1500
570.7170,-1878.1500
570.8390,-572.1500
570.9610,-329.1500
571.0820,-1391.1500
571.2040,-1559.1500
571.3260,-1725.1500
571.4480,-467.1500
571.5700,-416.1500
571.6910,-746.1500
571.8130,-618.1500
571.9350,-205.1500
572.0570,-1244.1500
572.1780,-1807.1500
572.3000,703.8500
572.4220,277.8500
572.5440,448.8500
572.6650,-1358.1500
572.7870,-1930.1500
572.9090,359.8500
573.0310,-780.1500
573.1520,-1885.1500
573.2740,-344.1500
573.3960,-779.1500
573.5170,-340.1500
573.6390,-2080.1500
573.7610,-1584.1500
573.8820,-1169.1500
574.0040,-617.1500
574.1260,-1413.1500
574.2470,-80.1500
574.3690,-345.1500
574.4910,-1271.1500
574.6120,-1611.1500
574.7340,-840.1500
574.8560,-1180.1500
574.9770,-926.1500
575.0990,-420.1500
575.2210,-662.1500
575.3420,-1499.1500
575.4640,-960.1500
575.5850,-121.1500
575.7070,-1719.1500
575.8290,151.8500
575.9500,94.8500
576.0720,-1319.1500
576.1930,-1628.1500
576.3150,-1533.1500
576.4370,-1308.1500
576.5580,-821.1500
576.6800,-1092.1500
576.8010,61.8500
576.9230,-2155.1500
577.0440,294.8500
577.1660,-2037.1500
577.2870,-1219.1500
577.4090,-1548.1500
577.5310,-692.1500
577.6520,-251.1500
577.7740,-2263.1500
577.8950,-1203.1500
578.0170,-1488.1500
578.1380,-1588.1500
578.2600,-1383.1500
578.3810,-688.1500
578.5030,-1442.1500
578.6240,-1341.1500
578.7460,-2414.1500
578.8670,-1287.1500
578.9880,-467.1500
579.1100,689.8500
579.2310,-812.1500
579.3530,-1854.1500
579.4740,-755.1500
579.5960,-1203.1500
579.7170,-457.1500
579.8390,-1280.1500
579.9600,-2084.1500
580.0810,-299.1500
580.2030,-1506.1500
580.3240,-1067.1500
580.4460,-59.1500
580.5670,-617.1500
580.6880,432.8500
580.8100,-2157.1500
580.9310,-1282.1500
581.0530,-2033.1500
581.1740,-1029.1500
581.2950,-1983.1500
581.4170,-151.1500
581.5380,-126.1500
581.6590,-475.1500
581.7810,-1284.1500
581.9020,-1263.1500
582.0240,-1738.1500
582.1450,-1855.1500
582.2660,-2011.1500
582.3880,-840.1500
582.5090,-1788.1500
582.6300,-948.1500
582.7510,-1679.1500
582.8730,-862.1500
582.9940,-1347.1500
583.1150,-1384.1500
583.2370,-1002.1500
583.3580,-1442.1500
583.4790,-2184.1500
583.6000,-372.1500
583.7220,-1386.1500
583.8430,-1947.1500
583.9640,-243.1500
584.0860,-1588.1500
584.2070,-902.1500
584.3280,-1902.1500
584.4490,-359.1500
584.5700,-998.1500
584.6920,-1216.1500
584.8130,4720.8500
584.9340,-831.1500
585.0550,-1983.1500
585.1770,-507.1500
585.2980,-746.1500
585.4190,-1836.1500
585.5400,586.8500
585.6610,-663.1500
585.7830,-460.1500
585.9040,-1498.1500
586.0250,-215.1500
586.1460,-1970.1500
586.2670,-1174.1500
586.3880,-1546.1500
586.5100,1027.8500
586.6310,-2198.1500
586.7520,-1663.1500
586.8730,-1212.1500
586.9940,-2222.1500
587.1150,-2091.1500
587.2360,-1161.1500
587.3570,-2147.1500
587.4790,-1987.1500
587.6000,227.8500
587.7210,-985.1500
587.8420,-1659.1500
587.9630,714.8500
588.0840,-58.1500
588.2050,-1836.1500
588.3260,-954.1500
588.4470,-1210.1500
588.5680,-1563.1500
588.6890,-662.1500
588.8100,-656.1500
588.9310,-1449.1500
589.0520,-1870.1500
589.1740,-1396.1500
589.2950,-575.1500
589.4160,-962.1500
589.5370,-221.1500
589.6580,-1255.1500
589.7790,-2221.1500
589.9000,-100.1500
590.0210,-1803.1500
590.1420,-1491.1500
590.2630,-1857.1500
590.3840,-1184.1500
590.5050,909.8500
590.6260,-1737.1500
590.7470,-808.1500
590.8670,-794.1500
590.9880,-803.1500
591.1090,-1196.1500
591.2300,495.8500
591.3510,-390.1500
591.4720,-1592.1500
591.5930,-1187.1500
591.7140,-591.1500
591.8350,-1471.1500
591.9560,-1712.1500
592.0770,-2179.1500
592.1980,-1192.1500
592.3190,-1153.1500
592.4400,-506.1500
592.5600,-1466.1500
592.6810,-2078.1500
592.8020,-524.1500
592.9230,-1406.1500
593.0440,-1317.1500
593.1650,-1756.1500
593.2860,-851.1500
593.4070,-2024.1500
593.5270,28.8500
593.6480,-1771.1500
593.7690,-660.1500
593.8900,354.8500
594.0110,-1073.1500
594.1320,-1262.1500
594.2520,-489.1500
594.3730,-1991.1500
594.4940,-2143.1500
594.6150,-1029.1500
594.7360,-1367.1500
594.8560,-70.1500
594.9770,-1695.1500
595.0980,-789.1500
595.2190,-2032.1500
595.3400,-1042.1500
595.4600,-1785.1500
595.5810,1126.8500
595.7020,-1199.1500
595.8230,-1925.1500
595.9430,-276.1500
596.0640,-1036.1500
596.1850,240.8500
596.3060,-2460.1500
596.4260,-1616.1500
596.5470,-1946.1500
596.6680,-843.1500
596.7880,-1020.1500
596.9090,-678.1500
597.0300,-555.1500
597.1510,-1191.1500
597.2710,-1875.1500
597.3920,-1199.1500
597.5130,-531.1500
597.6330,-406.1500
597.7540,-1047.1500
597.8750,-825.1500
597.9950,400.8500
598.1160,-1064.1500
598.2370,-1436.1500
598.3570,-1628.1500
598.4780,-1548.1500
598.5990,430.8500
598.7190,-1327.1500
598.8400,-1746.1500
598.9600,-1585.1500
599.0810,-1167.1500
599.2020,-1329.1500
599.3220,-1728.1500
599.4430,-1839.1500
599.5630,-692.1500
599.6840,-368.1500
599.8050,-1263.1500
599.9250,-2006.1500
600.0460,960.8500
600.1660,-1592.1500
600.2870,-836.1500
600.4070,-749.1500
600.5280,0.8500
600.6490,-617.1500
600.7690,-593.1500
600.8900,-1938.1500
601.0100,-452.1500
601.1310,-1855.1500
601.2510,1024.8500
601.3720,-407.1500
601.4920,-1535.1500
601.6130,-1760.1500
601.7330,-1360.1500
601.8540,818.8500
601.9740,813.8500
602.0950,400.8500
602.2150,-1895.1500
602.3360,-1911.1500
602.4560,788.8500
602.5770,-1759.1500
602.6970,3647.8500
602.8170,-60.1500
602.9380,-1156.1500
603.0580,-769.1500
603.1790,-1754.1500
603.2990,-1773.1500
603.4200,-2280.1500
603.5400,-850.1500
603.6600,-1856.1500
603.7810,-680.1500
603.9010,-1613.1500
604.0220,256.8500
604.1420,-752.1500
604.2620,-784.1500
604.3830,-1735.1500
604.5030,136.8500
604.6240,-1577.1500
604.7440,-573.1500
604.8640,-561.1500
604.9850,-1535.1500
605.1050,-639.1500
605.2250,-664.1500
605.3460,-1105.1500
605.4660,-542.1500
605.5860,1117.8500
605.7070,1363.8500
605.8270,-2156.1500
605.9470,-1441.1500
606.0680,-1124.1500
606.1880,-1209.1500
606.3080,-1651.1500
606.4290,-734.1500
606.5490,-1201.1500
606.6690,-1940.1500
606.7890,-1728.1500
606.9100,-655.1500
607.0300,-1716.1500
607.1500,-1450.1500
607.2700,-785.1500
607.3910,-377.1500
607.5110,-1400.1500
607.6310,-1688.1500
607.7510,25.8500
607.8720,-357.1500
607.9920,-1578.1500
608.1120,15.8500
608.2320,-1548.1500
608.3530,-1964.1500
608.4730,-1647.1500
608.5930,391.8500
608.7130,1577.8500
608.8330,-1418.1500
608.9540,-1587.1500
609.0740,-1139.1500
609.1940,-1994.1500
609.3140,763.8500
609.4340,-334.1500
609.5540,-980.1500
609.6750,352.8500
609.7950,-1879.1500
609.9150,-1521.1500
610.0350,1657.8500
610.1550,-1291.1500
610.2750,-1649.1500
610.3950,-249.1500
610.5160,-1998.1500
610.6360,-857.1500
610.7560,-690.1500
610.8760,-260.1500
610.9960,-1597.1500
611.1160,578.8500
611.2360,-2239.1500
611.3560,-1258.1500
611.4760,-1031.1500
611.5960,-739.1500
611.7160,361.8500
611.8360,-1476.1500
611.9570,-1702.1500
612.0770,-1077.1500
612.1970,-630.1500
612.3170,-1585.1500
612.4370,274.8500
612.5570,7.8500
612.6770,-1356.1500
612.7970,-477.1500
612.9170,-2192.1500
613.0370,-620.1500
613.1570,-983.1500
613.2770,-626.1500
613.3970,527.8500
613.5170,370.8500
613.6370,-1869.1500
613.7570,-806.1500
613.8770,-1469.1500
613.9970,-1226.1500
614.1170,-1863.1500
614.2370,-1113.1500
614.3560,-536.1500
614.4760,-87.1500
614.5960,-384.1500
614.7160,-994.1500
614.8360,-1077.1500
614.9560,-321.1500
615.0760,-1101.1500
615.1960,-1680.1500
615.3160,-779.1500
615.4360,-461.1500
615.5560,170.8500
615.6760,1210.8500
615.7950,-544.1500
615.9150,-886.1500
616.0350,-1701.1500
616.1550,-848.1500
616.2750,-1455.1500
616.3950,-1695.1500
616.5150,-465.1500
616.6350,-2310.1500
616.7540,-2229.1500
616.8740,-489.1500
616.9940,-1108.1500
617.1140,1281.8500
617.2340,294.8500
617.3540,-858.1500
617.4730,1116.8500
617.5930,-1144.1500
617.7130,-609.1500
617.8330,-600.1500
617.9530,-982.1500
618.0720,-2429.1500
618.1920,-1624.1500
618.3120,119.8500
618.4320,-579.1500
618.5510,-1656.1500
618.6710,-1544.1500
618.7910,-599.1500
618.9110,-930.1500
619.0300,-980.1500
619.1500,-710.1500
619.2700,-1209.1500
619.3900,-1498.1500
619.5090,-653.1500
619.6290,-1299.1500
619.7490,-1744.1500
619.8680,-977.1500
619.9880,-1739.1500
620.1080,-1249.1500
620.2280,3447.8500
620.3470,-1143.1500
620.4670,-1610.1500
620.5870,-1552.1500
620.7060,14.8500
620.8260,-1954.1500
620.9460,-1606.1500
621.0650,-227.1500
621.1850,1202.8500
621.3050,-1528.1500
621.4240,-1222.1500
621.5440,-2225.1500
621.6630,-1037.1500
621.7830,-1607.1500
621.9030,1206.8500
622.0220,-1975.1500
622.1420,-1139.1500
622.2610,621.8500
622.3810,-796.1500
622.5010,-441.1500
622.6200,-1351.1500
622.7400,-977.1500
622.8590,-923.1500
622.9790,400.8500
623.0990,-1346.1500
623.2180,-748.1500
623.3380,984.8500
623.4570,-319.1500
623.5770,-1703.1500
623.6960,-705.1500
623.8160,-2092.1500
623.9350,-1603.1500
624.0550,-1815.1500
624.1740,-1293.1500
624.2940,-640.1500
624.4130,-1937.1500
624.5330,-1007.1500
624.6520,267.8500
624.7720,-1492.1500
624.8910,-1916.1500
625.0110,-256.1500
625.1300,-1608.1500
625.2500,-1917.1500
625.3690,-1291.1500
625.4890,-1571.1500
625.6080,-1800.1500
625.7280,-926.1500
625.8470,-842.1500
625.9660,-2076.1500
626.0860,-1674.1500
626.2050,-1969.1500
626.3250,-475.1500
626.4440,-883.1500
626.5640,206.8500
626.6830,181.8500
626.8020,-109.1500
626.9220,-294.1500
627.0410,-674.1500
627.1610,-818.1500
627.2800,-227.1500
627.3990,-279.1500
627.5190,-1048.1500
627.6380,-1962.1500
627.7570,-1439.1500
627.8770,-1464.1500
627.9960,-1560.1500
628.1150,-358.1500
628.2350,-311.1500
628.3540,-2089.1500
628.4730,-1063.1500
628.5930,553.8500
628.7120,-802.1500
628.8310,-997.1500
628.9510,-2079.1500
629.0700,527.8500
629.1890,-623.1500
629.3090,-1332.1500
629.4280,349.8500
629.5470,-1783.1500
629.6660,-120.1500
629.7860,-1151.1500
629.9050,-1963.1500
630.0240,-166.1500
630.1430,-348.1500
630.2630,-1167.1500
630.3820,885.8500
630.5010,-900.1500
630.6200,-1196.1500
630.7400,-1935.1500
630.8590,200.8500
630.9780,-1112.1500
631.0970,-1879.1500
631.2160,-2058.1500
631.3360,78.8500
631.4550,-1486.1500
631.5740,-1175.1500
631.6930,-649.1500
631.8120,-1490.1500
631.9320,-2149.1500
632.0510,615.8500
632.1700,1423.8500
632.2890,-469.1500
632.4080,-1101.1500
632.5270,-523.1500
632.6460,-1024.1500
632.7660,-1939.1500
632.8850,1018.8500
633.0040,-1884.1500
633.1230,-1173.1500
633.2420,-1907.1500
633.3610,3520.8500
633.4800,-1563.1500
633.5990,-1746.1500
633.7180,-460.1500
633.8380,-318.1500
633.9570,-2084.1500
634.0760,-818.1500
634.1950,-1559.1500
634.3140,55.8500
634.4330,-150.1500
634.5520,-1751.1500
634.6710,-742.1500
634.7900,1302.8500
634.9090,72.8500
635.0280,-1077.1500
635.1470,-639.1500
635.2660,-1559.1500
635.3850,-517.1500
635.5040,-2077.1500
635.6230,-771.1500
635.7420,-1839.1500
635.8610,-1801.1500
635.9800,-1088.1500
636.0990,-1852.1500
636.2180,-794.1500
636.3370,-582.1500
636.4560,1038.8500
636.5750,-530.1500
636.6940,-638.1500
636.8130,-1742.1500
636.9320,-2026.1500
637.0510,-1215.1500
637.1700,-1870.1500
637.2890,-433.1500
637.4080,-2047.1500
637.5260,-1337.1500
637.6450,-2175.1500
637.7640,-1758.1500
637.8830,-1673.1500
638.0020,-424.1500
638.1210,1948.8500
638.2400,-1740.1500
638.3590,-420.1500
638.4780,-1563.1500
638.5970,-1635.1500
638.7150,2029.8500
638.8340,-1056.1500
638.9530,-473.1500
639.0720,-1863.1500
639.1910,-1954.1500
639.3100,-284.1500
639.4280,-1201.1500
639.5470,-306.1500
639.6660,-285.1500
639.7850,-536.1500
639.9040,-1173.1500
640.0230,-1993.1500
640.1410,-1054.1500
640.2600,-1509.1500
640.3790,-604.1500
640.4980,-1972.1500
640.6160,-583.1500
640.7350,-1202.1500
640.8540,-228.1500
640.9730,-1779.1500
641.0920,32.8500
641.2100,-575.1500
641.3290,-1511.1500
641.4480,86.8500
641.5670,864.8500
641.6850,-1172.1500
641.8040,-1489.1500
641.9230,-734.1500
642.0410,-1589.1500
642.1600,-1368.1500
642.2790,-228.1500
642.3980,-1137.1500
642.5160,-1292.1500
642.6350,270.8500
642.7540,-1568.1500
642.8720,413.8500
642.9910,334.8500
643.1100,-1466.1500
643.2280,-2210.1500
643.3470,-1657.1500
643.4660,-1884.1500
643.5840,0.8500
643.7030,684.8500
643.8210,-463.1500
643.9400,-524.1500
644.0590,-887.1500
644.1770,-140.1500
644.2960,-1717.1500
644.4150,-1186.1500
644.5330,-1128.1500
644.6520,-543.1500
644.7700,-1912.1500
644.8890,-1564.1500
645.0080,-569.1500
645.1260,-1679.1500
645.2450,-153.1500
645.3630,505.8500
645.4820,-755.1500
645.6000,-1278.1500
645.7190,-1403.1500
645.8370,-1062.1500
645.9560,-804.1500
646.0740,-2255.1500
646.1930,-1538.1500
646.3120,140.8500
646.4300,521.8500
646.5490,617.8500
646.6670,-2190.1500
646.7860,-1707.1500
646.9040,-302.1500
647.0230,-647.1500
647.1410,-1671.1500
647.2600,33.8500
647.3780,1662.8500
647.4960,-1540.1500
647.6150,-23.1500
647.7330,-713.1500
647.8520,590.8500
647.9700,-1913.1500
648.0890,40.8500
648.2070,-198.1500
648.3260,111.8500
648.4440,-1180.1500
648.5620,-771.1500
648.6810,-316.1500
648.7990,-1369.1500
648.9180,-1015.1500
649.0360,-546.1500
649.1540,-1203.1500
649.2730,-154.1500
649.3910,-1599.1500
649.5100,-1413.1500
649.6280,-1703.1500
649.7460,465.8500
649.8650,-1815.1500
649.9830,-1545.1500
650.1010,-768.1500
650.2200,-1156.1500
650.3380,-1911.1500
650.4560,-1006.1500
650.5750,-1108.1500
650.6930,-1989.1500
650.8110,-703.1500
650.9300,-1826.1500
651.0480,6004.8500
651.1660,1250.8500
651.2850,-1344.1500
651.4030,-55.1500
651.5210,-659.1500
651.6390,-1382.1500
651.7580,-28.1500
651.8760,1093.8500
651.9940,-1505.1500
652.1120,19.8500
652.2310,-1192.1500
652.3490,-1466.1500
652.4670,-2473.1500
652.5850,-1129.1500
652.7040,-502.1500
652.8220,-1983.1500
652.9400,-1859.1500
653.0580,-561.1500
653.1760,-1629.1500
653.2950,-644.1500
653.4130,110.8500
653.5310,-1528.1500
653.6490,-1267.1500
653.7670,-1401.1500
653.8860,-1446.1500
654.0040,-1815.1500
654.1220,304.8500
654.2400,-2080.1500
654.3580,-1336.1500
654.4760,-1380.1500
654.5940,599.8500
654.7130,-1125.1500
654.8310,-2112.1500
654.9490,-1387.1500
655.0670,-701.1500
655.1850,-1771.1500
655.3030,-1429.1500
655.4210,-1439.1500
655.5390,32.8500
655.6580,-831.1500
655.7760,-1046.1500
655.8940,161.8500
656.0120,277.8500
656.1300,-1786.1500
656.2480,-1048.1500
656.3660,-2025.1500
656.4840,-1642.1500
656.6020,-1702.1500
656.7200,-1532.1500
656.8380,-815.1500
656.9560,-1700.1500
657.0740,25.8500
657.1920,-446.1500
657.3100,-1742.1500
657.4280,-1468.1500
657.5460,-191.1500
657.6640,-760.1500
657.7820,-1322.1500
657.9000,83.8500
658.0180,-1027.1500
658.1360,-665.1500
658.2540,-47.1500
658.3720,-75.1500
658.4900,-1637.1500
658.6080,-1826.1500
658.7260,-595.1500
658.8440,-450.1500
658.9620,-1180.1500
659.0800,-1763.1500
659.1980,-889.1500
659.3160,-1402.1500
