197.2500,-1065.6900
197.3850,-1065.6900
197.5190,-1065.6900
197.6530,-1027.6900
197.7870,106.3100
197.9220,-106.6900
198.0560,45.3100
198.1900,4.3100
198.3240,8.3100
198.4590,-178.6900
198.5930,291.3100
198.7270,-14.6900
198.8610,-99.6900
198.9960,145.3100
199.1300,-175.6900
199.2640,-114.6900
199.3980,-25.6900
199.5330,221.3100
199.6670,95.3100
199.8010,-30.6900
199.9350,-182.6900
200.0700,1.3100
200.2040,0.3100
200.3380,-105.6900
200.4720,-135.6900
200.6060,-251.6900
200.7410,-110.6900
200.8750,-87.6900
201.0090,-94.6900
201.1430,-154.6900
201.2770,71.3100
201.4120,75.3100
201.5460,131.3100
201.6800,131.3100
201.8140,-107.6900
201.9480,40.3100
202.0820,-78.6900
202.2170,-237.6900
202.3510,-80.6900
202.4850,-0.6900
202.6190,-204.6900
202.7530,-240.6900
202.8870,226.3100
203.0210,97.3100
203.1560,138.3100
203.2900,23.3100
203.4240,-38.6900
203.5580,-138.6900
203.6920,-60.6900
203.8260,-203.6900
203.9600,-63.6900
204.0940,111.3100
204.2290,-121.6900
204.3630,-145.6900
204.4970,-229.6900
204.6310,-192.6900
204.7650,-159.6900
204.8990,-123.6900
205.0330,-77.6900
205.1670,-159.6900
205.3010,10.3100
205.4350,-217.6900
205.5690,-51.6900
205.7040,-55.6900
205.8380,-212.6900
205.9720,-79.6900
206.1060,342.3100
206.2400,-136.6900
206.3740,-144.6900
206.5080,19.3100
206.6420,6.3100
206.7760,-87.6900
206.9100,110.3100
207.0440,19.3100
207.1780,98.3100
207.3120,24.3100
207.4460,-88.6900
207.5800,-114.6900
207.7140,-188.6900
207.8480,81.3100
207.9820,-272.6900
208.1160,21.3100
208.2500,-178.6900
208.3840,-123.6900
208.5180,-153.6900
208.6520,-179.6900
208.7860,-168.6900
208.9200,152.3100
209.0540,-42.6900
209.1880,-216.6900
209.3220,-102.6900
209.4560,-84.6900
209.5900,-191.6900
209.7240,-55.6900
209.8580,-28.6900
209.9920,-81.6900
210.1260,-98.6900
210.2600,-126.6900
210.3940,-51.6900
210.5280,-12.6900
210.6620,-153.6900
210.7960,-131.6900
210.9290,104.3100
211.0630,1.3100
211.1970,-62.6900
211.3310,-12.6900
211.4650,-147.6900
211.5990,31.3100
211.7330,68.3100
211.8670,-158.6900
212.0010,-117.6900
212.1350,-15.6900
212.2690,-204.6900
212.4020,-165.6900
212.5360,78.3100
212.6700,-68.6900
212.8040,-199.6900
212.9380,55.3100
213.0720,-149.6900
213.2060,-50.6900
213.3400,-115.6900
213.4730,-113.6900
213.6070,60.3100
213.7410,-178.6900
213.8750,-200.6900
214.0090,-142.6900
214.1430,-116.6900
214.2770,-88.6900
214.4100,-181.6900
214.5440,158.3100
214.6780,95.3100
214.8120,187.3100
214.9460,-171.6900
215.0800,-139.6900
215.2130,-137.6900
215.3470,-44.6900
215.4810,-55.6900
215.6150,-256.6900
215.7490,7.3100
215.8820,-131.6900
216.0160,-208.6900
216.1500,56.3100
216.2840,144.3100
216.4180,7.3100
216.5510,49.3100
216.6850,37.3100
216.8190,-193.6900
216.9530,-101.6900
217.0860,159.3100
217.2200,-117.6900
217.3540,25.3100
217.4880,65.3100
217.6210,60.3100
217.7550,-18.6900
217.8890,-100.6900
218.0230,-19.6900
218.1560,59.3100
218.2900,59.3100
218.4240,136.3100
218.5580,-160.6900
218.6910,-275.6900
218.8250,-92.6900
218.9590,296.3100
219.0920,-91.6900
219.2260,-266.6900
219.3600,-197.6900
219.4940,-20.6900
219.6270,-118.6900
219.7610,-151.6900
219.8950,-102.6900
220.0280,-224.6900
220.1620,420.3100
220.2960,105.3100
220.4290,-44.6900
220.5630,-34.6900
220.6970,-10.6900
220.8300,-178.6900
220.9640,-126.6900
221.0980,-215.6900
221.2310,-183.6900
221.3650,-2.6900
221.4990,-145.6900
221.6320,-155.6900
221.7660,34.3100
221.9000,-114.6900
222.0330,-169.6900
222.1670,37.3100
222.3000,-95.6900
222.4340,-56.6900
222.5680,172.3100
222.7010,-122.6900
222.8350,-79.6900
222.9680,-158.6900
223.1020,-155.6900
223.2360,-184.6900
223.3690,24.3100
223.5030,-20.6900
223.6360,-172.6900
223.7700,-87.6900
223.9040,-7.6900
224.0370,-121.6900
224.1710,52.3100
224.3040,-3.6900
224.4380,-103.6900
224.5710,-69.6900
224.7050,101.3100
224.8390,-18.6900
224.9720,-224.6900
225.1060,-42.6900
225.2390,-49.6900
225.3730,20.3100
225.5060,-15.6900
225.6400,24.3100
225.7730,-95.6900
225.9070,-142.6900
226.0400,-221.6900
226.1740,-86.6900
226.3070,-36.6900
226.4410,-132.6900
226.5750,43.3100
226.7080,83.3100
226.8420,-103.6900
226.9750,-116.6900
227.1090,-130.6900
227.2420,-1.6900
227.3750,44.3100
227.5090,-21.6900
227.6420,-71.6900
227.7760,27.3100
227.9090,35.3100
228.0430,-164.6900
228.1760,142.3100
228.3100,-185.6900
228.4430,222.3100
228.5770,-55.6900
228.7100,-66.6900
228.8440,-15.6900
228.9770,-229.6900
229.1110,-102.6900
229.2440,79.3100
229.3770,-221.6900
229.5110,-28.6900
229.6440,-127.6900
229.7780,-113.6900
229.9110,-146.6900
230.0440,-109.6900
230.1780,-36.6900
230.3110,-152.6900
230.4450,20.3100
230.5780,-142.6900
230.7110,-51.6900
230.8450,259.3100
230.9780,49.3100
231.1120,-150.6900
231.2450,-184.6900
231.3780,-169.6900
231.5120,22.3100
231.6450,-302.6900
231.7790,-247.6900
231.9120,-52.6900
232.0450,44.3100
232.1790,-127.6900
232.3120,-81.6900
232.4450,88.3100
232.5790,169.3100
232.7120,87.3100
232.8450,-128.6900
232.9790,-242.6900
233.1120,43.3100
233.2450,-61.6900
233.3790,-201.6900
233.5120,-4.6900
233.6450,-176.6900
233.7790,-174.6900
233.9120,61.3100
234.0450,-102.6900
234.1790,31.3100
234.3120,-113.6900
234.4450,17.3100
234.5780,-22.6900
234.7120,20.3100
234.8450,30.3100
234.9780,-139.6900
235.1120,-7.6900
235.2450,80.3100
235.3780,-116.6900
235.5110,-42.6900
235.6450,16.3100
235.7780,6.3100
235.9110,-98.6900
236.0440,-201.6900
236.1780,191.3100
236.3110,-191.6900
236.4440,-164.6900
236.5770,-170.6900
236.7110,-19.6900
236.8440,-322.6900
236.9770,-96.6900
237.1100,-140.6900
237.2430,29.3100
237.3770,-214.6900
237.5100,-158.6900
237.6430,685.3100
237.7760,-86.6900
237.9090,-128.6900
238.0430,-5.6900
238.1760,-152.6900
238.3090,-50.6900
238.4420,-242.6900
238.5750,-60.6900
238.7090,309.3100
238.8420,44.3100
238.9750,-26.6900
239.1080,146.3100
239.2410,-199.6900
239.3740,-167.6900
239.5080,-155.6900
239.6410,159.3100
239.7740,219.3100
239.9070,-45.6900
240.0400,-183.6900
240.1730,29.3100
240.3060,132.3100
240.4400,-129.6900
240.5730,109.3100
240.7060,-110.6900
240.8390,20.3100
240.9720,-49.6900
241.1050,-25.6900
241.2380,27.3100
241.3710,-22.6900
241.5040,2.3100
241.6380,-95.6900
241.7710,-19.6900
241.9040,-115.6900
242.0370,12.3100
242.1700,-147.6900
242.3030,-242.6900
242.4360,-70.6900
242.5690,-91.6900
242.7020,-152.6900
242.8350,-117.6900
242.9680,-24.6900
243.1010,-68.6900
243.2340,-154.6900
243.3670,-184.6900
243.5000,-95.6900
243.6340,-138.6900
243.7670,-230.6900
243.9000,-180.6900
244.0330,-167.6900
244.1660,70.3100
244.2990,-244.6900
244.4320,-200.6900
244.5650,12.3100
244.6980,-235.6900
244.8310,-129.6900
244.9640,-174.6900
245.0970,-153.6900
245.2300,24.3100
245.3630,87.3100
245.4960,-185.6900
245.6290,-105.6900
245.7620,297.3100
245.8950,-184.6900
246.0280,-127.6900
246.1610,290.3100
246.2940,35.3100
246.4270,-179.6900
246.5590,66.3100
246.6920,-47.6900
246.8250,-99.6900
246.9580,-193.6900
247.0910,-194.6900
247.2240,-226.6900
247.3570,-131.6900
247.4900,106.3100
247.6230,-120.6900
247.7560,-188.6900
247.8890,176.3100
248.0220,-60.6900
248.1550,-209.6900
248.2880,-60.6900
248.4210,-152.6900
248.5530,59.3100
248.6860,-170.6900
248.8190,24.3100
248.9520,-153.6900
249.0850,127.3100
249.2180,-31.6900
249.3510,-49.6900
249.4840,105.3100
249.6170,-62.6900
249.7490,-184.6900
249.8820,-143.6900
250.0150,-185.6900
250.1480,-119.6900
250.2810,-172.6900
250.4140,-90.6900
250.5470,-112.6900
250.6790,130.3100
250.8120,-72.6900
250.9450,9.3100
251.0780,-192.6900
251.2110,-118.6900
251.3440,-200.6900
251.4760,-102.6900
251.6090,26.3100
251.7420,-190.6900
251.8750,-48.6900
252.0080,-138.6900
252.1400,-234.6900
252.2730,-84.6900
252.4060,110.3100
252.5390,-23.6900
252.6720,-53.6900
252.8040,89.3100
252.9370,-188.6900
253.0700,-54.6900
253.2030,-85.6900
253.3350,64.3100
253.4680,-223.6900
253.6010,-103.6900
253.7340,-53.6900
253.8660,-84.6900
253.9990,292.3100
254.1320,-17.6900
254.2650,-106.6900
254.3970,-142.6900
254.5300,-124.6900
254.6630,27.3100
254.7960,-133.6900
254.9280,-196.6900
255.0610,-179.6900
255.1940,-27.6900
255.3270,-231.6900
255.4590,-35.6900
255.5920,-169.6900
255.7250,140.3100
255.8570,-170.6900
255.9900,25.3100
256.1230,-167.6900
256.2550,-165.6900
256.3880,-11.6900
256.5210,-175.6900
256.6530,-182.6900
256.7860,-154.6900
256.9190,-132.6900
257.0510,-170.6900
257.1840,-37.6900
257.3170,-138.6900
257.4490,-157.6900
257.5820,-44.6900
257.7150,-133.6900
257.8470,-173.6900
257.9800,-62.6900
258.1130,-122.6900
258.2450,-85.6900
258.3780,-237.6900
258.5100,-152.6900
258.6430,-196.6900
258.7760,25.3100
258.9080,-226.6900
259.0410,-35.6900
259.1740,-135.6900
259.3060,-137.6900
259.4390,-242.6900
259.5710,-136.6900
259.7040,-93.6900
259.8370,122.3100
259.9690,-170.6900
260.1020,-167.6900
260.2340,133.3100
260.3670,92.3100
260.4990,-175.6900
260.6320,-73.6900
260.7650,-118.6900
260.8970,-142.6900
261.0300,-115.6900
261.1620,-37.6900
261.2950,-34.6900
261.4270,65.3100
261.5600,-64.6900
261.6920,-196.6900
261.8250,-62.6900
261.9570,64.3100
262.0900,58.3100
262.2220,5.3100
262.3550,-177.6900
262.4870,-72.6900
262.6200,-196.6900
262.7520,-41.6900
262.8850,-116.6900
263.0170,30.3100
263.1500,-139.6900
263.2820,-42.6900
263.4150,-192.6900
263.5470,-7.6900
263.6800,117.3100
263.8120,-227.6900
263.9450,-97.6900
264.0770,-159.6900
264.2100,131.3100
264.3420,-193.6900
264.4750,-150.6900
264.6070,114.3100
264.7400,-249.6900
264.8720,-75.6900
265.0040,95.3100
265.1370,51.3100
265.2690,223.3100
265.4020,-185.6900
265.5340,-109.6900
265.6670,-129.6900
265.7990,46.3100
265.9310,-65.6900
266.0640,2.3100
266.1960,-72.6900
266.3290,-141.6900
266.4610,-129.6900
266.5930,8.3100
266.7260,-236.6900
266.8580,-103.6900
266.9900,-58.6900
267.1230,-107.6900
267.2550,-43.6900
267.3880,-87.6900
267.5200,-181.6900
267.6520,-170.6900
267.7850,77.3100
267.9170,1.3100
268.0490,-96.6900
268.1820,277.3100
268.3140,45.3100
268.4460,-233.6900
268.5790,-137.6900
268.7110,132.3100
268.8430,-172.6900
268.9760,-50.6900
269.1080,293.3100
269.2400,98.3100
269.3730,-8.6900
269.5050,-138.6900
269.6370,-139.6900
269.7700,-155.6900
269.9020,93.3100
270.0340,-192.6900
270.1670,51.3100
270.2990,-5.6900
270.4310,52.3100
270.5630,-115.6900
270.6960,7.3100
270.8280,-51.6900
270.9600,-57.6900
271.0920,11.3100
271.2250,-170.6900
271.3570,-15.6900
271.4890,-126.6900
271.6210,-183.6900
271.7540,370.3100
271.8860,-145.6900
272.0180,-122.6900
272.1500,207.3100
272.2830,-174.6900
272.4150,-108.6900
272.5470,49.3100
272.6790,51.3100
272.8110,-74.6900
272.9440,-81.6900
273.0760,-248.6900
273.2080,-44.6900
273.3400,-54.6900
273.4730,-85.6900
273.6050,52.3100
273.7370,-166.6900
273.8690,0.3100
274.0010,-299.6900
274.1330,-2.6900
274.2660,-142.6900
274.3980,1044.3100
274.5300,40.3100
274.6620,119.3100
274.7940,0.3100
274.9260,47.3100
275.0590,-143.6900
275.1910,-39.6900
275.3230,-141.6900
275.4550,67.3100
275.5870,-164.6900
275.7190,-114.6900
275.8510,-113.6900
275.9830,8.3100
276.1160,20.3100
276.2480,87.3100
276.3800,-210.6900
276.5120,12.3100
276.6440,-138.6900
276.7760,-152.6900
276.9080,-13.6900
277.0400,-82.6900
277.1720,50.3100
277.3040,-109.6900
277.4370,-13.6900
277.5690,-121.6900
277.7010,-163.6900
277.8330,-49.6900
277.9650,-124.6900
278.0970,52.3100
278.2290,-150.6900
278.3610,-116.6900
278.4930,87.3100
278.6250,167.3100
278.7570,-1.6900
278.8890,-175.6900
279.0210,-110.6900
279.1530,321.3100
279.2850,-166.6900
279.4170,417.3100
279.5490,49.3100
279.6810,-63.6900
279.8130,-161.6900
279.9450,2.3100
280.0770,-160.6900
280.2090,796.3100
280.3410,-194.6900
280.4730,-118.6900
280.6050,71.3100
280.7370,2.3100
280.8690,125.3100
281.0010,-33.6900
281.1330,-231.6900
281.2650,12.3100
281.3970,-110.6900
281.5290,205.3100
281.6610,-180.6900
281.7930,-243.6900
281.9250,-172.6900
282.0570,-95.6900
282.1890,-124.6900
282.3210,8.3100
282.4530,41.3100
282.5850,-159.6900
282.7170,101.3100
282.8490,-66.6900
282.9800,-117.6900
283.1120,-154.6900
283.2440,-7.6900
283.3760,-181.6900
283.5080,-281.6900
283.6400,-167.6900
283.7720,71.3100
283.9040,72.3100
284.0360,-210.6900
284.1680,100.3100
284.2990,-9.6900
284.4310,-23.6900
284.5630,-100.6900
284.6950,-106.6900
284.8270,-157.6900
284.9590,-11.6900
285.0910,-181.6900
285.2220,-189.6900
285.3540,-137.6900
285.4860,-75.6900
285.6180,-177.6900
285.7500,-91.6900
285.8820,106.3100
286.0130,37.3100
286.1450,-45.6900
286.2770,28.3100
286.4090,82.3100
286.5410,65.3100
286.6730,-149.6900
286.8040,-141.6900
286.9360,-62.6900
287.0680,-157.6900
287.2000,-164.6900
287.3320,252.3100
287.4630,-219.6900
287.5950,-33.6900
287.7270,248.3100
287.8590,-88.6900
287.9900,-69.6900
288.1220,-119.6900
288.2540,28.3100
288.3860,-110.6900
288.5170,-224.6900
288.6490,-90.6900
288.7810,-1.6900
288.9130,-10.6900
289.0440,-185.6900
289.1760,145.3100
289.3080,-129.6900
289.4400,-258.6900
289.5710,-117.6900
289.7030,-186.6900
289.8350,53.3100
289.9670,-178.6900
290.0980,-225.6900
290.2300,-220.6900
290.3620,96.3100
290.4930,-233.6900
290.6250,-133.6900
290.7570,-117.6900
290.8880,-89.6900
291.0200,-27.6900
291.1520,4.3100
291.2830,-18.6900
291.4150,-88.6900
291.5470,-184.6900
291.6780,-160.6900
291.8100,-17.6900
291.9420,209.3100
292.0730,-17.6900
292.2050,-215.6900
292.3370,63.3100
292.4680,327.3100
292.6000,-104.6900
292.7320,444.3100
292.8630,-176.6900
292.9950,-233.6900
293.1260,26.3100
293.2580,124.3100
293.3900,-154.6900
293.5210,-177.6900
293.6530,-223.6900
293.7850,74.3100
293.9160,-165.6900
294.0480,-13.6900
294.1790,15.3100
294.3110,-168.6900
294.4420,19.3100
294.5740,-182.6900
294.7060,-77.6900
294.8370,43.3100
294.9690,-38.6900
295.1000,-146.6900
295.2320,-174.6900
295.3630,158.3100
295.4950,-93.6900
295.6270,-16.6900
295.7580,72.3100
295.8900,-255.6900
296.0210,10.3100
296.1530,13.3100
296.2840,-41.6900
296.4160,-80.6900
296.5470,-101.6900
296.6790,-44.6900
296.8100,-35.6900
296.9420,-224.6900
297.0730,-185.6900
297.2050,-201.6900
297.3360,-114.6900
297.4680,-153.6900
297.5990,-32.6900
297.7310,-237.6900
297.8620,-87.6900
297.9940,-232.6900
298.1250,-200.6900
298.2570,-65.6900
298.3880,-0.6900
298.5200,13.3100
298.6510,-64.6900
298.7820,219.3100
298.9140,-193.6900
299.0450,-110.6900
299.1770,-213.6900
299.3080,-200.6900
299.4400,16.3100
299.5710,-22.6900
299.7020,-123.6900
299.8340,-110.6900
299.9650,-104.6900
300.0970,-146.6900
300.2280,-25.6900
300.3600,-71.6900
300.4910,-78.6900
300.6220,8.3100
300.7540,-75.6900
300.8850,-152.6900
301.0170,-36.6900
301.1480,-125.6900
301.2790,-233.6900
301.4110,-29.6900
301.5420,-18.6900
301.6730,-22.6900
301.8050,4.3100
301.9360,-150.6900
302.0670,-86.6900
302.1990,-135.6900
302.3300,-171.6900
302.4610,219.3100
302.5930,12.3100
302.7240,-48.6900
302.8550,-196.6900
302.9870,-67.6900
303.1180,-193.6900
303.2490,-242.6900
303.3810,-107.6900
303.5120,-144.6900
303.6430,-163.6900
303.7750,72.3100
303.9060,-174.6900
304.0370,-179.6900
304.1690,-171.6900
304.3000,-119.6900
304.4310,-206.6900
304.5620,-169.6900
304.6940,-129.6900
304.8250,-40.6900
304.9560,79.3100
305.0870,-136.6900
305.2190,13.3100
305.3500,-55.6900
305.4810,-176.6900
305.6120,-8.6900
305.7440,-16.6900
305.8750,-128.6900
306.0060,362.3100
306.1370,-192.6900
306.2690,-67.6900
306.4000,55.3100
306.5310,88.3100
306.6620,-106.6900
306.7940,78.3100
306.9250,-173.6900
307.0560,-183.6900
307.1870,-10.6900
307.3180,-93.6900
307.4500,-106.6900
307.5810,-124.6900
307.7120,-183.6900
307.8430,-78.6900
307.9740,-62.6900
308.1050,81.3100
308.2370,81.3100
308.3680,-226.6900
308.4990,-116.6900
308.6300,24.3100
308.7610,-90.6900
308.8920,-65.6900
309.0240,-66.6900
309.1550,-123.6900
309.2860,-129.6900
309.4170,-207.6900
309.5480,-99.6900
309.6790,-113.6900
309.8100,-287.6900
309.9410,324.3100
310.0730,-59.6900
310.2040,-202.6900
310.3350,-25.6900
310.4660,-125.6900
310.5970,-153.6900
310.7280,-119.6900
310.8590,266.3100
310.9900,116.3100
311.1210,-68.6900
311.2520,-69.6900
311.3830,-181.6900
311.5140,-26.6900
311.6460,-99.6900
311.7770,0.3100
311.9080,-51.6900
312.0390,-102.6900
312.1700,-237.6900
312.3010,-58.6900
312.4320,-140.6900
312.5630,-245.6900
312.6940,-94.6900
312.8250,-107.6900
312.9560,-179.6900
313.0870,24.3100
313.2180,63.3100
313.3490,-92.6900
313.4800,-237.6900
313.6110,-106.6900
313.7420,-54.6900
313.8730,32.3100
314.0040,-44.6900
314.1350,-132.6900
314.2660,-17.6900
314.3970,-93.6900
314.5280,-206.6900
314.6590,-209.6900
314.7900,-156.6900
314.9210,39.3100
315.0520,2.3100
315.1830,-195.6900
315.3140,-204.6900
315.4450,62.3100
315.5760,-33.6900
315.7070,-105.6900
315.8380,-110.6900
315.9680,-3.6900
316.0990,-195.6900
316.2300,-230.6900
316.3610,92.3100
316.4920,-50.6900
316.6230,35.3100
316.7540,140.3100
316.8850,-289.6900
317.0160,-186.6900
317.1470,-254.6900
317.2780,93.3100
317.4080,-199.6900
317.5390,-209.6900
317.6700,-202.6900
317.8010,-38.6900
317.9320,-130.6900
318.0630,-140.6900
318.1940,-114.6900
318.3250,5.3100
318.4550,-239.6900
318.5860,-88.6900
318.7170,-10.6900
318.8480,-238.6900
318.9790,62.3100
319.1100,189.3100
319.2400,32.3100
319.3710,26.3100
319.5020,-70.6900
319.6330,-136.6900
319.7640,-109.6900
319.8950,-194.6900
320.0250,-50.6900
320.1560,-217.6900
320.2870,-319.6900
320.4180,-145.6900
320.5490,-66.6900
320.6790,-228.6900
320.8100,99.3100
320.9410,-249.6900
321.0720,-216.6900
321.2020,-24.6900
321.3330,181.3100
321.4640,-270.6900
321.5950,-174.6900
321.7260,190.3100
321.8560,-237.6900
321.9870,-111.6900
322.1180,-143.6900
322.2490,8.3100
322.3790,-57.6900
322.5100,4.3100
322.6410,-24.6900
322.7710,-189.6900
322.9020,-22.6900
323.0330,-64.6900
323.1640,528.3100
323.2940,-116.6900
323.4250,-132.6900
323.5560,-77.6900
323.6860,-39.6900
323.8170,291.3100
323.9480,54.3100
324.0780,10.3100
324.2090,302.3100
324.3400,220.3100
324.4700,694.3100
324.6010,796.3100
324.7320,1233.3100
324.8620,1402.3100
324.9930,1132.3100
325.1240,601.3100
325.2540,431.3100
325.3850,74.3100
325.5160,384.3100
325.6460,304.3100
325.7770,-79.6900
325.9080,-96.6900
326.0380,50.3100
326.1690,-72.6900
326.2990,-74.6900
326.4300,86.3100
326.5610,-115.6900
326.6910,-121.6900
326.8220,-179.6900
326.9520,-141.6900
327.0830,-29.6900
327.2140,-171.6900
327.3440,-40.6900
327.4750,-2.6900
327.6050,-28.6900
327.7360,-93.6900
327.8670,-184.6900
327.9970,-69.6900
328.1280,-67.6900
328.2580,-242.6900
328.3890,174.3100
328.5190,-193.6900
328.6500,2.3100
328.7800,-188.6900
328.9110,-10.6900
329.0410,87.3100
329.1720,-245.6900
329.3030,-171.6900
329.4330,-124.6900
329.5640,-178.6900
329.6940,-168.6900
329.8250,-156.6900
329.9550,-55.6900
330.0860,312.3100
330.2160,-121.6900
330.3470,-201.6900
330.4770,-93.6900
330.6080,-74.6900
330.7380,-96.6900
330.8680,-228.6900
330.9990,-109.6900
331.1290,111.3100
331.2600,-179.6900
331.3900,-147.6900
331.5210,115.3100
331.6510,65.3100
331.7820,-261.6900
331.9120,-178.6900
332.0430,-180.6900
332.1730,70.3100
332.3030,-249.6900
332.4340,88.3100
332.5640,10.3100
332.6950,-116.6900
332.8250,-252.6900
332.9560,-151.6900
333.0860,-69.6900
333.2160,-174.6900
333.3470,-44.6900
333.4770,-279.6900
333.6080,-77.6900
333.7380,-19.6900
333.8680,-93.6900
333.9990,-32.6900
334.1290,69.3100
334.2590,-59.6900
334.3900,-159.6900
334.5200,27.3100
334.6500,-105.6900
334.7810,96.3100
334.9110,-147.6900
335.0420,-184.6900
335.1720,-34.6900
335.3020,-61.6900
335.4330,156.3100
335.5630,-198.6900
335.6930,32.3100
335.8240,146.3100
335.9540,-272.6900
336.0840,-16.6900
336.2140,-23.6900
336.3450,227.3100
336.4750,43.3100
336.6050,-166.6900
336.7360,194.3100
336.8660,-76.6900
336.9960,-144.6900
337.1260,-193.6900
337.2570,-55.6900
337.3870,-252.6900
337.5170,-206.6900
337.6480,-254.6900
337.7780,92.3100
337.9080,67.3100
338.0380,-10.6900
338.1690,-131.6900
338.2990,178.3100
338.4290,-31.6900
338.5590,-162.6900
338.6900,-162.6900
338.8200,278.3100
338.9500,4.3100
339.0800,-330.6900
339.2100,-176.6900
339.3410,-35.6900
339.4710,31.3100
339.6010,-73.6900
339.7310,-25.6900
339.8610,-120.6900
339.9920,-108.6900
340.1220,-87.6900
340.2520,-188.6900
340.3820,-150.6900
340.5120,-55.6900
340.6420,121.3100
340.7730,-59.6900
340.9030,-199.6900
341.0330,-68.6900
341.1630,-41.6900
341.2930,81.3100
341.4230,-166.6900
341.5540,-187.6900
341.6840,-13.6900
341.8140,-101.6900
341.9440,-99.6900
342.0740,-53.6900
342.2040,-131.6900
342.3340,106.3100
342.4640,-206.6900
342.5950,-129.6900
342.7250,-221.6900
342.8550,-33.6900
342.9850,-101.6900
343.1150,-198.6900
343.2450,-264.6900
343.3750,-1.6900
343.5050,-64.6900
343.6350,1.3100
343.7650,-157.6900
343.8950,-273.6900
344.0250,6.3100
344.1550,-199.6900
344.2860,-120.6900
344.4160,-27.6900
344.5460,88.3100
344.6760,-65.6900
344.8060,96.3100
344.9360,-67.6900
345.0660,131.3100
345.1960,-133.6900
345.3260,-235.6900
345.4560,44.3100
345.5860,-199.6900
345.7160,-208.6900
345.8460,11.3100
345.9760,-276.6900
346.1060,-66.6900
346.2360,49.3100
346.3660,5.3100
346.4960,-157.6900
346.6260,-106.6900
346.7560,-146.6900
346.8860,-188.6900
347.0160,-252.6900
347.1460,-151.6900
347.2760,-186.6900
347.4060,-157.6900
347.5360,-38.6900
347.6660,89.3100
347.7950,-201.6900
347.9250,-110.6900
348.0550,86.3100
348.1850,-123.6900
348.3150,-131.6900
348.4450,50.3100
348.5750,-122.6900
348.7050,-190.6900
348.8350,-171.6900
348.9650,-109.6900
349.0950,-14.6900
349.2250,196.3100
349.3540,-174.6900
349.4840,-139.6900
349.6140,-127.6900
349.7440,-193.6900
349.8740,-165.6900
350.0040,-259.6900
350.1340,-204.6900
350.2640,-259.6900
350.3930,-210.6900
350.5230,69.3100
350.6530,-244.6900
350.7830,20.3100
350.9130,103.3100
351.0430,-188.6900
351.1730,-133.6900
351.3020,3.3100
351.4320,111.3100
351.5620,-74.6900
351.6920,-68.6900
351.8220,-139.6900
351.9510,-250.6900
352.0810,135.3100
352.2110,-81.6900
352.3410,90.3100
352.4710,94.3100
352.6000,-126.6900
352.7300,-150.6900
352.8600,-122.6900
352.9900,-18.6900
353.1200,-43.6900
353.2490,-45.6900
353.3790,-183.6900
353.5090,32.3100
353.6390,-224.6900
353.7680,-64.6900
353.8980,-180.6900
354.0280,-223.6900
354.1580,-129.6900
354.2870,-148.6900
354.4170,-194.6900
354.5470,-183.6900
354.6770,-291.6900
354.8060,-50.6900
354.9360,2.3100
355.0660,-125.6900
355.1950,-54.6900
355.3250,1.3100
355.4550,-173.6900
355.5840,150.3100
355.7140,-202.6900
355.8440,84.3100
355.9740,-24.6900
356.1030,-75.6900
356.2330,-142.6900
356.3630,12.3100
356.4920,-198.6900
356.6220,-211.6900
356.7520,-42.6900
356.8810,-270.6900
357.0110,25.3100
357.1400,71.3100
357.2700,-109.6900
357.4000,24.3100
357.5290,-98.6900
357.6590,76.3100
357.7890,-8.6900
357.9180,-209.6900
358.0480,-235.6900
358.1770,-75.6900
358.3070,-198.6900
358.4370,-64.6900
358.5660,-173.6900
358.6960,48.3100
358.8250,66.3100
358.9550,-238.6900
359.0850,12.3100
359.2140,-306.6900
359.3440,-101.6900
359.4730,-195.6900
359.6030,-99.6900
359.7330,-125.6900
359.8620,-281.6900
359.9920,-2.6900
360.1210,-148.6900
360.2510,7.3100
360.3800,-242.6900
360.5100,50.3100
360.6390,-110.6900
360.7690,-27.6900
360.8980,46.3100
361.0280,26.3100
361.1570,-66.6900
361.2870,-54.6900
361.4160,-194.6900
361.5460,-93.6900
361.6750,-113.6900
361.8050,-128.6900
361.9340,-7.6900
362.0640,-115.6900
362.1930,-121.6900
362.3230,-188.6900
362.4520,60.3100
362.5820,-163.6900
362.7110,-104.6900
362.8410,-13.6900
362.9700,-34.6900
363.1000,-168.6900
363.2290,-222.6900
363.3590,-117.6900
363.4880,-189.6900
363.6170,-60.6900
363.7470,-44.6900
363.8760,-264.6900
364.0060,-80.6900
364.1350,-93.6900
364.2650,-104.6900
364.3940,-138.6900
364.5230,181.3100
364.6530,-186.6900
364.7820,29.3100
364.9120,-180.6900
365.0410,-190.6900
365.1700,-194.6900
365.3000,-64.6900
365.4290,146.3100
365.5580,-134.6900
365.6880,-157.6900
365.8170,-182.6900
365.9470,-30.6900
366.0760,-46.6900
366.2050,-83.6900
366.3350,-249.6900
366.4640,-161.6900
366.5930,83.3100
366.7230,-110.6900
366.8520,-108.6900
366.9810,-58.6900
367.1110,-206.6900
367.2400,-105.6900
367.3690,-111.6900
367.4990,369.3100
367.6280,82.3100
367.7570,-111.6900
367.8860,-54.6900
368.0160,78.3100
368.1450,-92.6900
368.2740,-70.6900
368.4040,-236.6900
368.5330,-77.6900
368.6620,2.3100
368.7910,-160.6900
368.9210,-255.6900
369.0500,114.3100
369.1790,-62.6900
369.3080,201.3100
369.4380,-218.6900
369.5670,-229.6900
369.6960,-138.6900
369.8250,-33.6900
369.9550,-118.6900
370.0840,-21.6900
370.2130,-83.6900
370.3420,-216.6900
370.4720,-215.6900
370.6010,260.3100
370.7300,-7.6900
370.8590,-297.6900
370.9880,-122.6900
371.1180,-202.6900
371.2470,11.3100
371.3760,43.3100
371.5050,-45.6900
371.6340,-22.6900
371.7630,-100.6900
371.8930,-158.6900
372.0220,-113.6900
372.1510,-183.6900
372.2800,-232.6900
372.4090,-284.6900
372.5380,-102.6900
372.6670,-57.6900
372.7970,63.3100
372.9260,-235.6900
373.0550,-34.6900
373.1840,-113.6900
373.3130,-185.6900
373.4420,-24.6900
373.5710,-139.6900
373.7000,-84.6900
373.8300,-61.6900
373.9590,-282.6900
374.0880,-119.6900
374.2170,48.3100
374.3460,-126.6900
374.4750,-285.6900
374.6040,-163.6900
374.7330,188.3100
374.8620,-95.6900
374.9910,-177.6900
375.1200,-59.6900
375.2490,-19.6900
375.3780,-187.6900
375.5080,-232.6900
375.6370,-235.6900
375.7660,70.3100
375.8950,-123.6900
376.0240,102.3100
376.1530,-217.6900
376.2820,-106.6900
376.4110,-189.6900
376.5400,-337.6900
376.6690,-66.6900
376.7980,-129.6900
376.9270,-198.6900
377.0560,40.3100
377.1850,-61.6900
377.3140,49.3100
377.4430,154.3100
377.5720,-187.6900
377.7010,-178.6900
377.8300,81.3100
377.9590,-2.6900
378.0880,1170.3100
378.2170,94.3100
378.3460,-126.6900
378.4740,-296.6900
378.6030,-180.6900
378.7320,-73.6900
378.8610,-139.6900
378.9900,-206.6900
379.1190,-262.6900
379.2480,-72.6900
379.3770,-137.6900
379.5060,-127.6900
379.6350,94.3100
379.7640,-61.6900
379.8930,-169.6900
380.0220,-235.6900
380.1500,-52.6900
380.2790,-210.6900
380.4080,-185.6900
380.5370,-100.6900
380.6660,-6.6900
380.7950,-29.6900
380.9240,-89.6900
381.0530,-225.6900
381.1810,-18.6900
381.3100,538.3100
381.4390,-187.6900
381.5680,-128.6900
381.6970,-162.6900
381.8260,-120.6900
381.9550,-156.6900
382.0830,-75.6900
382.2120,-248.6900
382.3410,30.3100
382.4700,-165.6900
382.5990,-137.6900
382.7270,117.3100
382.8560,-3.6900
382.9850,-7.6900
383.1140,-100.6900
383.2430,-165.6900
383.3710,-78.6900
383.5000,-188.6900
383.6290,-192.6900
383.7580,-186.6900
383.8870,-308.6900
384.0150,-45.6900
384.1440,-236.6900
384.2730,-61.6900
384.4020,-15.6900
384.5300,-173.6900
384.6590,-224.6900
384.7880,-203.6900
384.9170,-172.6900
385.0450,-72.6900
385.1740,-106.6900
385.3030,-294.6900
385.4320,17.3100
385.5600,-89.6900
385.6890,-166.6900
385.8180,-60.6900
385.9460,-10.6900
386.0750,-163.6900
386.2040,-227.6900
386.3320,-83.6900
386.4610,61.3100
386.5900,21.3100
386.7180,-263.6900
386.8470,-137.6900
386.9760,-114.6900
387.1040,-269.6900
387.2330,-227.6900
387.3620,-87.6900
387.4900,-73.6900
387.6190,-209.6900
387.7480,-107.6900
387.8760,121.3100
388.0050,-51.6900
388.1340,100.3100
388.2620,-278.6900
388.3910,-174.6900
388.5200,-7.6900
388.6480,-225.6900
388.7770,37.3100
388.9050,-184.6900
389.0340,-128.6900
389.1630,-135.6900
389.2910,-102.6900
389.4200,13.3100
389.5480,54.3100
389.6770,-67.6900
389.8050,-78.6900
389.9340,-52.6900
390.0630,-218.6900
390.1910,-265.6900
390.3200,-198.6900
390.4480,-118.6900
390.5770,-200.6900
390.7050,-216.6900
390.8340,-98.6900
390.9620,-223.6900
391.0910,-176.6900
391.2200,88.3100
391.3480,72.3100
391.4770,-25.6900
391.6050,-266.6900
391.7340,-120.6900
391.8620,-162.6900
391.9910,-225.6900
392.1190,-217.6900
392.2480,-122.6900
392.3760,-114.6900
392.5050,-169.6900
392.6330,-136.6900
392.7620,227.3100
392.8900,-213.6900
393.0180,26.3100
393.1470,-118.6900
393.2750,-250.6900
393.4040,-219.6900
393.5320,-128.6900
393.6610,-67.6900
393.7890,-39.6900
393.9180,-105.6900
394.0460,-123.6900
394.1740,-122.6900
394.3030,-228.6900
394.4310,-140.6900
394.5600,-3.6900
394.6880,-234.6900
394.8170,-290.6900
394.9450,27.3100
395.0730,18.3100
395.2020,-58.6900
395.3300,-138.6900
395.4590,-131.6900
395.5870,58.3100
395.7150,15.3100
395.8440,-47.6900
395.9720,-308.6900
396.1000,80.3100
396.2290,-198.6900
396.3570,-25.6900
396.4850,-149.6900
396.6140,-158.6900
396.7420,63.3100
396.8700,-80.6900
396.9990,1.3100
397.1270,-227.6900
397.2550,-53.6900
397.3840,67.3100
397.5120,-258.6900
397.6400,-189.6900
397.7690,-108.6900
397.8970,-48.6900
398.0250,-144.6900
398.1540,-58.6900
398.2820,113.3100
398.4100,-54.6900
398.5380,-82.6900
398.6670,-155.6900
398.7950,-150.6900
398.9230,28.3100
399.0520,-151.6900
399.1800,-20.6900
399.3080,-106.6900
399.4360,150.3100
399.5650,-234.6900
399.6930,-69.6900
399.8210,-74.6900
399.9490,-145.6900
400.0780,169.3100
400.2060,-215.6900
400.3340,-222.6900
400.4620,-86.6900
400.5900,-256.6900
400.7190,-148.6900
400.8470,-218.6900
400.9750,-33.6900
401.1030,-195.6900
401.2310,-61.6900
401.3600,-87.6900
401.4880,-23.6900
401.6160,-128.6900
401.7440,-131.6900
401.8720,-198.6900
402.0000,-5.6900
402.1290,-162.6900
402.2570,-223.6900
402.3850,-127.6900
402.5130,-93.6900
402.6410,-136.6900
402.7690,-100.6900
402.8970,-178.6900
403.0260,-218.6900
403.1540,-274.6900
403.2820,-244.6900
403.4100,-145.6900
403.5380,102.3100
403.6660,-243.6900
403.7940,-125.6900
403.9220,-76.6900
404.0500,-71.6900
404.1790,-87.6900
404.3070,-40.6900
404.4350,-226.6900
404.5630,-196.6900
404.6910,-270.6900
404.8190,335.3100
404.9470,-215.6900
405.0750,-184.6900
405.2030,-258.6900
405.3310,-172.6900
405.4590,-198.6900
405.5870,-63.6900
405.7150,-166.6900
405.8430,-152.6900
405.9710,-82.6900
406.0990,115.3100
406.2270,-26.6900
406.3550,-125.6900
406.4830,-296.6900
406.6110,-15.6900
406.7390,-228.6900
406.8670,-237.6900
406.9950,-174.6900
407.1230,-169.6900
407.2510,-295.6900
407.3790,-219.6900
407.5070,-37.6900
407.6350,-67.6900
407.7630,-315.6900
407.8910,-191.6900
408.0190,-22.6900
408.1470,-8.6900
408.2750,113.3100
408.4030,-232.6900
408.5310,-273.6900
408.6590,121.3100
408.7870,-100.6900
408.9150,-161.6900
409.0430,-164.6900
409.1710,68.3100
409.2990,-10.6900
409.4270,47.3100
409.5540,-281.6900
409.6820,190.3100
409.8100,-54.6900
409.9380,-145.6900
410.0660,14.3100
410.1940,-66.6900
410.3220,-208.6900
410.4500,-162.6900
410.5780,-258.6900
410.7050,-192.6900
410.8330,-82.6900
410.9610,48.3100
411.0890,261.3100
411.2170,-137.6900
411.3450,-152.6900
411.4730,-206.6900
411.6000,-48.6900
411.7280,-145.6900
411.8560,-268.6900
411.9840,-258.6900
412.1120,-36.6900
412.2390,-71.6900
412.3670,-158.6900
412.4950,48.3100
412.6230,-189.6900
412.7510,4.3100
412.8780,-267.6900
413.0060,-145.6900
413.1340,60.3100
413.2620,134.3100
413.3900,-71.6900
413.5170,-60.6900
413.6450,21.3100
413.7730,-262.6900
413.9010,123.3100
414.0280,-115.6900
414.1560,-94.6900
414.2840,-218.6900
414.4120,21.3100
414.5390,-146.6900
414.6670,-162.6900
414.7950,-177.6900
414.9230,-322.6900
415.0500,-126.6900
415.1780,-23.6900
415.3060,217.3100
415.4330,-183.6900
415.5610,45.3100
415.6890,20.3100
415.8160,-191.6900
415.9440,101.3100
416.0720,-224.6900
416.2000,-40.6900
416.3270,154.3100
416.4550,-228.6900
416.5830,-166.6900
416.7100,-132.6900
416.8380,106.3100
416.9660,-240.6900
417.0930,-128.6900
417.2210,15.3100
417.3480,-47.6900
417.4760,-266.6900
417.6040,-160.6900
417.7310,-134.6900
417.8590,14.3100
417.9870,-76.6900
418.1140,-208.6900
418.2420,-13.6900
418.3690,-170.6900
418.4970,-249.6900
418.6250,108.3100
418.7520,-104.6900
418.8800,-234.6900
419.0070,75.3100
419.1350,-78.6900
419.2630,-205.6900
419.3900,-40.6900
419.5180,-56.6900
419.6450,-188.6900
419.7730,-189.6900
419.9000,-174.6900
420.0280,412.3100
420.1550,-210.6900
420.2830,13.3100
420.4100,-7.6900
420.5380,-142.6900
420.6660,-107.6900
420.7930,-149.6900
420.9210,-154.6900
421.0480,-45.6900
421.1760,-4.6900
421.3030,-86.6900
421.4310,-220.6900
421.5580,-269.6900
421.6860,28.3100
421.8130,-35.6900
421.9410,-180.6900
422.0680,-71.6900
422.1950,24.3100
422.3230,25.3100
422.4500,-262.6900
422.5780,-91.6900
422.7050,-167.6900
422.8330,-152.6900
422.9600,-194.6900
423.0880,-29.6900
423.2150,250.3100
423.3430,204.3100
423.4700,-57.6900
423.5970,154.3100
423.7250,-63.6900
423.8520,-110.6900
423.9800,-75.6900
424.1070,-268.6900
424.2340,-78.6900
424.3620,-119.6900
424.4890,-194.6900
424.6170,394.3100
424.7440,37.3100
424.8710,-208.6900
424.9990,-79.6900
425.1260,61.3100
425.2530,-43.6900
425.3810,-151.6900
425.5080,-202.6900
425.6360,-16.6900
425.7630,-162.6900
425.8900,-166.6900
426.0180,-259.6900
426.1450,-101.6900
426.2720,-79.6900
426.4000,29.3100
426.5270,76.3100
426.6540,-232.6900
426.7810,-74.6900
426.9090,-73.6900
427.0360,-79.6900
427.1630,-288.6900
427.2910,-218.6900
427.4180,-140.6900
427.5450,-88.6900
427.6730,-256.6900
427.8000,-268.6900
427.9270,-257.6900
428.0540,-54.6900
428.1820,-102.6900
428.3090,-138.6900
428.4360,-170.6900
428.5630,-221.6900
428.6910,-69.6900
428.8180,-163.6900
428.9450,10.3100
429.0720,-233.6900
429.2000,-72.6900
429.3270,-40.6900
429.4540,-11.6900
429.5810,-110.6900
429.7080,-282.6900
429.8360,-194.6900
429.9630,-159.6900
430.0900,-178.6900
430.2170,-155.6900
430.3440,-241.6900
430.4720,-244.6900
430.5990,-26.6900
430.7260,-179.6900
430.8530,-83.6900
430.9800,-63.6900
431.1070,-214.6900
431.2350,-94.6900
431.3620,-19.6900
431.4890,-95.6900
431.6160,177.3100
431.7430,55.3100
431.8700,-241.6900
431.9970,-132.6900
432.1250,-79.6900
432.2520,-348.6900
432.3790,-121.6900
432.5060,-13.6900
432.6330,-176.6900
432.7600,-117.6900
432.8870,48.3100
433.0140,-146.6900
433.1410,-202.6900
433.2680,8.3100
433.3950,-163.6900
433.5230,-91.6900
433.6500,-166.6900
433.7770,-163.6900
433.9040,-144.6900
434.0310,-280.6900
434.1580,-36.6900
434.2850,19.3100
434.4120,-251.6900
434.5390,-123.6900
434.6660,-239.6900
434.7930,-205.6900
434.9200,-204.6900
435.0470,-21.6900
435.1740,-130.6900
435.3010,4.3100
435.4280,159.3100
435.5550,131.3100
435.6820,-64.6900
435.8090,-218.6900
435.9360,42.3100
436.0630,-195.6900
436.1900,88.3100
436.3170,-210.6900
436.4440,-32.6900
436.5710,-191.6900
436.6980,-29.6900
436.8250,57.3100
436.9520,-8.6900
437.0790,-56.6900
437.2060,-6.6900
437.3330,-219.6900
437.4600,-138.6900
437.5870,-127.6900
437.7140,-250.6900
437.8400,-115.6900
437.9670,-257.6900
438.0940,-276.6900
438.2210,34.3100
438.3480,-139.6900
438.4750,5630.3100
438.6020,-252.6900
438.7290,-331.6900
438.8560,-216.6900
438.9830,-223.6900
439.1090,-24.6900
439.2360,20.3100
439.3630,-284.6900
439.4900,-149.6900
439.6170,-125.6900
439.7440,-184.6900
439.8710,280.3100
439.9970,-182.6900
440.1240,-36.6900
440.2510,-75.6900
440.3780,-186.6900
440.5050,-123.6900
440.6320,53.3100
440.7580,104.3100
440.8850,119.3100
441.0120,-199.6900
441.1390,42.3100
441.2660,-225.6900
441.3920,-195.6900
441.5190,-201.6900
441.6460,-249.6900
441.7730,-34.6900
441.9000,121.3100
442.0260,-183.6900
442.1530,-76.6900
442.2800,-51.6900
442.4070,-195.6900
442.5330,5.3100
442.6600,-31.6900
442.7870,-57.6900
442.9140,-210.6900
443.0400,-142.6900
443.1670,-83.6900
443.2940,-58.6900
443.4210,-94.6900
443.5470,-223.6900
443.6740,-123.6900
443.8010,-48.6900
443.9270,18.3100
444.0540,241.3100
444.1810,76.3100
444.3070,47.3100
444.4340,-137.6900
444.5610,-246.6900
444.6880,-249.6900
444.8140,35.3100
444.9410,-178.6900
445.0680,-251.6900
445.1940,181.3100
445.3210,-188.6900
445.4470,104.3100
445.5740,-277.6900
445.7010,-250.6900
445.8270,-146.6900
445.9540,-295.6900
446.0810,-39.6900
446.2070,-194.6900
446.3340,-77.6900
446.4610,-164.6900
446.5870,-310.6900
446.7140,-7.6900
446.8400,59.3100
446.9670,-190.6900
447.0940,-149.6900
447.2200,87.3100
447.3470,-136.6900
447.4730,-225.6900
447.6000,-73.6900
447.7260,-275.6900
447.8530,-59.6900
447.9800,-122.6900
448.1060,-80.6900
448.2330,-117.6900
448.3590,-157.6900
448.4860,-54.6900
448.6120,-152.6900
448.7390,-34.6900
448.8650,51.3100
448.9920,162.3100
449.1180,-179.6900
449.2450,-236.6900
449.3710,-207.6900
449.4980,-100.6900
449.6240,-14.6900
449.7510,-58.6900
449.8770,-154.6900
450.0040,-118.6900
450.1300,-114.6900
450.2570,-208.6900
450.3830,-109.6900
450.5100,-283.6900
450.6360,-174.6900
450.7630,-157.6900
450.8890,-179.6900
451.0160,-344.6900
451.1420,-70.6900
451.2690,-185.6900
451.3950,194.3100
451.5210,-137.6900
451.6480,-198.6900
451.7740,-57.6900
451.9010,-286.6900
452.0270,-144.6900
452.1540,28.3100
452.2800,-100.6900
452.4060,-163.6900
452.5330,-241.6900
452.6590,-232.6900
452.7850,-132.6900
452.9120,-217.6900
453.0380,-242.6900
453.1650,-61.6900
453.2910,70.3100
453.4170,121.3100
453.5440,-270.6900
453.6700,-170.6900
453.7960,48.3100
453.9230,-248.6900
454.0490,-195.6900
454.1750,-198.6900
454.3020,-171.6900
454.4280,-7.6900
454.5540,-76.6900
454.6810,-233.6900
454.8070,-193.6900
454.9330,203.3100
455.0600,-122.6900
455.1860,-199.6900
455.3120,62.3100
455.4390,61.3100
455.5650,-286.6900
455.6910,-110.6900
455.8170,3.3100
455.9440,67.3100
456.0700,-132.6900
456.1960,-24.6900
456.3220,-305.6900
456.4490,-264.6900
456.5750,-149.6900
456.7010,-174.6900
456.8270,-187.6900
456.9540,-239.6900
457.0800,-214.6900
457.2060,-304.6900
457.3320,-129.6900
457.4590,-254.6900
457.5850,-236.6900
457.7110,-192.6900
457.8370,-27.6900
457.9630,-84.6900
458.0900,-214.6900
458.2160,-265.6900
458.3420,-141.6900
458.4680,-113.6900
458.5940,-102.6900
458.7210,-61.6900
458.8470,-80.6900
458.9730,-237.6900
459.0990,-169.6900
459.2250,-176.6900
459.3510,-132.6900
459.4770,-36.6900
459.6040,-237.6900
459.7300,-164.6900
459.8560,-223.6900
459.9820,-86.6900
460.1080,-313.6900
460.2340,-327.6900
460.3600,-136.6900
460.4860,-4.6900
460.6130,-224.6900
460.7390,34.3100
460.8650,-176.6900
460.9910,170.3100
461.1170,73.3100
461.2430,-227.6900
461.3690,-218.6900
461.4950,-157.6900
461.6210,-124.6900
461.7470,-55.6900
461.8730,-37.6900
461.9990,-202.6900
462.1250,-133.6900
462.2520,4.3100
462.3780,-74.6900
462.5040,14.3100
462.6300,-87.6900
462.7560,-245.6900
462.8820,-228.6900
463.0080,-116.6900
463.1340,3.3100
463.2600,-280.6900
463.3860,-151.6900
463.5120,-50.6900
463.6380,-168.6900
463.7640,-269.6900
463.8900,-114.6900
464.0160,42.3100
464.1420,-64.6900
464.2680,-241.6900
464.3940,-160.6900
464.5200,-228.6900
464.6450,-59.6900
464.7710,-18.6900
464.8970,-150.6900
465.0230,-151.6900
465.1490,-95.6900
465.2750,-270.6900
465.4010,-212.6900
465.5270,47.3100
465.6530,-114.6900
465.7790,31.3100
465.9050,-244.6900
466.0310,-66.6900
466.1570,-212.6900
466.2820,-180.6900
466.4080,-174.6900
466.5340,-89.6900
466.6600,-339.6900
466.7860,-167.6900
466.9120,-57.6900
467.0380,-93.6900
467.1640,-171.6900
467.2890,-180.6900
467.4150,-109.6900
467.5410,-95.6900
467.6670,-121.6900
467.7930,-168.6900
467.9190,-50.6900
468.0450,121.3100
468.1700,-211.6900
468.2960,-119.6900
468.4220,-145.6900
468.5480,31.3100
468.6740,-283.6900
468.7990,-217.6900
468.9250,-167.6900
469.0510,-211.6900
469.1770,-296.6900
469.3030,-312.6900
469.4280,-26.6900
469.5540,-187.6900
469.6800,-204.6900
469.8060,-64.6900
469.9310,-94.6900
470.0570,234.3100
470.1830,-365.6900
470.3090,-197.6900
470.4340,130.3100
470.5600,-118.6900
470.6860,-109.6900
470.8120,-137.6900
470.9370,-215.6900
471.0630,-185.6900
471.1890,-66.6900
471.3150,15.3100
471.4400,-92.6900
471.5660,-137.6900
471.6920,45.3100
471.8170,-226.6900
471.9430,-76.6900
472.0690,-26.6900
472.1940,-161.6900
472.3200,-196.6900
472.4460,-15.6900
472.5710,-178.6900
472.6970,-202.6900
472.8230,-108.6900
472.9480,-221.6900
473.0740,-51.6900
473.2000,-153.6900
473.3250,-226.6900
473.4510,-140.6900
473.5770,-132.6900
473.7020,-325.6900
473.8280,-170.6900
473.9530,-268.6900
474.0790,-70.6900
474.2050,-256.6900
474.3300,-259.6900
474.4560,-178.6900
474.5810,119.3100
474.7070,-199.6900
474.8330,-183.6900
474.9580,-39.6900
475.0840,16.3100
475.2090,-189.6900
475.3350,-200.6900
475.4600,-53.6900
475.5860,-127.6900
475.7120,-19.6900
475.8370,-151.6900
475.9630,-132.6900
476.0880,-279.6900
476.2140,-223.6900
476.3390,-201.6900
476.4650,-187.6900
476.5900,-245.6900
476.7160,69.3100
476.8410,-251.6900
476.9670,183.3100
477.0920,-150.6900
477.2180,-100.6900
477.3430,-220.6900
477.4690,165.3100
477.5940,-168.6900
477.7200,-252.6900
477.8450,-72.6900
477.9710,-153.6900
478.0960,-75.6900
478.2220,-151.6900
478.3470,2314.3100
478.4720,18.3100
478.5980,-184.6900
478.7230,-196.6900
478.8490,-5.6900
478.9740,-40.6900
479.1000,-206.6900
479.2250,-109.6900
479.3500,-200.6900
479.4760,-54.6900
479.6010,-230.6900
479.7270,49.3100
479.8520,-223.6900
479.9770,-77.6900
480.1030,-115.6900
480.2280,138.3100
480.3540,-143.6900
480.4790,50.3100
480.6040,-157.6900
480.7300,-193.6900
480.8550,-320.6900
480.9800,33.3100
481.1060,-236.6900
481.2310,-311.6900
481.3560,-221.6900
481.4820,-323.6900
481.6070,-235.6900
481.7320,-359.6900
481.8580,-164.6900
481.9830,-204.6900
482.1080,-177.6900
482.2340,-277.6900
482.3590,-187.6900
482.4840,72.3100
482.6100,-207.6900
482.7350,-114.6900
482.8600,-266.6900
482.9850,-126.6900
483.1110,-117.6900
483.2360,-77.6900
483.3610,-178.6900
483.4860,-224.6900
483.6120,28.3100
483.7370,-329.6900
483.8620,-111.6900
483.9870,-53.6900
484.1130,-282.6900
484.2380,-42.6900
484.3630,-235.6900
484.4880,-178.6900
484.6140,-42.6900
484.7390,-166.6900
484.8640,16.3100
484.9890,331.3100
485.1140,-60.6900
485.2400,-126.6900
485.3650,-192.6900
485.4900,-301.6900
485.6150,-2.6900
485.7400,-153.6900
485.8650,-73.6900
485.9910,-98.6900
486.1160,-41.6900
486.2410,-289.6900
486.3660,-231.6900
486.4910,-35.6900
486.6160,-178.6900
486.7420,-226.6900
486.8670,-140.6900
486.9920,-269.6900
487.1170,-216.6900
487.2420,-241.6900
487.3670,-312.6900
487.4920,-145.6900
487.6170,-16.6900
487.7420,-135.6900
487.8680,-222.6900
487.9930,-19.6900
488.1180,-57.6900
488.2430,-84.6900
488.3680,-199.6900
488.4930,-275.6900
488.6180,-172.6900
488.7430,-178.6900
488.8680,-220.6900
488.9930,-126.6900
489.1180,27.3100
489.2430,-149.6900
489.3680,-200.6900
489.4930,8.3100
489.6180,-134.6900
489.7430,-238.6900
489.8680,-141.6900
489.9930,-151.6900
490.1180,-285.6900
490.2430,270.3100
490.3680,-184.6900
490.4930,-24.6900
490.6180,9.3100
490.7430,-303.6900
490.8680,-102.6900
490.9930,-83.6900
491.1180,-0.6900
491.2430,-219.6900
491.3680,-100.6900
491.4930,-2.6900
491.6180,-85.6900
491.7430,-157.6900
491.8680,-183.6900
491.9930,-165.6900
492.1180,-182.6900
492.2430,-108.6900
492.3680,-40.6900
492.4930,-193.6900
492.6180,119.3100
492.7430,-199.6900
492.8670,27.3100
492.9920,-104.6900
493.1170,-10.6900
493.2420,-209.6900
493.3670,-144.6900
493.4920,14.3100
493.6170,-174.6900
493.7420,35.3100
493.8670,-157.6900
493.9910,-266.6900
494.1160,-119.6900
494.2410,-129.6900
494.3660,-157.6900
494.4910,-70.6900
494.6160,66.3100
494.7400,-212.6900
494.8650,-261.6900
494.9900,-166.6900
495.1150,-130.6900
495.2400,-114.6900
495.3650,-182.6900
495.4890,-146.6900
495.6140,-43.6900
495.7390,-175.6900
495.8640,-148.6900
495.9890,-291.6900
496.1130,-2.6900
496.2380,-81.6900
496.3630,-201.6900
496.4880,-191.6900
496.6120,10.3100
496.7370,-199.6900
496.8620,-143.6900
496.9870,-153.6900
497.1110,-217.6900
497.2360,-226.6900
497.3610,-212.6900
497.4860,72.3100
497.6100,-10.6900
497.7350,-137.6900
497.8600,-39.6900
497.9840,-42.6900
498.1090,-289.6900
498.2340,-238.6900
498.3590,-182.6900
498.4830,-114.6900
498.6080,-83.6900
498.7330,-167.6900
498.8570,-235.6900
498.9820,-115.6900
499.1070,-267.6900
499.2310,-142.6900
499.3560,-167.6900
499.4810,73.3100
499.6050,-342.6900
499.7300,-275.6900
499.8550,6.3100
499.9790,-215.6900
500.1040,-138.6900
500.2280,105.3100
500.3530,-180.6900
500.4780,-230.6900
500.6020,-63.6900
500.7270,51.3100
500.8520,-40.6900
500.9760,-318.6900
501.1010,-159.6900
501.2250,79.3100
501.3500,-234.6900
501.4740,-213.6900
501.5990,-9.6900
501.7240,-153.6900
501.8480,-113.6900
501.9730,79.3100
502.0970,-232.6900
502.2220,-291.6900
502.3460,-55.6900
502.4710,-87.6900
502.5950,-179.6900
502.7200,-271.6900
502.8440,-235.6900
502.9690,-138.6900
503.0940,109.3100
503.2180,-291.6900
503.3430,-192.6900
503.4670,-220.6900
503.5920,-134.6900
503.7160,-195.6900
503.8410,-86.6900
503.9650,107.3100
504.0890,-135.6900
504.2140,-281.6900
504.3380,-159.6900
504.4630,29.3100
504.5870,-46.6900
504.7120,-110.6900
504.8360,-115.6900
504.9610,195.3100
505.0850,89.3100
505.2100,-210.6900
505.3340,-175.6900
505.4580,166.3100
505.5830,-280.6900
505.7070,-77.6900
505.8320,-176.6900
505.9560,-100.6900
506.0800,-210.6900
506.2050,-206.6900
506.3290,81.3100
506.4540,-263.6900
506.5780,-138.6900
506.7020,-214.6900
506.8270,67.3100
506.9510,-31.6900
507.0760,-109.6900
507.2000,-269.6900
507.3240,2.3100
507.4490,72.3100
507.5730,-123.6900
507.6970,-203.6900
507.8220,-113.6900
507.9460,-118.6900
508.0700,-313.6900
508.1950,-169.6900
508.3190,-138.6900
508.4430,-88.6900
508.5670,-309.6900
508.6920,-241.6900
508.8160,-231.6900
508.9400,-100.6900
509.0650,-291.6900
509.1890,-62.6900
509.3130,-50.6900
509.4370,-5.6900
509.5620,-178.6900
509.6860,-96.6900
509.8100,-165.6900
509.9350,-64.6900
510.0590,50.3100
510.1830,-210.6900
510.3070,-278.6900
510.4310,-21.6900
510.5560,-124.6900
510.6800,-202.6900
510.8040,-289.6900
510.9280,-121.6900
511.0530,-291.6900
511.1770,-288.6900
511.3010,-113.6900
511.4250,-164.6900
511.5490,-113.6900
511.6740,-123.6900
511.7980,-111.6900
511.9220,-51.6900
512.0460,116.3100
512.1700,-176.6900
512.2940,-243.6900
512.4190,-64.6900
512.5430,-17.6900
512.6670,-124.6900
512.7910,-230.6900
512.9150,-80.6900
513.0390,-141.6900
513.1630,-78.6900
513.2880,104.3100
513.4120,-176.6900
513.5360,43.3100
513.6600,-210.6900
513.7840,-127.6900
513.9080,-77.6900
514.0320,-98.6900
514.1560,-27.6900
514.2800,10.3100
514.4040,-124.6900
514.5280,-148.6900
514.6530,-74.6900
514.7770,-14.6900
514.9010,-58.6900
515.0250,76.3100
515.1490,-172.6900
515.2730,-53.6900
515.3970,-131.6900
515.5210,-104.6900
515.6450,-180.6900
515.7690,-205.6900
515.8930,-182.6900
516.0170,-195.6900
516.1410,-289.6900
516.2650,-167.6900
516.3890,-181.6900
516.5130,-86.6900
516.6370,-206.6900
516.7610,-333.6900
516.8850,-182.6900
517.0090,-99.6900
517.1330,-76.6900
517.2570,-173.6900
517.3810,-28.6900
517.5050,0.3100
517.6290,67.3100
517.7530,-127.6900
517.8770,-234.6900
518.0010,-141.6900
518.1250,-156.6900
518.2480,-55.6900
518.3720,-99.6900
518.4960,-251.6900
518.6200,-52.6900
518.7440,-161.6900
518.8680,-81.6900
518.9920,-80.6900
519.1160,-231.6900
519.2400,267.3100
519.3640,16.3100
519.4880,-126.6900
519.6110,-290.6900
519.7350,-150.6900
519.8590,-140.6900
519.9830,-10.6900
520.1070,-211.6900
520.2310,1.3100
520.3550,-70.6900
520.4780,-183.6900
520.6020,-232.6900
520.7260,74.3100
520.8500,-132.6900
520.9740,9.3100
521.0980,-212.6900
521.2210,-256.6900
521.3450,53.3100
521.4690,-201.6900
521.5930,-137.6900
521.7170,47.3100
521.8400,-118.6900
521.9640,-197.6900
522.0880,-174.6900
522.2120,-146.6900
522.3350,-283.6900
522.4590,-187.6900
522.5830,137.3100
522.7070,-264.6900
522.8300,-285.6900
522.9540,-240.6900
523.0780,-208.6900
523.2020,-18.6900
523.3250,-164.6900
523.4490,-100.6900
523.5730,-133.6900
523.6970,-195.6900
523.8200,-128.6900
523.9440,-145.6900
524.0680,-143.6900
524.1910,-168.6900
524.3150,-285.6900
524.4390,-115.6900
524.5620,-44.6900
524.6860,-191.6900
524.8100,-225.6900
524.9330,-142.6900
525.0570,-163.6900
525.1810,-85.6900
525.3040,-259.6900
525.4280,97.3100
525.5520,-262.6900
525.6750,-88.6900
525.7990,-195.6900
525.9230,-82.6900
526.0460,-47.6900
526.1700,-317.6900
526.2930,-224.6900
526.4170,-73.6900
526.5410,8.3100
526.6640,-171.6900
526.7880,-159.6900
526.9110,-46.6900
527.0350,-254.6900
527.1590,-173.6900
527.2820,-185.6900
527.4060,-176.6900
527.5290,-39.6900
527.6530,-279.6900
527.7760,-67.6900
527.9000,-181.6900
528.0240,-196.6900
528.1470,-166.6900
528.2710,30.3100
528.3940,29.3100
528.5180,8.3100
528.6410,-287.6900
528.7650,-90.6900
528.8880,-127.6900
529.0120,-83.6900
529.1350,-170.6900
529.2590,57.3100
529.3820,-130.6900
529.5060,-212.6900
529.6290,-55.6900
529.7530,-274.6900
529.8760,76.3100
530.0000,14.3100
530.1230,-113.6900
530.2470,-221.6900
530.3700,-172.6900
530.4930,-114.6900
530.6170,-234.6900
530.7400,3.3100
530.8640,-24.6900
530.9870,-284.6900
531.1110,-62.6900
531.2340,-216.6900
531.3570,26.3100
531.4810,12.3100
531.6040,38.3100
531.7280,-260.6900
531.8510,-56.6900
531.9740,-87.6900
532.0980,-164.6900
532.2210,-197.6900
532.3450,-144.6900
532.4680,-282.6900
532.5910,112.3100
532.7150,-139.6900
532.8380,-177.6900
532.9610,-148.6900
533.0850,-214.6900
533.2080,-90.6900
533.3310,-282.6900
533.4550,-4.6900
533.5780,-145.6900
533.7010,-51.6900
533.8250,66.3100
533.9480,-185.6900
534.0710,-160.6900
534.1950,-52.6900
534.3180,-205.6900
534.4410,-227.6900
534.5640,-46.6900
534.6880,-142.6900
534.8110,8.3100
534.9340,-132.6900
535.0580,-66.6900
535.1810,31.3100
535.3040,-6.6900
535.4270,-209.6900
535.5510,-295.6900
535.6740,-134.6900
535.7970,-23.6900
535.9200,-22.6900
536.0430,-248.6900
536.1670,-244.6900
536.2900,-37.6900
536.4130,-101.6900
536.5360,-234.6900
536.6600,-171.6900
536.7830,-43.6900
536.9060,-112.6900
537.0290,-205.6900
537.1520,-174.6900
537.2750,-133.6900
537.3990,83.3100
537.5220,-301.6900
537.6450,-140.6900
537.7680,-140.6900
537.8910,-99.6900
538.0140,-138.6900
538.1380,-189.6900
538.2610,-163.6900
538.3840,-108.6900
538.5070,-280.6900
538.6300,-156.6900
538.7530,114.3100
538.8760,-57.6900
538.9990,-218.6900
539.1230,-63.6900
539.2460,157.3100
539.3690,175.3100
539.4920,-198.6900
539.6150,-228.6900
539.7380,148.3100
539.8610,-173.6900
539.9840,-124.6900
540.1070,-75.6900
540.2300,-155.6900
540.3530,-232.6900
540.4760,-349.6900
540.5990,-75.6900
540.7220,-241.6900
540.8460,-123.6900
540.9690,-321.6900
541.0920,-108.6900
541.2150,-234.6900
541.3380,-87.6900
541.4610,-230.6900
541.5840,-130.6900
541.7070,-119.6900
541.8300,-216.6900
541.9530,-105.6900
542.0760,-53.6900
542.1990,-116.6900
542.3220,46.3100
542.4450,90.3100
542.5670,-172.6900
542.6900,-76.6900
542.8130,-195.6900
542.9360,-63.6900
543.0590,-99.6900
543.1820,182.3100
543.3050,36.3100
543.4280,-69.6900
543.5510,-134.6900
543.6740,71.3100
543.7970,-59.6900
543.9200,-155.6900
544.0430,220.3100
544.1660,-233.6900
544.2880,-178.6900
544.4110,-56.6900
544.5340,-208.6900
544.6570,-116.6900
544.7800,-176.6900
544.9030,-61.6900
545.0260,-108.6900
545.1490,-217.6900
545.2710,-246.6900
545.3940,-156.6900
545.5170,-283.6900
545.6400,279.3100
545.7630,-142.6900
545.8860,-183.6900
546.0080,-77.6900
546.1310,10.3100
546.2540,-112.6900
546.3770,-283.6900
546.5000,-3.6900
546.6230,-0.6900
546.7450,-228.6900
546.8680,-155.6900
546.9910,57.3100
547.1140,-112.6900
547.2360,-152.6900
547.3590,-220.6900
547.4820,-60.6900
547.6050,-142.6900
547.7280,-175.6900
547.8500,-243.6900
547.9730,-186.6900
548.0960,-101.6900
548.2190,-56.6900
548.3410,-127.6900
548.4640,-225.6900
548.5870,-100.6900
548.7090,-151.6900
548.8320,-109.6900
548.9550,192.3100
549.0780,-19.6900
549.2000,-197.6900
549.3230,-155.6900
549.4460,134.3100
549.5680,-104.6900
549.6910,-71.6900
549.8140,-20.6900
549.9360,-175.6900
550.0590,-122.6900
550.1820,-250.6900
550.3040,-298.6900
550.4270,-114.6900
550.5500,-167.6900
550.6720,-221.6900
550.7950,190.3100
550.9170,-198.6900
551.0400,-111.6900
551.1630,-86.6900
551.2850,21.3100
551.4080,49.3100
551.5310,272.3100
551.6530,-233.6900
551.7760,-81.6900
551.8980,-35.6900
552.0210,-45.6900
552.1430,-148.6900
552.2660,-159.6900
552.3890,-117.6900
552.5110,-225.6900
552.6340,-268.6900
552.7560,-219.6900
552.8790,156.3100
553.0010,42.3100
553.1240,-305.6900
553.2460,-206.6900
553.3690,44.3100
553.4920,-95.6900
553.6140,-18.6900
553.7370,-354.6900
553.8590,-24.6900
553.9820,12.3100
554.1040,-104.6900
554.2270,-235.6900
554.3490,-120.6900
554.4720,-133.6900
554.5940,-332.6900
554.7160,32.3100
554.8390,-24.6900
554.9610,-58.6900
555.0840,-251.6900
555.2060,-84.6900
555.3290,-262.6900
555.4510,-260.6900
555.5740,-74.6900
555.6960,-242.6900
555.8190,-101.6900
555.9410,-101.6900
556.0630,-30.6900
556.1860,-146.6900
556.3080,-69.6900
556.4310,180.3100
556.5530,-41.6900
556.6750,-220.6900
556.7980,-115.6900
556.9200,-14.6900
557.0430,-201.6900
557.1650,-282.6900
557.2870,29.3100
557.4100,-118.6900
557.5320,-106.6900
557.6540,-151.6900
557.7770,35.3100
557.8990,-106.6900
558.0210,-100.6900
558.1440,38.3100
558.2660,72.3100
558.3880,188.3100
558.5110,-199.6900
558.6330,-116.6900
558.7550,-165.6900
558.8780,-180.6900
559.0000,-26.6900
559.1220,-300.6900
559.2440,-148.6900
559.3670,-104.6900
559.4890,-20.6900
559.6110,93.3100
559.7340,-85.6900
559.8560,-77.6900
559.9780,-134.6900
560.1000,-141.6900
560.2230,-112.6900
560.3450,113.3100
560.4670,-267.6900
560.5890,-112.6900
560.7120,-123.6900
560.8340,145.3100
560.9560,-236.6900
561.0780,-157.6900
561.2000,-65.6900
561.3230,55.3100
561.4450,-278.6900
561.5670,-182.6900
561.6890,-215.6900
561.8110,-6.6900
561.9340,-185.6900
562.0560,-147.6900
562.1780,-50.6900
562.3000,-117.6900
562.4220,-45.6900
562.5440,-116.6900
562.6660,43.3100
562.7890,-54.6900
562.9110,-94.6900
563.0330,-38.6900
563.1550,28.3100
563.2770,-159.6900
563.3990,-334.6900
563.5210,-180.6900
563.6430,-197.6900
563.7660,-95.6900
563.8880,0.3100
564.0100,-102.6900
564.1320,-199.6900
564.2540,-252.6900
564.3760,49.3100
564.4980,-98.6900
564.6200,97.3100
564.7420,-78.6900
564.8640,-304.6900
564.9860,-110.6900
565.1080,227.3100
565.2300,-185.6900
565.3520,-42.6900
565.4740,-71.6900
565.5970,147.3100
565.7190,111.3100
565.8410,-260.6900
565.9630,-100.6900
566.0850,-58.6900
566.2070,-100.6900
566.3290,-8.6900
566.4510,-5.6900
566.5730,-148.6900
566.6950,-115.6900
566.8170,113.3100
566.9380,-258.6900
567.0600,-127.6900
567.1820,-81.6900
567.3040,-148.6900
567.4260,-256.6900
567.5480,41.3100
567.6700,-64.6900
567.7920,-151.6900
567.9140,-210.6900
568.0360,-88.6900
568.1580,-91.6900
568.2800,-227.6900
568.4020,-17.6900
568.5240,-121.6900
568.6460,-208.6900
568.7670,-192.6900
568.8890,-6.6900
569.0110,-102.6900
569.1330,-162.6900
569.2550,-295.6900
569.3770,-228.6900
569.4990,-61.6900
569.6210,-147.6900
569.7420,101.3100
569.8640,2.3100
569.9860,202.3100
570.1080,39.3100
570.2300,-275.6900
570.3520,46.3100
570.4730,-44.6900
570.5950,-102.6900
570.7170,-268.6900
570.8390,-145.6900
570.9610,-2.6900
571.0820,-115.6900
571.2040,-222.6900
571.3260,-202.6900
571.4480,25.3100
571.5700,44.3100
571.6910,-97.6900
571.8130,-42.6900
571.9350,56.3100
572.0570,-61.6900
572.1780,-239.6900
572.3000,25.3100
572.4220,121.3100
572.5440,174.3100
572.6650,-186.6900
572.7870,-225.6900
572.9090,74.3100
573.0310,-11.6900
573.1520,-259.6900
573.2740,-44.6900
573.3960,12.3100
573.5170,-3.6900
573.6390,-340.6900
573.7610,-209.6900
573.8820,-73.6900
574.0040,33.3100
574.1260,-235.6900
574.2470,-28.6900
574.3690,-20.6900
574.4910,-79.6900
574.6120,-212.6900
574.7340,-140.6900
574.8560,-76.6900
574.9770,12.3100
575.0990,-135.6900
575.2210,-116.6900
575.3420,-98.6900
575.4640,-74.6900
575.5850,-85.6900
575.7070,-213.6900
575.8290,72.3100
575.9500,10.3100
576.0720,-165.6900
576.1930,-214.6900
576.3150,-119.6900
576.4370,-105.6900
576.5580,-141.6900
576.6800,-152.6900
576.8010,206.3100
576.9230,-203.6900
577.0440,64.3100
577.1660,-284.6900
577.2870,-96.6900
577.4090,-104.6900
577.5310,-154.6900
577.6520,-58.6900
577.7740,-277.6900
577.8950,-94.6900
578.0170,-237.6900
578.1380,-225.6900
578.2600,-111.6900
578.3810,3.3100
578.5030,-192.6900
578.6240,-183.6900
578.7460,-228.6900
578.8670,-129.6900
578.9880,-89.6900
579.1100,87.3100
579.2310,-19.6900
579.3530,-134.6900
579.4740,-145.6900
579.5960,-173.6900
579.7170,-107.6900
579.8390,-64.6900
579.9600,-362.6900
580.0810,-44.6900
580.2030,-101.6900
580.3240,-46.6900
580.4460,-37.6900
580.5670,-138.6900
580.6880,172.3100
580.8100,-193.6900
580.9310,-146.6900
581.0530,-255.6900
581.1740,-94.6900
581.2950,-142.6900
581.4170,-42.6900
581.5380,-32.6900
581.6590,-14.6900
581.7810,-81.6900
581.9020,-214.6900
582.0240,-242.6900
582.1450,-230.6900
582.2660,-169.6900
582.3880,-167.6900
582.5090,-248.6900
582.6300,-62.6900
582.7510,-138.6900
582.8730,-199.6900
582.9940,-169.6900
583.1150,-95.6900
583.2370,-23.6900
583.3580,-200.6900
583.4790,-302.6900
583.6000,32.3100
583.7220,-85.6900
583.8430,-225.6900
583.9640,46.3100
584.0860,-155.6900
584.2070,-22.6900
584.3280,-244.6900
584.4490,-74.6900
584.5700,-40.6900
584.6920,-59.6900
584.8130,582.3100
584.9340,-99.6900
585.0550,-171.6900
585.1770,27.3100
585.2980,-70.6900
585.4190,-259.6900
585.5400,173.3100
585.6610,-24.6900
585.7830,-112.6900
585.9040,-196.6900
586.0250,79.3100
586.1460,-183.6900
586.2670,-183.6900
586.3880,-108.6900
586.5100,199.3100
586.6310,-203.6900
586.7520,-255.6900
586.8730,-170.6900
586.9940,-233.6900
587.1150,-209.6900
587.2360,-199.6900
587.3570,-303.6900
587.4790,-179.6900
587.6000,17.3100
587.7210,-175.6900
587.8420,-214.6900
587.9630,128.3100
588.0840,81.3100
588.2050,-219.6900
588.3260,-177.6900
588.4470,-82.6900
588.5680,-108.6900
588.6890,-76.6900
588.8100,-67.6900
588.9310,-113.6900
589.0520,-137.6900
589.1740,-205.6900
589.2950,-63.6900
589.4160,-46.6900
589.5370,49.3100
589.6580,-180.6900
589.7790,-258.6900
589.9000,59.3100
590.0210,-125.6900
590.1420,-183.6900
590.2630,-286.6900
590.3840,-94.6900
590.5050,163.3100
590.6260,-213.6900
590.7470,-110.6900
590.8670,-14.6900
590.9880,-8.6900
591.1090,-150.6900
591.2300,21.3100
591.3510,30.3100
591.4720,-48.6900
591.5930,-185.6900
591.7140,-77.6900
591.8350,-140.6900
591.9560,-113.6900
592.0770,-293.6900
592.1980,-125.6900
592.3190,-31.6900
592.4400,25.3100
592.5600,-167.6900
592.6810,-263.6900
592.8020,-43.6900
592.9230,-85.6900
593.0440,-221.6900
593.1650,-255.6900
593.2860,-5.6900
593.4070,-151.6900
593.5270,-9.6900
593.6480,-234.6900
593.7690,-17.6900
593.8900,71.3100
594.0110,-111.6900
594.1320,-201.6900
594.2520,-89.6900
594.3730,-193.6900
594.4940,-308.6900
594.6150,-140.6900
594.7360,-107.6900
594.8560,53.3100
594.9770,-250.6900
595.0980,-64.6900
595.2190,-183.6900
595.3400,-27.6900
595.4600,-280.6900
595.5810,125.3100
595.7020,-76.6900
595.8230,-230.6900
595.9430,-99.6900
596.0640,-143.6900
596.1850,120.3100
596.3060,-252.6900
596.4260,-206.6900
596.5470,-267.6900
596.6680,-34.6900
596.7880,-43.6900
596.9090,-98.6900
597.0300,-84.6900
597.1510,-73.6900
597.2710,-155.6900
597.3920,-137.6900
597.5130,-84.6900
597.6330,31.3100
597.7540,-59.6900
597.8750,-150.6900
597.9950,83.3100
598.1160,-52.6900
598.2370,-126.6900
598.3570,-200.6900
598.4780,-202.6900
598.5990,149.3100
598.7190,-84.6900
598.8400,-227.6900
598.9600,-205.6900
599.0810,-65.6900
599.2020,-112.6900
599.3220,-220.6900
599.4430,-239.6900
599.5630,-5.6900
599.6840,71.3100
599.8050,-205.6900
599.9250,-273.6900
600.0460,161.3100
600.1660,-112.6900
600.2870,-91.6900
600.4070,-104.6900
600.5280,40.3100
600.6490,-15.6900
600.7690,-126.6900
600.8900,-283.6900
601.0100,-14.6900
601.1310,-134.6900
601.2510,75.3100
601.3720,-90.6900
601.4920,-154.6900
601.6130,-178.6900
601.7330,-181.6900
601.8540,181.3100
601.9740,280.3100
602.0950,114.3100
602.2150,-220.6900
602.3360,-255.6900
602.4560,173.3100
602.5770,-139.6900
602.6970,470.3100
602.8170,-15.6900
602.9380,-82.6900
603.0580,4.3100
603.1790,-243.6900
603.2990,-222.6900
603.4200,-232.6900
603.5400,-24.6900
603.6600,-262.6900
603.7810,-101.6900
603.9010,-143.6900
604.0220,120.3100
604.1420,-145.6900
604.2620,-91.6900
604.3830,-160.6900
604.5030,67.3100
604.6240,-220.6900
604.7440,-82.6900
604.8640,-10.6900
604.9850,-125.6900
605.1050,-70.6900
605.2250,-85.6900
605.3460,-82.6900
605.4660,56.3100
605.5860,106.3100
605.7070,215.3100
605.8270,-196.6900
605.9470,-113.6900
606.0680,-138.6900
606.1880,-129.6900
606.3080,-150.6900
606.4290,78.3100
606.5490,-167.6900
606.6690,-253.6900
606.7890,-174.6900
606.9100,1.3100
607.0300,-214.6900
607.1500,-194.6900
607.2700,-39.6900
607.3910,51.3100
607.5110,-188.6900
607.6310,-209.6900
607.7510,136.3100
607.8720,-16.6900
607.9920,-242.6900
608.1120,8.3100
608.2320,-167.6900
608.3530,-212.6900
608.4730,-164.6900
608.5930,66.3100
608.7130,256.3100
608.8330,-70.6900
608.9540,-183.6900
609.0740,-156.6900
609.1940,-194.6900
609.3140,163.3100
609.4340,-37.6900
609.5540,-125.6900
609.6750,131.3100
609.7950,-134.6900
609.9150,-236.6900
610.0350,187.3100
610.1550,-102.6900
610.2750,-125.6900
610.3950,-5.6900
610.5160,-248.6900
610.6360,-74.6900
610.7560,-25.6900
610.8760,-38.6900
610.9960,-236.6900
611.1160,122.3100
611.2360,-214.6900
611.3560,-221.6900
611.4760,-143.6900
611.5960,-65.6900
611.7160,75.3100
611.8360,-256.6900
611.9570,-255.6900
612.0770,-77.6900
612.1970,-34.6900
612.3170,-219.6900
612.4370,34.3100
612.5570,58.3100
612.6770,-126.6900
612.7970,-100.6900
612.9170,-228.6900
613.0370,-0.6900
613.1570,-54.6900
613.2770,-98.6900
613.3970,75.3100
613.5170,117.3100
613.6370,-108.6900
613.7570,-135.6900
613.8770,-178.6900
613.9970,8.3100
614.1170,-148.6900
614.2370,-151.6900
614.3560,-90.6900
614.4760,41.3100
614.5960,42.3100
614.7160,-150.6900
614.8360,-133.6900
614.9560,-11.6900
615.0760,-64.6900
615.1960,-275.6900
615.3160,-120.6900
615.4360,5.3100
615.5560,132.3100
615.6760,122.3100
615.7950,-69.6900
615.9150,-71.6900
616.0350,-135.6900
616.1550,-140.6900
616.2750,-233.6900
616.3950,-116.6900
616.5150,18.3100
616.6350,-296.6900
616.7540,-316.6900
616.8740,5.3100
616.9940,-44.6900
617.1140,153.3100
617.2340,3.3100
617.3540,-9.6900
617.4730,291.3100
617.5930,-185.6900
617.7130,-109.6900
617.8330,-15.6900
617.9530,0.3100
618.0720,-352.6900
618.1920,-195.6900
618.3120,88.3100
618.4320,95.3100
618.5510,-216.6900
618.6710,-186.6900
618.7910,24.3100
618.9110,-35.6900
619.0300,-135.6900
619.1500,-101.6900
619.2700,-94.6900
619.3900,-135.6900
619.5090,-141.6900
619.6290,-140.6900
619.7490,-177.6900
619.8680,-28.6900
619.9880,-287.6900
620.1080,-170.6900
620.2280,577.3100
620.3470,-22.6900
620.4670,-217.6900
620.5870,-211.6900
620.7060,66.3100
620.8260,-143.6900
620.9460,-207.6900
621.0650,2.3100
621.1850,232.3100
621.3050,-119.6900
621.4240,-145.6900
621.5440,-306.6900
621.6630,5.3100
621.7830,-90.6900
621.9030,143.3100
622.0220,-247.6900
622.1420,-70.6900
622.2610,138.3100
622.3810,-97.6900
622.5010,-33.6900
622.6200,-124.6900
622.7400,-42.6900
622.8590,-148.6900
622.9790,59.3100
623.0990,-107.6900
623.2180,-6.6900
623.3380,62.3100
623.4570,-66.6900
623.5770,-126.6900
623.6960,-66.6900
623.8160,-289.6900
623.9350,-179.6900
624.0550,-145.6900
624.1740,-55.6900
624.2940,-131.6900
624.4130,-272.6900
624.5330,-8.6900
624.6520,114.3100
624.7720,-194.6900
624.8910,-287.6900
625.0110,28.3100
625.1300,-103.6900
625.2500,-264.6900
625.3690,-199.6900
625.4890,-86.6900
625.6080,-173.6900
625.7280,-116.6900
625.8470,-128.6900
625.9660,-171.6900
626.0860,-155.6900
626.2050,-240.6900
626.3250,-85.6900
626.4440,-48.6900
626.5640,135.3100
626.6830,-21.6900
626.8020,-16.6900
626.9220,115.3100
627.0410,29.3100
627.1610,-137.6900
627.2800,14.3100
627.3990,27.3100
627.5190,-29.6900
627.6380,-310.6900
627.7570,-228.6900
627.8770,-74.6900
627.9960,-65.6900
628.1150,-38.6900
628.2350,-17.6900
628.3540,-212.6900
628.4730,-62.6900
628.5930,57.3100
628.7120,-98.6900
628.8310,-64.6900
628.9510,-219.6900
629.0700,35.3100
629.1890,-80.6900
629.3090,-68.6900
629.4280,176.3100
629.5470,-275.6900
629.6660,-52.6900
629.7860,-50.6900
629.9050,-184.6900
630.0240,-9.6900
630.1430,-66.6900
630.2630,-56.6900
630.3820,224.3100
630.5010,-159.6900
630.6200,-166.6900
630.7400,-188.6900
630.8590,103.3100
630.9780,-162.6900
631.0970,-254.6900
631.2160,-183.6900
631.3360,173.3100
631.4550,-221.6900
631.5740,-139.6900
631.6930,-0.6900
631.8120,-88.6900
631.9320,-293.6900
632.0510,53.3100
632.1700,232.3100
632.2890,50.3100
632.4080,-191.6900
632.5270,-123.6900
632.6460,-45.6900
632.7660,-114.6900
632.8850,97.3100
633.0040,-267.6900
633.1230,-55.6900
633.2420,-113.6900
633.3610,443.3100
633.4800,-189.6900
633.5990,-153.6900
633.7180,80.3100
633.8380,-86.6900
633.9570,-252.6900
634.0760,-16.6900
634.1950,-94.6900
634.3140,-37.6900
634.4330,-31.6900
634.5520,-111.6900
634.6710,-42.6900
634.7900,131.3100
634.9090,32.3100
635.0280,-75.6900
635.1470,7.3100
635.2660,-218.6900
635.3850,-53.6900
635.5040,-183.6900
635.6230,25.3100
635.7420,-255.6900
635.8610,-267.6900
635.9800,-25.6900
636.0990,-105.6900
636.2180,-124.6900
636.3370,-111.6900
636.4560,233.3100
636.5750,39.3100
636.6940,-130.6900
636.8130,-252.6900
636.9320,-195.6900
637.0510,-66.6900
637.1700,-293.6900
637.2890,-100.6900
637.4080,-201.6900
637.5260,-31.6900
637.6450,-340.6900
637.7640,-275.6900
637.8830,-118.6900
638.0020,73.3100
638.1210,233.3100
638.2400,-204.6900
638.3590,56.3100
638.4780,-115.6900
638.5970,-238.6900
638.7150,249.3100
638.8340,-67.6900
638.9530,51.3100
639.0720,-229.6900
639.1910,-270.6900
639.3100,65.3100
639.4280,-46.6900
639.5470,-77.6900
639.6660,-0.6900
639.7850,-19.6900
639.9040,-34.6900
640.0230,-271.6900
640.1410,-160.6900
640.2600,-78.6900
640.3790,48.3100
640.4980,-294.6900
640.6160,-96.6900
640.7350,-73.6900
640.8540,114.3100
640.9730,-249.6900
641.0920,-54.6900
641.2100,-22.6900
641.3290,-59.6900
641.4480,-34.6900
641.5670,137.3100
641.6850,-71.6900
641.8040,-64.6900
641.9230,-110.6900
642.0410,-197.6900
642.1600,-69.6900
642.2790,103.3100
642.3980,-178.6900
642.5160,-222.6900
642.6350,113.3100
642.7540,-61.6900
642.8720,19.3100
642.9910,34.3100
643.1100,-149.6900
643.2280,-151.6900
643.3470,-293.6900
643.4660,-275.6900
643.5840,28.3100
643.7030,208.3100
643.8210,-107.6900
643.9400,-84.6900
644.0590,30.3100
644.1770,92.3100
644.2960,-247.6900
644.4150,-173.6900
644.5330,-27.6900
644.6520,45.3100
644.7700,-298.6900
644.8890,-267.6900
645.0080,62.3100
645.1260,-153.6900
645.2450,-22.6900
645.3630,4.3100
645.4820,-4.6900
645.6000,-45.6900
645.7190,-194.6900
645.8370,-136.6900
645.9560,5.3100
646.0740,-163.6900
646.1930,-191.6900
646.3120,-10.6900
646.4300,106.3100
646.5490,224.3100
646.6670,-329.6900
646.7860,-237.6900
646.9040,89.3100
647.0230,42.3100
647.1410,-242.6900
647.2600,-16.6900
647.3780,321.3100
647.4960,-45.6900
647.6150,-93.6900
647.7330,-57.6900
647.8520,179.3100
647.9700,-74.6900
648.0890,38.3100
648.2070,11.3100
648.3260,127.3100
648.4440,-54.6900
648.5620,-112.6900
648.6810,-40.6900
648.7990,3.3100
648.9180,64.3100
649.0360,-3.6900
649.1540,-0.6900
649.2730,372.3100
649.3910,534.3100
649.5100,1371.3100
649.6280,3214.3100
649.7460,5827.3100
649.8650,7113.3100
649.9830,8237.3100
650.1010,9323.3100
650.2200,10250.3100
650.3380,10532.3100
650.4560,9894.3100
650.5750,8087.3100
650.6930,5253.3100
650.8110,3085.3100
650.9300,1342.3100
651.0480,1577.3100
651.1660,703.3100
651.2850,225.3100
651.4030,159.3100
651.5210,50.3100
651.6390,76.3100
651.7580,185.3100
651.8760,175.3100
651.9940,-169.6900
652.1120,177.3100
652.2310,-0.6900
652.3490,-172.6900
652.4670,-325.6900
652.5850,15.3100
652.7040,75.3100
652.8220,-285.6900
652.9400,-259.6900
653.0580,4.3100
653.1760,-126.6900
653.2950,-105.6900
653.4130,-11.6900
653.5310,-118.6900
653.6490,-47.6900
653.7670,-259.6900
653.8860,-257.6900
654.0040,-108.6900
654.1220,132.3100
654.2400,-298.6900
654.3580,-248.6900
654.4760,-38.6900
654.5940,182.3100
654.7130,-157.6900
654.8310,-312.6900
654.9490,-72.6900
655.0670,2.3100
655.1850,-256.6900
655.3030,-168.6900
655.4210,-61.6900
655.5390,143.3100
655.6580,-122.6900
655.7760,-150.6900
655.8940,36.3100
656.0120,185.3100
656.1300,-308.6900
656.2480,-159.6900
656.3660,-131.6900
656.4840,-52.6900
656.6020,-239.6900
656.7200,-232.6900
656.8380,-0.6900
656.9560,-67.6900
657.0740,-62.6900
657.1920,-80.6900
657.3100,-149.6900
657.4280,-55.6900
657.5460,-140.6900
657.6640,-100.6900
657.7820,-29.6900
657.9000,104.3100
658.0180,-182.6900
658.1360,-132.6900
658.2540,66.3100
658.3720,119.3100
658.4900,-249.6900
658.6080,-246.6900
658.7260,57.3100
658.8440,54.3100
658.9620,-215.6900
659.0800,-285.6900
659.1980,8.3100
659.3160,-12.6900
