197.2500,-1216.4600
197.3850,-1216.4600
197.5190,-1216.4600
197.6530,-1226.4600
197.7870,190.5400
197.9220,-144.4600
198.0560,57.5400
198.1900,-5.4600
198.3240,29.5400
198.4590,-210.4600
198.5930,414.5400
198.7270,-26.4600
198.8610,-91.4600
198.9960,211.5400
199.1300,-265.4600
199.2640,-186.4600
199.3980,-51.4600
199.5330,268.5400
199.6670,132.5400
199.8010,-70.4600
199.9350,-250.4600
200.0700,-11.4600
200.2040,1.5400
200.3380,-170.4600
200.4720,-192.4600
200.6060,-328.4600
200.7410,-151.4600
200.8750,-121.4600
201.0090,-111.4600
201.1430,-223.4600
201.2770,106.5400
201.4120,118.5400
201.5460,285.5400
201.6800,187.5400
201.8140,-151.4600
201.9480,71.5400
202.0820,-98.4600
202.2170,-319.4600
202.3510,-80.4600
202.4850,-28.4600
202.6190,-237.4600
202.7530,-345.4600
202.8870,313.5400
203.0210,109.5400
203.1560,251.5400
203.2900,40.5400
203.4240,-13.4600
203.5580,-160.4600
203.6920,-85.4600
203.8260,-285.4600
203.9600,-111.4600
204.0940,160.5400
204.2290,-167.4600
204.3630,-214.4600
204.4970,-305.4600
204.6310,-277.4600
204.7650,-215.4600
204.8990,-148.4600
205.0330,-150.4600
205.1670,-249.4600
205.3010,28.5400
205.4350,-335.4600
205.5690,-90.4600
205.7040,-49.4600
205.8380,-301.4600
205.9720,-125.4600
206.1060,509.5400
206.2400,-171.4600
206.3740,-213.4600
206.5080,9.5400
206.6420,44.5400
206.7760,-93.4600
206.9100,176.5400
207.0440,10.5400
207.1780,97.5400
207.3120,-4.4600
207.4460,-138.4600
207.5800,-189.4600
207.7140,-268.4600
207.8480,139.5400
207.9820,-359.4600
208.1160,24.5400
208.2500,-232.4600
208.3840,-137.4600
208.5180,-178.4600
208.6520,-243.4600
208.7860,-268.4600
208.9200,236.5400
209.0540,-58.4600
209.1880,-260.4600
209.3220,-162.4600
209.4560,-112.4600
209.5900,-256.4600
209.7240,-83.4600
209.8580,-49.4600
209.9920,-93.4600
210.1260,-173.4600
210.2600,-167.4600
210.3940,-77.4600
210.5280,-25.4600
210.6620,-203.4600
210.7960,-147.4600
210.9290,141.5400
211.0630,4.5400
211.1970,-64.4600
211.3310,-39.4600
211.4650,-194.4600
211.5990,89.5400
211.7330,119.5400
211.8670,-191.4600
212.0010,-175.4600
212.1350,-30.4600
212.2690,-238.4600
212.4020,-214.4600
212.5360,86.5400
212.6700,-149.4600
212.8040,-254.4600
212.9380,70.5400
213.0720,-213.4600
213.2060,-64.4600
213.3400,-160.4600
213.4730,-158.4600
213.6070,118.5400
213.7410,-289.4600
213.8750,-285.4600
214.0090,-249.4600
214.1430,-171.4600
214.2770,-126.4600
214.4100,-243.4600
214.5440,229.5400
214.6780,109.5400
214.8120,258.5400
214.9460,-264.4600
215.0800,-190.4600
215.2130,-205.4600
215.3470,-129.4600
215.4810,-84.4600
215.6150,-342.4600
215.7490,-10.4600
215.8820,-219.4600
216.0160,-301.4600
216.1500,65.5400
216.2840,194.5400
216.4180,2.5400
216.5510,97.5400
216.6850,25.5400
216.8190,-283.4600
216.9530,-174.4600
217.0860,258.5400
217.2200,-186.4600
217.3540,-5.4600
217.4880,86.5400
217.6210,93.5400
217.7550,-46.4600
217.8890,-124.4600
218.0230,-62.4600
218.1560,99.5400
218.2900,91.5400
218.4240,201.5400
218.5580,-251.4600
218.6910,-387.4600
218.8250,-140.4600
218.9590,403.5400
219.0920,-113.4600
219.2260,-321.4600
219.3600,-308.4600
219.4940,-50.4600
219.6270,-191.4600
219.7610,-214.4600
219.8950,-107.4600
220.0280,-297.4600
220.1620,499.5400
220.2960,134.5400
220.4290,-22.4600
220.5630,-50.4600
220.6970,-22.4600
220.8300,-208.4600
220.9640,-141.4600
221.0980,-277.4600
221.2310,-283.4600
221.3650,43.5400
221.4990,-220.4600
221.6320,-229.4600
221.7660,36.5400
221.9000,-98.4600
222.0330,84.5400
222.1670,87.5400
222.3000,-191.4600
222.4340,-14.4600
222.5680,234.5400
222.7010,-177.4600
222.8350,-141.4600
222.9680,-240.4600
223.1020,-227.4600
223.2360,-274.4600
223.3690,13.5400
223.5030,-2.4600
223.6360,-254.4600
223.7700,-170.4600
223.9040,-8.4600
224.0370,-171.4600
224.1710,65.5400
224.3040,4.5400
224.4380,-182.4600
224.5710,-100.4600
224.7050,153.5400
224.8390,-33.4600
224.9720,-329.4600
225.1060,-14.4600
225.2390,-82.4600
225.3730,77.5400
225.5060,-85.4600
225.6400,68.5400
225.7730,-133.4600
225.9070,-187.4600
226.0400,-332.4600
226.1740,-106.4600
226.3070,-56.4600
226.4410,-125.4600
226.5750,15.5400
226.7080,189.5400
226.8420,-100.4600
226.9750,-150.4600
227.1090,-213.4600
227.2420,21.5400
227.3750,30.5400
227.5090,-35.4600
227.6420,-153.4600
227.7760,39.5400
227.9090,54.5400
228.0430,-222.4600
228.1760,210.5400
228.3100,-261.4600
228.4430,309.5400
228.5770,-67.4600
228.7100,-130.4600
228.8440,-1.4600
228.9770,-262.4600
229.1110,-163.4600
229.2440,60.5400
229.3770,-327.4600
229.5110,-22.4600
229.6440,-202.4600
229.7780,-167.4600
229.9110,-210.4600
230.0440,-114.4600
230.1780,-43.4600
230.3110,-212.4600
230.4450,60.5400
230.5780,-223.4600
230.7110,-107.4600
230.8450,295.5400
230.9780,37.5400
231.1120,-259.4600
231.2450,-254.4600
231.3780,-230.4600
231.5120,48.5400
231.6450,-380.4600
231.7790,-306.4600
231.9120,-52.4600
232.0450,48.5400
232.1790,-154.4600
232.3120,-128.4600
232.4450,67.5400
232.5790,252.5400
232.7120,162.5400
232.8450,-195.4600
232.9790,-372.4600
233.1120,41.5400
233.2450,-94.4600
233.3790,-312.4600
233.5120,16.5400
233.6450,-262.4600
233.7790,-238.4600
233.9120,7.5400
234.0450,-172.4600
234.1790,26.5400
234.3120,-140.4600
234.4450,41.5400
234.5780,-37.4600
234.7120,4.5400
234.8450,20.5400
234.9780,-191.4600
235.1120,-46.4600
235.2450,114.5400
235.3780,-220.4600
235.5110,-21.4600
235.6450,7.5400
235.7780,-13.4600
235.9110,-145.4600
236.0440,-309.4600
236.1780,290.5400
236.3110,-273.4600
236.4440,-251.4600
236.5770,-234.4600
236.7110,-80.4600
236.8440,-380.4600
236.9770,-141.4600
237.1100,-180.4600
237.2430,22.5400
237.3770,-267.4600
237.5100,-233.4600
237.6430,925.5400
237.7760,-155.4600
237.9090,-143.4600
238.0430,-16.4600
238.1760,-230.4600
238.3090,-92.4600
238.4420,-341.4600
238.5750,-73.4600
238.7090,421.5400
238.8420,-0.4600
238.9750,-24.4600
239.1080,180.5400
239.2410,-306.4600
239.3740,-242.4600
239.5080,-198.4600
239.6410,197.5400
239.7740,315.5400
239.9070,-85.4600
240.0400,-257.4600
240.1730,44.5400
240.3060,236.5400
240.4400,-158.4600
240.5730,187.5400
240.7060,-154.4600
240.8390,21.5400
240.9720,-74.4600
241.1050,-27.4600
241.2380,15.5400
241.3710,-52.4600
241.5040,-66.4600
241.6380,-113.4600
241.7710,-36.4600
241.9040,-166.4600
242.0370,30.5400
242.1700,-194.4600
242.3030,-309.4600
242.4360,-99.4600
242.5690,-109.4600
242.7020,-219.4600
242.8350,-150.4600
242.9680,-13.4600
243.1010,-113.4600
243.2340,-215.4600
243.3670,-256.4600
243.5000,-136.4600
243.6340,-186.4600
243.7670,-326.4600
243.9000,-243.4600
244.0330,-237.4600
244.1660,90.5400
244.2990,-326.4600
244.4320,-262.4600
244.5650,24.5400
244.6980,-306.4600
244.8310,-206.4600
244.9640,-272.4600
245.0970,-195.4600
245.2300,-9.4600
245.3630,134.5400
245.4960,-275.4600
245.6290,-126.4600
245.7620,422.5400
245.8950,-273.4600
246.0280,-223.4600
246.1610,434.5400
246.2940,41.5400
246.4270,-261.4600
246.5590,104.5400
246.6920,-36.4600
246.8250,-153.4600
246.9580,-228.4600
247.0910,-281.4600
247.2240,-314.4600
247.3570,-203.4600
247.4900,107.5400
247.6230,-170.4600
247.7560,-252.4600
247.8890,267.5400
248.0220,-76.4600
248.1550,-308.4600
248.2880,-112.4600
248.4210,-229.4600
248.5530,61.5400
248.6860,-270.4600
248.8190,68.5400
248.9520,-261.4600
249.0850,174.5400
249.2180,-39.4600
249.3510,-100.4600
249.4840,156.5400
249.6170,-81.4600
249.7490,-233.4600
249.8820,-203.4600
250.0150,-220.4600
250.1480,-171.4600
250.2810,-249.4600
250.4140,-150.4600
250.5470,-176.4600
250.6790,154.5400
250.8120,-93.4600
250.9450,-25.4600
251.0780,-261.4600
251.2110,-158.4600
251.3440,-283.4600
251.4760,-169.4600
251.6090,22.5400
251.7420,-276.4600
251.8750,-59.4600
252.0080,-222.4600
252.1400,-344.4600
252.2730,-113.4600
252.4060,167.5400
252.5390,-45.4600
252.6720,-65.4600
252.8040,118.5400
252.9370,-273.4600
253.0700,-51.4600
253.2030,-132.4600
253.3350,83.5400
253.4680,-359.4600
253.6010,-151.4600
253.7340,-82.4600
253.8660,-163.4600
253.9990,364.5400
254.1320,-1.4600
254.2650,-156.4600
254.3970,-162.4600
254.5300,-139.4600
254.6630,19.5400
254.7960,-218.4600
254.9280,-304.4600
255.0610,-230.4600
255.1940,-47.4600
255.3270,-316.4600
255.4590,-42.4600
255.5920,-288.4600
255.7250,174.5400
255.8570,-230.4600
255.9900,-10.4600
256.1230,-212.4600
256.2550,-259.4600
256.3880,-92.4600
256.5210,-258.4600
256.6530,-313.4600
256.7860,-248.4600
256.9190,-160.4600
257.0510,-236.4600
257.1840,-34.4600
257.3170,-213.4600
257.4490,-252.4600
257.5820,-63.4600
257.7150,-205.4600
257.8470,-231.4600
257.9800,-92.4600
258.1130,-186.4600
258.2450,-148.4600
258.3780,-361.4600
258.5100,-248.4600
258.6430,-262.4600
258.7760,27.5400
258.9080,-269.4600
259.0410,-72.4600
259.1740,-186.4600
259.3060,-225.4600
259.4390,-290.4600
259.5710,-179.4600
259.7040,-138.4600
259.8370,152.5400
259.9690,-203.4600
260.1020,-241.4600
260.2340,223.5400
260.3670,72.5400
260.4990,-216.4600
260.6320,-154.4600
260.7650,-189.4600
260.8970,-184.4600
261.0300,-237.4600
261.1620,-73.4600
261.2950,-59.4600
261.4270,91.5400
261.5600,-80.4600
261.6920,-252.4600
261.8250,-78.4600
261.9570,95.5400
262.0900,70.5400
262.2220,7.5400
262.3550,-230.4600
262.4870,-149.4600
262.6200,-264.4600
262.7520,-85.4600
262.8850,-140.4600
263.0170,14.5400
263.1500,-199.4600
263.2820,-82.4600
263.4150,-242.4600
263.5470,-17.4600
263.6800,205.5400
263.8120,-321.4600
263.9450,-109.4600
264.0770,-258.4600
264.2100,192.5400
264.3420,-290.4600
264.4750,-238.4600
264.6070,144.5400
264.7400,-355.4600
264.8720,-73.4600
265.0040,131.5400
265.1370,59.5400
265.2690,352.5400
265.4020,-268.4600
265.5340,-198.4600
265.6670,-165.4600
265.7990,105.5400
265.9310,-69.4600
266.0640,21.5400
266.1960,-116.4600
266.3290,-183.4600
266.4610,-176.4600
266.5930,4.5400
266.7260,-338.4600
266.8580,-163.4600
266.9900,-99.4600
267.1230,-170.4600
267.2550,-40.4600
267.3880,-114.4600
267.5200,-258.4600
267.6520,-213.4600
267.7850,107.5400
267.9170,-32.4600
268.0490,-167.4600
268.1820,388.5400
268.3140,58.5400
268.4460,-339.4600
268.5790,-229.4600
268.7110,192.5400
268.8430,-206.4600
268.9760,-62.4600
269.1080,388.5400
269.2400,118.5400
269.3730,-4.4600
269.5050,-171.4600
269.6370,-157.4600
269.7700,-209.4600
269.9020,124.5400
270.0340,-255.4600
270.1670,0.5400
270.2990,-13.4600
270.4310,10.5400
270.5630,-204.4600
270.6960,13.5400
270.8280,-120.4600
270.9600,-84.4600
271.0920,-1.4600
271.2250,-226.4600
271.3570,-79.4600
271.4890,-162.4600
271.6210,-257.4600
271.7540,506.5400
271.8860,-204.4600
272.0180,-169.4600
272.1500,260.5400
272.2830,-306.4600
272.4150,-186.4600
272.5470,69.5400
272.6790,86.5400
272.8110,-95.4600
272.9440,-126.4600
273.0760,-326.4600
273.2080,-44.4600
273.3400,-124.4600
273.4730,-139.4600
273.6050,69.5400
273.7370,-263.4600
273.8690,-42.4600
274.0010,-403.4600
274.1330,8.5400
274.2660,-202.4600
274.3980,1466.5400
274.5300,12.5400
274.6620,145.5400
274.7940,5.5400
274.9260,63.5400
275.0590,-185.4600
275.1910,-2.4600
275.3230,-262.4600
275.4550,128.5400
275.5870,-243.4600
275.7190,-146.4600
275.8510,-108.4600
275.9830,18.5400
276.1160,4.5400
276.2480,117.5400
276.3800,-242.4600
276.5120,-2.4600
276.6440,-157.4600
276.7760,-244.4600
276.9080,-50.4600
277.0400,-80.4600
277.1720,30.5400
277.3040,-194.4600
277.4370,-14.4600
277.5690,-206.4600
277.7010,-241.4600
277.8330,-124.4600
277.9650,-180.4600
278.0970,13.5400
278.2290,-217.4600
278.3610,-158.4600
278.4930,111.5400
278.6250,215.5400
278.7570,15.5400
278.8890,-261.4600
279.0210,-171.4600
279.1530,519.5400
279.2850,-213.4600
279.4170,559.5400
279.5490,69.5400
279.6810,-127.4600
279.8130,-216.4600
279.9450,39.5400
280.0770,-227.4600
280.2090,1057.5400
280.3410,-272.4600
280.4730,-159.4600
280.6050,76.5400
280.7370,-10.4600
280.8690,200.5400
281.0010,-80.4600
281.1330,-354.4600
281.2650,-21.4600
281.3970,-150.4600
281.5290,284.5400
281.6610,-282.4600
281.7930,-339.4600
281.9250,-233.4600
282.0570,-128.4600
282.1890,-143.4600
282.3210,-37.4600
282.4530,26.5400
282.5850,-263.4600
282.7170,121.5400
282.8490,-83.4600
282.9800,-176.4600
283.1120,-219.4600
283.2440,-17.4600
283.3760,-266.4600
283.5080,-353.4600
283.6400,-262.4600
283.7720,107.5400
283.9040,106.5400
284.0360,-283.4600
284.1680,128.5400
284.2990,-52.4600
284.4310,-29.4600
284.5630,-115.4600
284.6950,-162.4600
284.8270,-233.4600
284.9590,-5.4600
285.0910,-242.4600
285.2220,-277.4600
285.3540,-208.4600
285.4860,-103.4600
285.6180,-252.4600
285.7500,-105.4600
285.8820,210.5400
286.0130,45.5400
286.1450,-75.4600
286.2770,5.5400
286.4090,89.5400
286.5410,51.5400
286.6730,-215.4600
286.8040,-235.4600
286.9360,-82.4600
287.0680,-207.4600
287.2000,-248.4600
287.3320,315.5400
287.4630,-315.4600
287.5950,-70.4600
287.7270,399.5400
287.8590,-135.4600
287.9900,-81.4600
288.1220,-185.4600
288.2540,26.5400
288.3860,-178.4600
288.5170,-311.4600
288.6490,-137.4600
288.7810,-16.4600
288.9130,-53.4600
289.0440,-277.4600
289.1760,192.5400
289.3080,-183.4600
289.4400,-347.4600
289.5710,-191.4600
289.7030,-284.4600
289.8350,43.5400
289.9670,-252.4600
290.0980,-308.4600
290.2300,-322.4600
290.3620,100.5400
290.4930,-340.4600
290.6250,-194.4600
290.7570,-176.4600
290.8880,-121.4600
291.0200,-30.4600
291.1520,-21.4600
291.2830,7.5400
291.4150,-142.4600
291.5470,-270.4600
291.6780,-252.4600
291.8100,-41.4600
291.9420,278.5400
292.0730,-14.4600
292.2050,-283.4600
292.3370,56.5400
292.4680,467.5400
292.6000,-167.4600
292.7320,592.5400
292.8630,-206.4600
292.9950,-327.4600
293.1260,47.5400
293.2580,162.5400
293.3900,-253.4600
293.5210,-252.4600
293.6530,-324.4600
293.7850,116.5400
293.9160,-134.4600
294.0480,26.5400
294.1790,-3.4600
294.3110,-229.4600
294.4420,54.5400
294.5740,-259.4600
294.7060,-121.4600
294.8370,79.5400
294.9690,-50.4600
295.1000,-189.4600
295.2320,-248.4600
295.3630,183.5400
295.4950,-157.4600
295.6270,-2.4600
295.7580,142.5400
295.8900,-371.4600
296.0210,42.5400
296.1530,36.5400
296.2840,-92.4600
296.4160,-133.4600
296.5470,-155.4600
296.6790,-57.4600
296.8100,-51.4600
296.9420,-311.4600
297.0730,-272.4600
297.2050,-291.4600
297.3360,-149.4600
297.4680,-234.4600
297.5990,-113.4600
297.7310,-352.4600
297.8620,-112.4600
297.9940,-317.4600
298.1250,-273.4600
298.2570,-112.4600
298.3880,22.5400
298.5200,-18.4600
298.6510,-70.4600
298.7820,247.5400
298.9140,-249.4600
299.0450,-157.4600
299.1770,-292.4600
299.3080,-314.4600
299.4400,13.5400
299.5710,-33.4600
299.7020,-181.4600
299.8340,-99.4600
299.9650,-142.4600
300.0970,-238.4600
300.2280,-41.4600
300.3600,-76.4600
300.4910,-122.4600
300.6220,-24.4600
300.7540,-152.4600
300.8850,-211.4600
301.0170,-46.4600
301.1480,-166.4600
301.2790,-311.4600
301.4110,19.5400
301.5420,-67.4600
301.6730,-75.4600
301.8050,14.5400
301.9360,-250.4600
302.0670,-143.4600
302.1990,-162.4600
302.3300,-239.4600
302.4610,316.5400
302.5930,1.5400
302.7240,-17.4600
302.8550,-280.4600
302.9870,-131.4600
303.1180,-274.4600
303.2490,-330.4600
303.3810,-141.4600
303.5120,-205.4600
303.6430,-222.4600
303.7750,92.5400
303.9060,-248.4600
304.0370,-254.4600
304.1690,-240.4600
304.3000,-161.4600
304.4310,-298.4600
304.5620,-213.4600
304.6940,-165.4600
304.8250,-73.4600
304.9560,84.5400
305.0870,-175.4600
305.2190,2.5400
305.3500,-43.4600
305.4810,-225.4600
305.6120,45.5400
305.7440,-15.4600
305.8750,-158.4600
306.0060,499.5400
306.1370,-222.4600
306.2690,-54.4600
306.4000,47.5400
306.5310,96.5400
306.6620,-162.4600
306.7940,100.5400
306.9250,-200.4600
307.0560,-252.4600
307.1870,-30.4600
307.3180,-133.4600
307.4500,-140.4600
307.5810,-216.4600
307.7120,-229.4600
307.8430,-83.4600
307.9740,-94.4600
308.1050,118.5400
308.2370,-50.4600
308.3680,-304.4600
308.4990,-154.4600
308.6300,4.5400
308.7610,-120.4600
308.8920,-101.4600
309.0240,-142.4600
309.1550,-186.4600
309.2860,-193.4600
309.4170,-268.4600
309.5480,-139.4600
309.6790,-154.4600
309.8100,-368.4600
309.9410,430.5400
310.0730,-54.4600
310.2040,-336.4600
310.3350,-49.4600
310.4660,-170.4600
310.5970,-279.4600
310.7280,-119.4600
310.8590,348.5400
310.9900,275.5400
311.1210,-117.4600
311.2520,-128.4600
311.3830,-245.4600
311.5140,-18.4600
311.6460,-170.4600
311.7770,-48.4600
311.9080,-64.4600
312.0390,-126.4600
312.1700,-321.4600
312.3010,-140.4600
312.4320,-208.4600
312.5630,-318.4600
312.6940,-52.4600
312.8250,-157.4600
312.9560,-254.4600
313.0870,30.5400
313.2180,56.5400
313.3490,-170.4600
313.4800,-346.4600
313.6110,-137.4600
313.7420,-121.4600
313.8730,61.5400
314.0040,-50.4600
314.1350,-199.4600
314.2660,-76.4600
314.3970,-208.4600
314.5280,-283.4600
314.6590,-295.4600
314.7900,-245.4600
314.9210,48.5400
315.0520,20.5400
315.1830,-249.4600
315.3140,-315.4600
315.4450,54.5400
315.5760,-46.4600
315.7070,-142.4600
315.8380,-175.4600
315.9680,-36.4600
316.0990,-288.4600
316.2300,-307.4600
316.3610,102.5400
316.4920,-144.4600
316.6230,46.5400
316.7540,196.5400
316.8850,-360.4600
317.0160,-270.4600
317.1470,-329.4600
317.2780,59.5400
317.4080,-245.4600
317.5390,-270.4600
317.6700,-276.4600
317.8010,-65.4600
317.9320,-192.4600
318.0630,-193.4600
318.1940,-157.4600
318.3250,0.5400
318.4550,-381.4600
318.5860,-135.4600
318.7170,-34.4600
318.8480,-333.4600
318.9790,99.5400
319.1100,246.5400
319.2400,6.5400
319.3710,86.5400
319.5020,-82.4600
319.6330,-230.4600
319.7640,-122.4600
319.8950,-246.4600
320.0250,-89.4600
320.1560,-320.4600
320.2870,-419.4600
320.4180,-233.4600
320.5490,-71.4600
320.6790,-332.4600
320.8100,125.5400
320.9410,-347.4600
321.0720,-303.4600
321.2020,12.5400
321.3330,228.5400
321.4640,-413.4600
321.5950,-249.4600
321.7260,221.5400
321.8560,-344.4600
321.9870,-169.4600
322.1180,-226.4600
322.2490,-12.4600
322.3790,-62.4600
322.5100,8.5400
322.6410,-69.4600
322.7710,-306.4600
322.9020,-77.4600
323.0330,-114.4600
323.1640,647.5400
323.2940,-151.4600
323.4250,-240.4600
323.5560,-196.4600
323.6860,-106.4600
323.8170,297.5400
323.9480,-25.4600
324.0780,-162.4600
324.2090,132.5400
324.3400,-186.4600
324.4700,192.5400
324.6010,-214.4600
324.7320,-89.4600
324.8620,14.5400
324.9930,-235.4600
325.1240,-413.4600
325.2540,-81.4600
325.3850,-71.4600
325.5160,492.5400
325.6460,376.5400
325.7770,-183.4600
325.9080,-169.4600
326.0380,61.5400
326.1690,-154.4600
326.2990,-89.4600
326.4300,90.5400
326.5610,-131.4600
326.6910,-140.4600
326.8220,-258.4600
326.9520,-189.4600
327.0830,-84.4600
327.2140,-226.4600
327.3440,-96.4600
327.4750,-23.4600
327.6050,-66.4600
327.7360,-163.4600
327.8670,-276.4600
327.9970,-122.4600
328.1280,-33.4600
328.2580,-360.4600
328.3890,280.5400
328.5190,-290.4600
328.6500,49.5400
328.7800,-249.4600
328.9110,-39.4600
329.0410,95.5400
329.1720,-325.4600
329.3030,-215.4600
329.4330,-162.4600
329.5640,-267.4600
329.6940,-269.4600
329.8250,-216.4600
329.9550,-30.4600
330.0860,439.5400
330.2160,-162.4600
330.3470,-288.4600
330.4770,-121.4600
330.6080,-134.4600
330.7380,-153.4600
330.8680,-323.4600
330.9990,-163.4600
331.1290,102.5400
331.2600,-237.4600
331.3900,-199.4600
331.5210,158.5400
331.6510,23.5400
331.7820,-329.4600
331.9120,-286.4600
332.0430,-240.4600
332.1730,36.5400
332.3030,-348.4600
332.4340,100.5400
332.5640,-11.4600
332.6950,-229.4600
332.8250,-327.4600
332.9560,-188.4600
333.0860,-85.4600
333.2160,-257.4600
333.3470,-46.4600
333.4770,-445.4600
333.6080,-105.4600
333.7380,-19.4600
333.8680,-136.4600
333.9990,-78.4600
334.1290,69.5400
334.2590,-67.4600
334.3900,-235.4600
334.5200,61.5400
334.6500,-160.4600
334.7810,127.5400
334.9110,-210.4600
335.0420,-261.4600
335.1720,-42.4600
335.3020,-123.4600
335.4330,292.5400
335.5630,-262.4600
335.6930,21.5400
335.8240,234.5400
335.9540,-373.4600
336.0840,-8.4600
336.2140,-42.4600
336.3450,312.5400
336.4750,47.5400
336.6050,-240.4600
336.7360,322.5400
336.8660,-144.4600
336.9960,-160.4600
337.1260,-273.4600
337.2570,-103.4600
337.3870,-376.4600
337.5170,-226.4600
337.6480,-346.4600
337.7780,162.5400
337.9080,60.5400
338.0380,26.5400
338.1690,-201.4600
338.2990,261.5400
338.4290,-32.4600
338.5590,-266.4600
338.6900,-157.4600
338.8200,385.5400
338.9500,-34.4600
339.0800,-442.4600
339.2100,-321.4600
339.3410,-129.4600
339.4710,35.5400
339.6010,-92.4600
339.7310,-31.4600
339.8610,-165.4600
339.9920,-125.4600
340.1220,-136.4600
340.2520,-208.4600
340.3820,-199.4600
340.5120,-87.4600
340.6420,179.5400
340.7730,-89.4600
340.9030,-302.4600
341.0330,-113.4600
341.1630,-35.4600
341.2930,95.5400
341.4230,-224.4600
341.5540,-310.4600
341.6840,-30.4600
341.8140,-131.4600
341.9440,-168.4600
342.0740,-62.4600
342.2040,-187.4600
342.3340,178.5400
342.4640,-286.4600
342.5950,-175.4600
342.7250,-291.4600
342.8550,-65.4600
342.9850,-165.4600
343.1150,-276.4600
343.2450,-379.4600
343.3750,-8.4600
343.5050,-132.4600
343.6350,-11.4600
343.7650,-222.4600
343.8950,-373.4600
344.0250,0.5400
344.1550,-276.4600
344.2860,-172.4600
344.4160,-59.4600
344.5460,113.5400
344.6760,-96.4600
344.8060,164.5400
344.9360,-56.4600
345.0660,149.5400
345.1960,-265.4600
345.3260,-327.4600
345.4560,123.5400
345.5860,-247.4600
345.7160,-290.4600
345.8460,45.5400
345.9760,-359.4600
346.1060,-107.4600
346.2360,39.5400
346.3660,29.5400
346.4960,-151.4600
346.6260,-183.4600
346.7560,-164.4600
346.8860,-247.4600
347.0160,-336.4600
347.1460,-218.4600
347.2760,-260.4600
347.4060,-227.4600
347.5360,-85.4600
347.6660,90.5400
347.7950,-251.4600
347.9250,-171.4600
348.0550,146.5400
348.1850,-144.4600
348.3150,-173.4600
348.4450,101.5400
348.5750,-196.4600
348.7050,-261.4600
348.8350,-275.4600
348.9650,-174.4600
349.0950,-6.4600
349.2250,257.5400
349.3540,-247.4600
349.4840,-171.4600
349.6140,-188.4600
349.7440,-242.4600
349.8740,-277.4600
350.0040,-325.4600
350.1340,-292.4600
350.2640,-329.4600
350.3930,-307.4600
350.5230,130.5400
350.6530,-314.4600
350.7830,43.5400
350.9130,153.5400
351.0430,-238.4600
351.1730,-178.4600
351.3020,-13.4600
351.4320,191.5400
351.5620,-93.4600
351.6920,-101.4600
351.8220,-181.4600
351.9510,-364.4600
352.0810,170.5400
352.2110,-120.4600
352.3410,167.5400
352.4710,93.5400
352.6000,-164.4600
352.7300,-238.4600
352.8600,-150.4600
352.9900,-14.4600
353.1200,-71.4600
353.2490,-10.4600
353.3790,-240.4600
353.5090,54.5400
353.6390,-279.4600
353.7680,-71.4600
353.8980,-243.4600
354.0280,-284.4600
354.1580,-179.4600
354.2870,-238.4600
354.4170,-272.4600
354.5470,-256.4600
354.6770,-368.4600
354.8060,-144.4600
354.9360,-6.4600
355.0660,-209.4600
355.1950,-40.4600
355.3250,-37.4600
355.4550,-270.4600
355.5840,174.5400
355.7140,-236.4600
355.8440,136.5400
355.9740,5.5400
356.1030,-132.4600
356.2330,-169.4600
356.3630,28.5400
356.4920,-278.4600
356.6220,-276.4600
356.7520,-7.4600
356.8810,-358.4600
357.0110,29.5400
357.1400,110.5400
357.2700,-136.4600
357.4000,74.5400
357.5290,-159.4600
357.6590,105.5400
357.7890,32.5400
357.9180,-327.4600
358.0480,-337.4600
358.1770,-138.4600
358.3070,-262.4600
358.4370,-78.4600
358.5660,-237.4600
358.6960,45.5400
358.8250,121.5400
358.9550,-305.4600
359.0850,-24.4600
359.2140,-410.4600
359.3440,-107.4600
359.4730,-279.4600
359.6030,-158.4600
359.7330,-201.4600
359.8620,-347.4600
359.9920,53.5400
360.1210,-179.4600
360.2510,12.5400
360.3800,-348.4600
360.5100,78.5400
360.6390,-159.4600
360.7690,-79.4600
360.8980,77.5400
361.0280,46.5400
361.1570,-89.4600
361.2870,-58.4600
361.4160,-261.4600
361.5460,-146.4600
361.6750,-153.4600
361.8050,-192.4600
361.9340,14.5400
362.0640,-158.4600
362.1930,-205.4600
362.3230,-294.4600
362.4520,119.5400
362.5820,-238.4600
362.7110,-134.4600
362.8410,30.5400
362.9700,-26.4600
363.1000,-271.4600
363.2290,-280.4600
363.3590,-133.4600
363.4880,-237.4600
363.6170,-139.4600
363.7470,-130.4600
363.8760,-369.4600
364.0060,-65.4600
364.1350,-131.4600
364.2650,-155.4600
364.3940,-156.4600
364.5230,307.5400
364.6530,-251.4600
364.7820,-44.4600
364.9120,-254.4600
365.0410,-267.4600
365.1700,-248.4600
365.3000,-67.4600
365.4290,192.5400
365.5580,-203.4600
365.6880,-228.4600
365.8170,-283.4600
365.9470,-78.4600
366.0760,-58.4600
366.2050,-103.4600
366.3350,-340.4600
366.4640,-253.4600
366.5930,100.5400
366.7230,-153.4600
366.8520,-87.4600
366.9810,-67.4600
367.1110,-264.4600
367.2400,-174.4600
367.3690,-151.4600
367.4990,508.5400
367.6280,121.5400
367.7570,-159.4600
367.8860,-48.4600
368.0160,115.5400
368.1450,-97.4600
368.2740,-75.4600
368.4040,-293.4600
368.5330,-91.4600
368.6620,-6.4600
368.7910,-189.4600
368.9210,-386.4600
369.0500,154.5400
369.1790,-87.4600
369.3080,297.5400
369.4380,-295.4600
369.5670,-360.4600
369.6960,-192.4600
369.8250,-20.4600
369.9550,-166.4600
370.0840,-39.4600
370.2130,-82.4600
370.3420,-293.4600
370.4720,-311.4600
370.6010,410.5400
370.7300,19.5400
370.8590,-413.4600
370.9880,-156.4600
371.1180,-303.4600
371.2470,14.5400
371.3760,111.5400
371.5050,-87.4600
371.6340,-43.4600
371.7630,-117.4600
371.8930,-258.4600
372.0220,-183.4600
372.1510,-297.4600
372.2800,-315.4600
372.4090,-380.4600
372.5380,-179.4600
372.6670,-83.4600
372.7970,72.5400
372.9260,-350.4600
373.0550,-46.4600
373.1840,-129.4600
373.3130,-241.4600
373.4420,-28.4600
373.5710,-202.4600
373.7000,-136.4600
373.8300,-47.4600
373.9590,-425.4600
374.0880,-152.4600
374.2170,111.5400
374.3460,-179.4600
374.4750,-385.4600
374.6040,-259.4600
374.7330,263.5400
374.8620,-111.4600
374.9910,-271.4600
375.1200,-69.4600
375.2490,-43.4600
375.3780,-242.4600
375.5080,-315.4600
375.6370,-317.4600
375.7660,70.5400
375.8950,-168.4600
376.0240,142.5400
376.1530,-248.4600
376.2820,-126.4600
376.4110,-237.4600
376.5400,-448.4600
376.6690,-63.4600
376.7980,-182.4600
376.9270,-277.4600
377.0560,64.5400
377.1850,-69.4600
377.3140,82.5400
377.4430,250.5400
377.5720,-302.4600
377.7010,-282.4600
377.8300,160.5400
377.9590,14.5400
378.0880,1671.5400
378.2170,131.5400
378.3460,-192.4600
378.4740,-370.4600
378.6030,-263.4600
378.7320,-79.4600
378.8610,-196.4600
378.9900,-288.4600
379.1190,-383.4600
379.2480,-70.4600
379.3770,-185.4600
379.5060,-194.4600
379.6350,106.5400
379.7640,-79.4600
379.8930,-245.4600
380.0220,-314.4600
380.1500,-93.4600
380.2790,-337.4600
380.4080,-235.4600
380.5370,-161.4600
380.6660,-35.4600
380.7950,-64.4600
380.9240,-177.4600
381.0530,-266.4600
381.1810,-88.4600
381.3100,764.5400
381.4390,-262.4600
381.5680,-168.4600
381.6970,-174.4600
381.8260,-136.4600
381.9550,-287.4600
382.0830,-99.4600
382.2120,-339.4600
382.3410,21.5400
382.4700,-247.4600
382.5990,-172.4600
382.7270,202.5400
382.8560,-72.4600
382.9850,-15.4600
383.1140,-187.4600
383.2430,-249.4600
383.3710,-118.4600
383.5000,-255.4600
383.6290,-272.4600
383.7580,-262.4600
383.8870,-444.4600
384.0150,-94.4600
384.1440,-298.4600
384.2730,-81.4600
384.4020,-44.4600
384.5300,-247.4600
384.6590,-275.4600
384.7880,-279.4600
384.9170,-245.4600
385.0450,-101.4600
385.1740,-136.4600
385.3030,-387.4600
385.4320,47.5400
385.5600,-109.4600
385.6890,-155.4600
385.8180,-95.4600
385.9460,-17.4600
386.0750,-251.4600
386.2040,-302.4600
386.3320,-108.4600
386.4610,20.5400
386.5900,15.5400
386.7180,-323.4600
386.8470,-171.4600
386.9760,-181.4600
387.1040,-347.4600
387.2330,-293.4600
387.3620,-70.4600
387.4900,-106.4600
387.6190,-300.4600
387.7480,-140.4600
387.8760,144.5400
388.0050,-86.4600
388.1340,84.5400
388.2620,-350.4600
388.3910,-254.4600
388.5200,-39.4600
388.6480,-290.4600
388.7770,61.5400
388.9050,-248.4600
389.0340,-174.4600
389.1630,-245.4600
389.2910,-136.4600
389.4200,36.5400
389.5480,63.5400
389.6770,-131.4600
389.8050,-83.4600
389.9340,-56.4600
390.0630,-311.4600
390.1910,-358.4600
390.3200,-222.4600
390.4480,-165.4600
390.5770,-266.4600
390.7050,-331.4600
390.8340,-141.4600
390.9620,-331.4600
391.0910,-260.4600
391.2200,93.5400
391.3480,150.5400
391.4770,-15.4600
391.6050,-331.4600
391.7340,-182.4600
391.8620,-222.4600
391.9910,-286.4600
392.1190,-272.4600
392.2480,-138.4600
392.3760,-94.4600
392.5050,-164.4600
392.6330,-218.4600
392.7620,280.5400
392.8900,-315.4600
393.0180,17.5400
393.1470,-197.4600
393.2750,-361.4600
393.4040,-296.4600
393.5320,-194.4600
393.6610,-106.4600
393.7890,-94.4600
393.9180,-130.4600
394.0460,-113.4600
394.1740,-111.4600
394.3030,-319.4600
394.4310,-236.4600
394.5600,25.5400
394.6880,-318.4600
394.8170,-400.4600
394.9450,96.5400
395.0730,32.5400
395.2020,-104.4600
395.3300,-193.4600
395.4590,-155.4600
395.5870,66.5400
395.7150,34.5400
395.8440,-107.4600
395.9720,-406.4600
396.1000,119.5400
396.2290,-291.4600
396.3570,-75.4600
396.4850,-229.4600
396.6140,-278.4600
396.7420,68.5400
396.8700,-116.4600
396.9990,-12.4600
397.1270,-300.4600
397.2550,-93.4600
397.3840,62.5400
397.5120,-382.4600
397.6400,-285.4600
397.7690,-183.4600
397.8970,-37.4600
398.0250,-170.4600
398.1540,-80.4600
398.2820,210.5400
398.4100,-109.4600
398.5380,-95.4600
398.6670,-241.4600
398.7950,-234.4600
398.9230,28.5400
399.0520,-229.4600
399.1800,-154.4600
399.3080,-167.4600
399.4360,193.5400
399.5650,-296.4600
399.6930,-67.4600
399.8210,-171.4600
399.9490,-202.4600
400.0780,286.5400
400.2060,-329.4600
400.3340,-317.4600
400.4620,-160.4600
400.5900,-336.4600
400.7190,-193.4600
400.8470,-292.4600
400.9750,-22.4600
401.1030,-256.4600
401.2310,-58.4600
401.3600,-94.4600
401.4880,-26.4600
401.6160,-201.4600
401.7440,-189.4600
401.8720,-236.4600
402.0000,-3.4600
402.1290,-228.4600
402.2570,-263.4600
402.3850,-144.4600
402.5130,-134.4600
402.6410,-185.4600
402.7690,-153.4600
402.8970,-266.4600
403.0260,-339.4600
403.1540,-375.4600
403.2820,-287.4600
403.4100,-197.4600
403.5380,156.5400
403.6660,-329.4600
403.7940,-190.4600
403.9220,-56.4600
404.0500,-66.4600
404.1790,-130.4600
404.3070,-74.4600
404.4350,-315.4600
404.5630,-301.4600
404.6910,-360.4600
404.8190,428.5400
404.9470,-301.4600
405.0750,-246.4600
405.2030,-367.4600
405.3310,-247.4600
405.4590,-295.4600
405.5870,-82.4600
405.7150,-256.4600
405.8430,-231.4600
405.9710,-90.4600
406.0990,143.5400
406.2270,-10.4600
406.3550,-155.4600
406.4830,-398.4600
406.6110,-34.4600
406.7390,-312.4600
406.8670,-313.4600
406.9950,-215.4600
407.1230,-173.4600
407.2510,-384.4600
407.3790,-319.4600
407.5070,-70.4600
407.6350,-184.4600
407.7630,-433.4600
407.8910,-422.4600
408.0190,-22.4600
408.1470,43.5400
408.2750,206.5400
408.4030,-345.4600
408.5310,-372.4600
408.6590,183.5400
408.7870,-106.4600
408.9150,-227.4600
409.0430,-261.4600
409.1710,40.5400
409.2990,10.5400
409.4270,37.5400
409.5540,-375.4600
409.6820,276.5400
409.8100,-105.4600
409.9380,-229.4600
410.0660,65.5400
410.1940,-77.4600
410.3220,-296.4600
410.4500,-229.4600
410.5780,-396.4600
410.7050,-311.4600
410.8330,-128.4600
410.9610,73.5400
411.0890,342.5400
411.2170,-167.4600
411.3450,-169.4600
411.4730,-287.4600
411.6000,-93.4600
411.7280,-211.4600
411.8560,-350.4600
411.9840,-292.4600
412.1120,-59.4600
412.2390,-51.4600
412.3670,-204.4600
412.4950,74.5400
412.6230,-275.4600
412.7510,34.5400
412.8780,-380.4600
413.0060,-212.4600
413.1340,58.5400
413.2620,183.5400
413.3900,-75.4600
413.5170,-89.4600
413.6450,65.5400
413.7730,-353.4600
413.9010,178.5400
414.0280,-217.4600
414.1560,-148.4600
414.2840,-276.4600
414.4120,45.5400
414.5390,-217.4600
414.6670,-237.4600
414.7950,-240.4600
414.9230,-408.4600
415.0500,-191.4600
415.1780,-30.4600
415.3060,352.5400
415.4330,-277.4600
415.5610,59.5400
415.6890,25.5400
415.8160,-280.4600
415.9440,161.5400
416.0720,-333.4600
416.2000,-4.4600
416.3270,240.5400
416.4550,-270.4600
416.5830,-243.4600
416.7100,-242.4600
416.8380,144.5400
416.9660,-342.4600
417.0930,-184.4600
417.2210,43.5400
417.3480,-35.4600
417.4760,-352.4600
417.6040,-170.4600
417.7310,-146.4600
417.8590,22.5400
417.9870,-70.4600
418.1140,-270.4600
418.2420,25.5400
418.3690,-215.4600
418.4970,-350.4600
418.6250,161.5400
418.7520,-100.4600
418.8800,-283.4600
419.0070,142.5400
419.1350,-77.4600
419.2630,-243.4600
419.3900,30.5400
419.5180,59.5400
419.6450,19.5400
419.7730,666.5400
419.9000,1747.5400
420.0280,4194.5400
420.1550,5014.5400
420.2830,7083.5400
420.4100,7966.5400
420.5380,8857.5400
420.6660,9465.5400
420.7930,9653.5400
420.9210,8717.5400
421.0480,6975.5400
421.1760,4650.5400
421.3030,2415.5400
421.4310,667.5400
421.5580,-93.4600
421.6860,212.5400
421.8130,54.5400
421.9410,-181.4600
422.0680,-59.4600
422.1950,106.5400
422.3230,69.5400
422.4500,-326.4600
422.5780,-81.4600
422.7050,-243.4600
422.8330,-164.4600
422.9600,-261.4600
423.0880,-35.4600
423.2150,370.5400
423.3430,325.5400
423.4700,-84.4600
423.5970,229.5400
423.7250,-124.4600
423.8520,-148.4600
423.9800,-61.4600
424.1070,-384.4600
424.2340,-164.4600
424.3620,-226.4600
424.4890,-258.4600
424.6170,562.5400
424.7440,-43.4600
424.8710,-305.4600
424.9990,-130.4600
425.1260,103.5400
425.2530,-60.4600
425.3810,-226.4600
425.5080,-304.4600
425.6360,-22.4600
425.7630,-199.4600
425.8900,-229.4600
426.0180,-346.4600
426.1450,-170.4600
426.2720,-94.4600
426.4000,45.5400
426.5270,88.5400
426.6540,-279.4600
426.7810,-88.4600
426.9090,-100.4600
427.0360,-94.4600
427.1630,-391.4600
427.2910,-293.4600
427.4180,-173.4600
427.5450,-134.4600
427.6730,-365.4600
427.8000,-394.4600
427.9270,-321.4600
428.0540,-88.4600
428.1820,-157.4600
428.3090,-197.4600
428.4360,-243.4600
428.5630,-302.4600
428.6910,-82.4600
428.8180,-240.4600
428.9450,11.5400
429.0720,-322.4600
429.2000,-120.4600
429.3270,-60.4600
429.4540,59.5400
429.5810,-139.4600
429.7080,-374.4600
429.8360,-253.4600
429.9630,-215.4600
430.0900,-236.4600
430.2170,-241.4600
430.3440,-311.4600
430.4720,-324.4600
430.5990,-26.4600
430.7260,-248.4600
430.8530,-136.4600
430.9800,-24.4600
431.1070,-290.4600
431.2350,-146.4600
431.3620,-58.4600
431.4890,-125.4600
431.6160,225.5400
431.7430,85.5400
431.8700,-347.4600
431.9970,-167.4600
432.1250,-116.4600
432.2520,-454.4600
432.3790,-199.4600
432.5060,-47.4600
432.6330,-242.4600
432.7600,-142.4600
432.8870,95.5400
433.0140,-193.4600
433.1410,-285.4600
433.2680,-45.4600
433.3950,-267.4600
433.5230,-173.4600
433.6500,-167.4600
433.7770,-176.4600
433.9040,-179.4600
434.0310,-371.4600
434.1580,-89.4600
434.2850,16.5400
434.4120,-358.4600
434.5390,-122.4600
434.6660,-339.4600
434.7930,-297.4600
434.9200,-283.4600
435.0470,-24.4600
435.1740,-170.4600
435.3010,3.5400
435.4280,257.5400
435.5550,156.5400
435.6820,-73.4600
435.8090,-315.4600
435.9360,120.5400
436.0630,-255.4600
436.1900,125.5400
436.3170,-293.4600
436.4440,22.5400
436.5710,-254.4600
436.6980,-22.4600
436.8250,76.5400
436.9520,-8.4600
437.0790,-83.4600
437.2060,2.5400
437.3330,-307.4600
437.4600,-196.4600
437.5870,-125.4600
437.7140,-332.4600
437.8400,-185.4600
437.9670,-354.4600
438.0940,-347.4600
438.2210,56.5400
438.3480,-168.4600
438.4750,8012.5400
438.6020,-333.4600
438.7290,-426.4600
438.8560,-240.4600
438.9830,-292.4600
439.1090,-30.4600
439.2360,63.5400
439.3630,-416.4600
439.4900,-248.4600
439.6170,-100.4600
439.7440,-267.4600
439.8710,414.5400
439.9970,-266.4600
440.1240,-70.4600
440.2510,-85.4600
440.3780,-262.4600
440.5050,-199.4600
440.6320,59.5400
440.7580,134.5400
440.8850,269.5400
441.0120,-271.4600
441.1390,17.5400
441.2660,-318.4600
441.3920,-223.4600
441.5190,-290.4600
441.6460,-377.4600
441.7730,-49.4600
441.9000,216.5400
442.0260,-237.4600
442.1530,-104.4600
442.2800,-66.4600
442.4070,-277.4600
442.5330,21.5400
442.6600,-44.4600
442.7870,-136.4600
442.9140,-281.4600
443.0400,-222.4600
443.1670,-146.4600
443.2940,-133.4600
443.4210,-114.4600
443.5470,-315.4600
443.6740,-161.4600
443.8010,-68.4600
443.9270,58.5400
444.0540,377.5400
444.1810,55.5400
444.3070,80.5400
444.4340,-76.4600
444.5610,-322.4600
444.6880,-361.4600
444.8140,1.5400
444.9410,-206.4600
445.0680,-327.4600
445.1940,211.5400
445.3210,-273.4600
445.4470,206.5400
445.5740,-373.4600
445.7010,-369.4600
445.8270,-177.4600
445.9540,-404.4600
446.0810,-4.4600
446.2070,-284.4600
446.3340,-145.4600
446.4610,-204.4600
446.5870,-398.4600
446.7140,-26.4600
446.8400,50.5400
446.9670,-279.4600
447.0940,-208.4600
447.2200,74.5400
447.3470,-167.4600
447.4730,-274.4600
447.6000,-64.4600
447.7260,-387.4600
447.8530,-121.4600
447.9800,-132.4600
448.1060,-93.4600
448.2330,-129.4600
448.3590,-242.4600
448.4860,-71.4600
448.6120,-227.4600
448.7390,-39.4600
448.8650,55.5400
448.9920,249.5400
449.1180,-237.4600
449.2450,-332.4600
449.3710,-307.4600
449.4980,-132.4600
449.6240,-18.4600
449.7510,-121.4600
449.8770,-264.4600
450.0040,-119.4600
450.1300,-122.4600
450.2570,-315.4600
450.3830,-173.4600
450.5100,-384.4600
450.6360,-245.4600
450.7630,-220.4600
450.8890,-239.4600
451.0160,-454.4600
451.1420,-80.4600
451.2690,-273.4600
451.3950,231.5400
451.5210,-171.4600
451.6480,-283.4600
451.7740,-127.4600
451.9010,-409.4600
452.0270,-160.4600
452.1540,72.5400
452.2800,-188.4600
452.4060,-264.4600
452.5330,-256.4600
452.6590,-342.4600
452.7850,-203.4600
452.9120,-305.4600
453.0380,-318.4600
453.1650,-67.4600
453.2910,104.5400
453.4170,144.5400
453.5440,-328.4600
453.6700,-234.4600
453.7960,100.5400
453.9230,-345.4600
454.0490,-213.4600
454.1750,-257.4600
454.3020,-243.4600
454.4280,-31.4600
454.5540,-97.4600
454.6810,-268.4600
454.8070,-301.4600
454.9330,250.5400
455.0600,-107.4600
455.1860,-151.4600
455.3120,108.5400
455.4390,25.5400
455.5650,-319.4600
455.6910,-315.4600
455.8170,31.5400
455.9440,94.5400
456.0700,-168.4600
456.1960,-27.4600
456.3220,-407.4600
456.4490,-373.4600
456.5750,-159.4600
456.7010,-255.4600
456.8270,-289.4600
456.9540,-360.4600
457.0800,-296.4600
457.2060,-423.4600
457.3320,-148.4600
457.4590,-386.4600
457.5850,-294.4600
457.7110,-262.4600
457.8370,-31.4600
457.9630,-75.4600
458.0900,-310.4600
458.2160,-332.4600
458.3420,-169.4600
458.4680,-206.4600
458.5940,-145.4600
458.7210,-133.4600
458.8470,-116.4600
458.9730,-351.4600
459.0990,-233.4600
459.2250,-239.4600
459.3510,-215.4600
459.4770,-82.4600
459.6040,-325.4600
459.7300,-248.4600
459.8560,-334.4600
459.9820,-129.4600
460.1080,-425.4600
460.2340,-440.4600
460.3600,-195.4600
460.4860,-22.4600
460.6130,-335.4600
460.7390,43.5400
460.8650,-258.4600
460.9910,200.5400
461.1170,143.5400
461.2430,-301.4600
461.3690,-339.4600
461.4950,-234.4600
461.6210,-141.4600
461.7470,-107.4600
461.8730,-21.4600
461.9990,-300.4600
462.1250,-197.4600
462.2520,39.5400
462.3780,-129.4600
462.5040,-16.4600
462.6300,-110.4600
462.7560,-356.4600
462.8820,-195.4600
463.0080,-237.4600
463.1340,102.5400
463.2600,-346.4600
463.3860,-224.4600
463.5120,-109.4600
463.6380,-229.4600
463.7640,-347.4600
463.8900,-203.4600
464.0160,47.5400
464.1420,-56.4600
464.2680,-324.4600
464.3940,-228.4600
464.5200,-354.4600
464.6450,-118.4600
464.7710,-4.4600
464.8970,-240.4600
465.0230,-261.4600
465.1490,-125.4600
465.2750,-372.4600
465.4010,-318.4600
465.5270,75.5400
465.6530,-165.4600
465.7790,59.5400
465.9050,-335.4600
466.0310,-130.4600
466.1570,-277.4600
466.2820,-242.4600
466.4080,-277.4600
466.5340,-128.4600
466.6600,-418.4600
466.7860,-209.4600
466.9120,-126.4600
467.0380,-161.4600
467.1640,-214.4600
467.2890,-249.4600
467.4150,-208.4600
467.5410,-189.4600
467.6670,-194.4600
467.7930,-228.4600
467.9190,-91.4600
468.0450,149.5400
468.1700,-281.4600
468.2960,-171.4600
468.4220,-224.4600
468.5480,-7.4600
468.6740,-388.4600
468.7990,-272.4600
468.9250,-218.4600
469.0510,-327.4600
469.1770,-399.4600
469.3030,-423.4600
469.4280,-11.4600
469.5540,-261.4600
469.6800,-274.4600
469.8060,-58.4600
469.9310,-158.4600
470.0570,350.5400
470.1830,-475.4600
470.3090,-254.4600
470.4340,143.5400
470.5600,-164.4600
470.6860,-97.4600
470.8120,-188.4600
470.9370,-321.4600
471.0630,-284.4600
471.1890,-91.4600
471.3150,77.5400
471.4400,-141.4600
471.5660,-195.4600
471.6920,95.5400
471.8170,-282.4600
471.9430,-145.4600
472.0690,-36.4600
472.1940,-179.4600
472.3200,-244.4600
472.4460,-16.4600
472.5710,-300.4600
472.6970,-290.4600
472.8230,-108.4600
472.9480,-314.4600
473.0740,-122.4600
473.2000,-184.4600
473.3250,-326.4600
473.4510,-213.4600
473.5770,-192.4600
473.7020,-418.4600
473.8280,-211.4600
473.9530,-373.4600
474.0790,-126.4600
474.2050,-356.4600
474.3300,-337.4600
474.4560,-224.4600
474.5810,213.5400
474.7070,-248.4600
474.8330,-267.4600
474.9580,-75.4600
475.0840,33.5400
475.2090,-247.4600
475.3350,-300.4600
475.4600,-112.4600
475.5860,-193.4600
475.7120,-61.4600
475.8370,-217.4600
475.9630,-210.4600
476.0880,-394.4600
476.2140,-277.4600
476.3390,-236.4600
476.4650,-272.4600
476.5900,-366.4600
476.7160,96.5400
476.8410,-335.4600
476.9670,206.5400
477.0920,-225.4600
477.2180,-131.4600
477.3430,-308.4600
477.4690,228.5400
477.5940,-284.4600
477.7200,-339.4600
477.8450,-124.4600
477.9710,-240.4600
478.0960,-130.4600
478.2220,-212.4600
478.3470,3265.5400
478.4720,11.5400
478.5980,-261.4600
478.7230,-263.4600
478.8490,7.5400
478.9740,-75.4600
479.1000,-284.4600
479.2250,-126.4600
479.3500,-272.4600
479.4760,-54.4600
479.6010,-319.4600
479.7270,40.5400
479.8520,-273.4600
479.9770,-130.4600
480.1030,-175.4600
480.2280,133.5400
480.3540,-182.4600
480.4790,45.5400
480.6040,-257.4600
480.7300,-280.4600
480.8550,-446.4600
480.9800,33.5400
481.1060,-366.4600
481.2310,-389.4600
481.3560,-303.4600
481.4820,-435.4600
481.6070,-305.4600
481.7320,-496.4600
481.8580,-226.4600
481.9830,-339.4600
482.1080,-258.4600
482.2340,-393.4600
482.3590,-258.4600
482.4840,86.5400
482.6100,-300.4600
482.7350,-137.4600
482.8600,-396.4600
482.9850,-217.4600
483.1110,-221.4600
483.2360,-79.4600
483.3610,-241.4600
483.4860,-308.4600
483.6120,16.5400
483.7370,-412.4600
483.8620,-179.4600
483.9870,-83.4600
484.1130,-411.4600
484.2380,-67.4600
484.3630,-361.4600
484.4880,-237.4600
484.6140,-11.4600
484.7390,-234.4600
484.8640,57.5400
484.9890,429.5400
485.1140,-96.4600
485.2400,-186.4600
485.3650,-257.4600
485.4900,-430.4600
485.6150,-18.4600
485.7400,-184.4600
485.8650,-109.4600
485.9910,-122.4600
486.1160,-75.4600
486.2410,-388.4600
486.3660,-366.4600
486.4910,-62.4600
486.6160,-272.4600
486.7420,-234.4600
486.8670,-199.4600
486.9920,-356.4600
487.1170,-329.4600
487.2420,-325.4600
487.3670,-476.4600
487.4920,-239.4600
487.6170,-33.4600
487.7420,-151.4600
487.8680,-294.4600
487.9930,-49.4600
488.1180,-96.4600
488.2430,-90.4600
488.3680,-276.4600
488.4930,-416.4600
488.6180,-253.4600
488.7430,-241.4600
488.8680,-334.4600
488.9930,-192.4600
489.1180,19.5400
489.2430,-156.4600
489.3680,-273.4600
489.4930,1.5400
489.6180,-151.4600
489.7430,-320.4600
489.8680,-162.4600
489.9930,-280.4600
490.1180,-410.4600
490.2430,342.5400
490.3680,-254.4600
490.4930,-37.4600
490.6180,12.5400
490.7430,-433.4600
490.8680,-131.4600
490.9930,-151.4600
491.1180,-5.4600
491.2430,-323.4600
491.3680,-123.4600
491.4930,-27.4600
491.6180,-162.4600
491.7430,-217.4600
491.8680,-268.4600
491.9930,-202.4600
492.1180,-283.4600
492.2430,-110.4600
492.3680,-82.4600
492.4930,-269.4600
492.6180,114.5400
492.7430,-245.4600
492.8670,47.5400
492.9920,-159.4600
493.1170,-41.4600
493.2420,-279.4600
493.3670,-177.4600
493.4920,47.5400
493.6170,-249.4600
493.7420,70.5400
493.8670,-245.4600
493.9910,-393.4600
494.1160,-137.4600
494.2410,-144.4600
494.3660,-217.4600
494.4910,-70.4600
494.6160,68.5400
494.7400,-272.4600
494.8650,-390.4600
494.9900,-236.4600
495.1150,-220.4600
495.2400,-125.4600
495.3650,-254.4600
495.4890,-217.4600
495.6140,-94.4600
495.7390,-185.4600
495.8640,-250.4600
495.9890,-383.4600
496.1130,-10.4600
496.2380,-102.4600
496.3630,-255.4600
496.4880,-334.4600
496.6120,1.5400
496.7370,-263.4600
496.8620,-184.4600
496.9870,-247.4600
497.1110,-337.4600
497.2360,-303.4600
497.3610,-289.4600
497.4860,101.5400
497.6100,-6.4600
497.7350,-215.4600
497.8600,-76.4600
497.9840,-81.4600
498.1090,-413.4600
498.2340,-296.4600
498.3590,-227.4600
498.4830,-165.4600
498.6080,-140.4600
498.7330,-255.4600
498.8570,-352.4600
498.9820,-161.4600
499.1070,-385.4600
499.2310,-149.4600
499.3560,-230.4600
499.4810,105.5400
499.6050,-511.4600
499.7300,-366.4600
499.8550,23.5400
499.9790,-319.4600
500.1040,-202.4600
500.2280,148.5400
500.3530,-242.4600
500.4780,-344.4600
500.6020,-134.4600
500.7270,54.5400
500.8520,-65.4600
500.9760,-451.4600
501.1010,-215.4600
501.2250,134.5400
501.3500,-339.4600
501.4740,-323.4600
501.5990,-21.4600
501.7240,-209.4600
501.8480,-158.4600
501.9730,111.5400
502.0970,-358.4600
502.2220,-413.4600
502.3460,-49.4600
502.4710,-117.4600
502.5950,-268.4600
502.7200,-362.4600
502.8440,-331.4600
502.9690,-200.4600
503.0940,147.5400
503.2180,-377.4600
503.3430,-277.4600
503.4670,-307.4600
503.5920,-235.4600
503.7160,-243.4600
503.8410,-109.4600
503.9650,205.5400
504.0890,-201.4600
504.2140,-340.4600
504.3380,-241.4600
504.4630,8.5400
504.5870,-140.4600
504.7120,-140.4600
504.8360,-169.4600
504.9610,264.5400
505.0850,141.5400
505.2100,-295.4600
505.3340,-287.4600
505.4580,202.5400
505.5830,-370.4600
505.7070,-98.4600
505.8320,-234.4600
505.9560,-145.4600
506.0800,-316.4600
506.2050,-274.4600
506.3290,89.5400
506.4540,-363.4600
506.5780,-162.4600
506.7020,-336.4600
506.8270,124.5400
506.9510,-79.4600
507.0760,-176.4600
507.2000,-362.4600
507.3240,-52.4600
507.4490,44.5400
507.5730,-202.4600
507.6970,-255.4600
507.8220,-155.4600
507.9460,-201.4600
508.0700,-391.4600
508.1950,-206.4600
508.3190,-209.4600
508.4430,-140.4600
508.5670,-412.4600
508.6920,-349.4600
508.8160,-325.4600
508.9400,-183.4600
509.0650,-458.4600
509.1890,-99.4600
509.3130,-67.4600
509.4370,10.5400
509.5620,-245.4600
509.6860,-136.4600
509.8100,-208.4600
509.9350,-115.4600
510.0590,29.5400
510.1830,-326.4600
510.3070,-378.4600
510.4310,-33.4600
510.5560,-202.4600
510.6800,-266.4600
510.8040,-402.4600
510.9280,-173.4600
511.0530,-384.4600
511.1770,-391.4600
511.3010,-167.4600
511.4250,-261.4600
511.5490,-162.4600
511.6740,-149.4600
511.7980,-176.4600
511.9220,-83.4600
512.0460,150.5400
512.1700,-221.4600
512.2940,-363.4600
512.4190,-109.4600
512.5430,-56.4600
512.6670,-221.4600
512.7910,-324.4600
512.9150,-113.4600
513.0390,-221.4600
513.1630,-66.4600
513.2880,140.5400
513.4120,-245.4600
513.5360,48.5400
513.6600,-306.4600
513.7840,-206.4600
513.9080,-117.4600
514.0320,-143.4600
514.1560,-3.4600
514.2800,-45.4600
514.4040,-193.4600
514.5280,-205.4600
514.6530,-69.4600
514.7770,-4.4600
514.9010,-95.4600
515.0250,80.5400
515.1490,-223.4600
515.2730,-90.4600
515.3970,-214.4600
515.5210,-208.4600
515.6450,-226.4600
515.7690,-305.4600
515.8930,-276.4600
516.0170,-264.4600
516.1410,-416.4600
516.2650,-226.4600
516.3890,-258.4600
516.5130,-166.4600
516.6370,-267.4600
516.7610,-480.4600
516.8850,-297.4600
517.0090,-192.4600
517.1330,-103.4600
517.2570,-219.4600
517.3810,-3.4600
517.5050,-11.4600
517.6290,61.5400
517.7530,-226.4600
517.8770,-371.4600
518.0010,-237.4600
518.1250,-236.4600
518.2480,-58.4600
518.3720,-160.4600
518.4960,-389.4600
518.6200,-117.4600
518.7440,-176.4600
518.8680,-140.4600
518.9920,-145.4600
519.1160,-322.4600
519.2400,405.5400
519.3640,34.5400
519.4880,-152.4600
519.6110,-434.4600
519.7350,-186.4600
519.8590,-226.4600
519.9830,-0.4600
520.1070,-258.4600
520.2310,26.5400
520.3550,-146.4600
520.4780,-260.4600
520.6020,-342.4600
520.7260,64.5400
520.8500,-225.4600
520.9740,-0.4600
521.0980,-247.4600
521.2210,-347.4600
521.3450,38.5400
521.4690,-286.4600
521.5930,-187.4600
521.7170,34.5400
521.8400,-171.4600
521.9640,-308.4600
522.0880,-254.4600
522.2120,-211.4600
522.3350,-386.4600
522.4590,-271.4600
522.5830,206.5400
522.7070,-350.4600
522.8300,-414.4600
522.9540,-307.4600
523.0780,-289.4600
523.2020,-22.4600
523.3250,-247.4600
523.4490,-139.4600
523.5730,-169.4600
523.6970,-305.4600
523.8200,-204.4600
523.9440,-222.4600
524.0680,-196.4600
524.1910,-216.4600
524.3150,-395.4600
524.4390,-156.4600
524.5620,-43.4600
524.6860,-245.4600
524.8100,-318.4600
524.9330,-249.4600
525.0570,-234.4600
525.1810,-95.4600
525.3040,-363.4600
525.4280,113.5400
525.5520,-375.4600
525.6750,-173.4600
525.7990,-293.4600
525.9230,-142.4600
526.0460,-88.4600
526.1700,-414.4600
526.2930,-332.4600
526.4170,-156.4600
526.5410,-17.4600
526.6640,-243.4600
526.7880,-237.4600
526.9110,-69.4600
527.0350,-341.4600
527.1590,-231.4600
527.2820,-265.4600
527.4060,-289.4600
527.5290,-64.4600
527.6530,-387.4600
527.7760,-120.4600
527.9000,-248.4600
528.0240,-295.4600
528.1470,-262.4600
528.2710,22.5400
528.3940,-8.4600
528.5180,31.5400
528.6410,-352.4600
528.7650,-124.4600
528.8880,-179.4600
529.0120,-108.4600
529.1350,-246.4600
529.2590,66.5400
529.3820,-202.4600
529.5060,-317.4600
529.6290,-84.4600
529.7530,-357.4600
529.8760,129.5400
530.0000,33.5400
530.1230,-164.4600
530.2470,-342.4600
530.3700,-264.4600
530.4930,-146.4600
530.6170,-312.4600
530.7400,3.5400
530.8640,-57.4600
530.9870,-409.4600
531.1110,-102.4600
531.2340,-308.4600
531.3570,9.5400
531.4810,21.5400
531.6040,23.5400
531.7280,-391.4600
531.8510,-114.4600
531.9740,-84.4600
532.0980,-224.4600
532.2210,-315.4600
532.3450,-206.4600
532.4680,-346.4600
532.5910,128.5400
532.7150,-209.4600
532.8380,-245.4600
532.9610,-205.4600
533.0850,-292.4600
533.2080,-121.4600
533.3310,-385.4600
533.4550,-19.4600
533.5780,-219.4600
533.7010,-129.4600
533.8250,36.5400
533.9480,-285.4600
534.0710,-250.4600
534.1950,-50.4600
534.3180,-346.4600
534.4410,-293.4600
534.5640,-68.4600
534.6880,-250.4600
534.8110,-42.4600
534.9340,-205.4600
535.0580,-114.4600
535.1810,47.5400
535.3040,-29.4600
535.4270,-282.4600
535.5510,-407.4600
535.6740,-205.4600
535.7970,-96.4600
535.9200,-48.4600
536.0430,-361.4600
536.1670,-360.4600
536.2900,-107.4600
536.4130,-168.4600
536.5360,-334.4600
536.6600,-256.4600
536.7830,-76.4600
536.9060,-132.4600
537.0290,-298.4600
537.1520,-255.4600
537.2750,-189.4600
537.3990,123.5400
537.5220,-445.4600
537.6450,-217.4600
537.7680,-247.4600
537.8910,-135.4600
538.0140,-195.4600
538.1380,-278.4600
538.2610,-240.4600
538.3840,-153.4600
538.5070,-362.4600
538.6300,-257.4600
538.7530,112.5400
538.8760,-128.4600
538.9990,-350.4600
539.1230,-74.4600
539.2460,196.5400
539.3690,240.5400
539.4920,-287.4600
539.6150,-359.4600
539.7380,169.5400
539.8610,-252.4600
539.9840,-185.4600
540.1070,-125.4600
540.2300,-262.4600
540.3530,-331.4600
540.4760,-472.4600
540.5990,-101.4600
540.7220,-356.4600
540.8460,-121.4600
540.9690,-423.4600
541.0920,-149.4600
541.2150,-345.4600
541.3380,-113.4600
541.4610,-323.4600
541.5840,-194.4600
541.7070,-185.4600
541.8300,-298.4600
541.9530,-146.4600
542.0760,-98.4600
542.1990,-164.4600
542.3220,62.5400
542.4450,126.5400
542.5670,-248.4600
542.6900,-142.4600
542.8130,-264.4600
542.9360,-69.4600
543.0590,-146.4600
543.1820,222.5400
543.3050,69.5400
543.4280,-129.4600
543.5510,-223.4600
543.6740,108.5400
543.7970,-54.4600
543.9200,-244.4600
544.0430,257.5400
544.1660,-301.4600
544.2880,-226.4600
544.4110,-89.4600
544.5340,-352.4600
544.6570,-125.4600
544.7800,-227.4600
544.9030,-67.4600
545.0260,-177.4600
545.1490,-336.4600
545.2710,-355.4600
545.3940,-262.4600
545.5170,-390.4600
545.6400,373.5400
545.7630,-195.4600
545.8860,-286.4600
546.0080,-114.4600
546.1310,-2.4600
546.2540,-202.4600
546.3770,-381.4600
546.5000,-32.4600
546.6230,-62.4600
546.7450,-341.4600
546.8680,-215.4600
546.9910,24.5400
547.1140,-172.4600
547.2360,-194.4600
547.3590,-336.4600
547.4820,-117.4600
547.6050,-275.4600
547.7280,-252.4600
547.8500,-312.4600
547.9730,-283.4600
548.0960,-208.4600
548.2190,-90.4600
548.3410,-214.4600
548.4640,-371.4600
548.5870,-155.4600
548.7090,-208.4600
548.8320,-157.4600
548.9550,251.5400
549.0780,23.5400
549.2000,-302.4600
549.3230,-240.4600
549.4460,151.5400
549.5680,-154.4600
549.6910,-79.4600
549.8140,-37.4600
549.9360,-266.4600
550.0590,-210.4600
550.1820,-332.4600
550.3040,-409.4600
550.4270,-157.4600
550.5500,-254.4600
550.6720,-298.4600
550.7950,278.5400
550.9170,-306.4600
551.0400,-178.4600
551.1630,-94.4600
551.2850,63.5400
551.4080,13.5400
551.5310,324.5400
551.6530,-344.4600
551.7760,-149.4600
551.8980,-108.4600
552.0210,-93.4600
552.1430,-210.4600
552.2660,-196.4600
552.3890,-199.4600
552.5110,-353.4600
552.6340,-369.4600
552.7560,-331.4600
552.8790,224.5400
553.0010,7.5400
553.1240,-403.4600
553.2460,-286.4600
553.3690,19.5400
553.4920,-207.4600
553.6140,43.5400
553.7370,-462.4600
553.8590,-62.4600
553.9820,4.5400
554.1040,-137.4600
554.2270,-319.4600
554.3490,-195.4600
554.4720,-189.4600
554.5940,-459.4600
554.7160,20.5400
554.8390,-55.4600
554.9610,-116.4600
555.0840,-331.4600
555.2060,-139.4600
555.3290,-367.4600
555.4510,-356.4600
555.5740,-91.4600
555.6960,-308.4600
555.8190,-152.4600
555.9410,-167.4600
556.0630,-53.4600
556.1860,-180.4600
556.3080,-96.4600
556.4310,217.5400
556.5530,-33.4600
556.6750,-274.4600
556.7980,-208.4600
556.9200,-47.4600
557.0430,-294.4600
557.1650,-363.4600
557.2870,24.5400
557.4100,-184.4600
557.5320,-136.4600
557.6540,-241.4600
557.7770,17.5400
557.8990,-171.4600
558.0210,-219.4600
558.1440,57.5400
558.2660,67.5400
558.3880,254.5400
558.5110,-255.4600
558.6330,-200.4600
558.7550,-271.4600
558.8780,-293.4600
559.0000,-14.4600
559.1220,-408.4600
559.2440,-267.4600
559.3670,-199.4600
559.4890,16.5400
559.6110,131.5400
559.7340,-173.4600
559.8560,-136.4600
559.9780,-144.4600
560.1000,-182.4600
560.2230,-181.4600
560.3450,96.5400
560.4670,-360.4600
560.5890,-222.4600
560.7120,-223.4600
560.8340,206.5400
560.9560,-360.4600
561.0780,-214.4600
561.2000,-107.4600
561.3230,83.5400
561.4450,-386.4600
561.5670,-253.4600
561.6890,-312.4600
561.8110,-59.4600
561.9340,-179.4600
562.0560,-199.4600
562.1780,-53.4600
562.3000,-225.4600
562.4220,-56.4600
562.5440,-140.4600
562.6660,18.5400
562.7890,-109.4600
562.9110,-156.4600
563.0330,-37.4600
563.1550,7.5400
563.2770,-252.4600
563.3990,-457.4600
563.5210,-233.4600
563.6430,-305.4600
563.7660,-175.4600
563.8880,29.5400
564.0100,-143.4600
564.1320,-247.4600
564.2540,-369.4600
564.3760,65.5400
564.4980,-157.4600
564.6200,116.5400
564.7420,-140.4600
564.8640,-387.4600
564.9860,-140.4600
565.1080,264.5400
565.2300,-246.4600
565.3520,-47.4600
565.4740,-102.4600
565.5970,131.5400
565.7190,115.5400
565.8410,-357.4600
565.9630,-107.4600
566.0850,-153.4600
566.2070,-180.4600
566.3290,15.5400
566.4510,24.5400
566.5730,-228.4600
566.6950,-193.4600
566.8170,163.5400
566.9380,-337.4600
567.0600,-173.4600
567.1820,-120.4600
567.3040,-184.4600
567.4260,-367.4600
567.5480,49.5400
567.6700,-81.4600
567.7920,-180.4600
567.9140,-300.4600
568.0360,-158.4600
568.1580,-133.4600
568.2800,-314.4600
568.4020,-50.4600
568.5240,-185.4600
568.6460,-289.4600
568.7670,-228.4600
568.8890,15.5400
569.0110,-170.4600
569.1330,-261.4600
569.2550,-390.4600
569.3770,-330.4600
569.4990,-129.4600
569.6210,-247.4600
569.7420,197.5400
569.8640,15.5400
569.9860,294.5400
570.1080,-3.4600
570.2300,-335.4600
570.3520,73.5400
570.4730,-123.4600
570.5950,-174.4600
570.7170,-341.4600
570.8390,-138.4600
570.9610,-16.4600
571.0820,-174.4600
571.2040,-292.4600
571.3260,-274.4600
571.4480,-27.4600
571.5700,10.5400
571.6910,-130.4600
571.8130,-141.4600
571.9350,46.5400
572.0570,-143.4600
572.1780,-308.4600
572.3000,82.5400
572.4220,114.5400
572.5440,172.5400
572.6650,-253.4600
572.7870,-277.4600
572.9090,127.5400
573.0310,-49.4600
573.1520,-346.4600
573.2740,-26.4600
573.3960,1.5400
573.5170,-17.4600
573.6390,-432.4600
573.7610,-290.4600
573.8820,-122.4600
574.0040,-7.4600
574.1260,-284.4600
574.2470,-26.4600
574.3690,-16.4600
574.4910,-157.4600
574.6120,-317.4600
574.7340,-166.4600
574.8560,-148.4600
574.9770,-11.4600
575.0990,-125.4600
575.2210,-162.4600
575.3420,-166.4600
575.4640,-106.4600
575.5850,-51.4600
575.7070,-306.4600
575.8290,100.5400
575.9500,60.5400
576.0720,-234.4600
576.1930,-326.4600
576.3150,-203.4600
576.4370,-162.4600
576.5580,-191.4600
576.6800,-195.4600
576.8010,218.5400
576.9230,-297.4600
577.0440,45.5400
577.1660,-416.4600
577.2870,-130.4600
577.4090,-185.4600
577.5310,-180.4600
577.6520,-53.4600
577.7740,-393.4600
577.8950,-158.4600
578.0170,-304.4600
578.1380,-282.4600
578.2600,-188.4600
578.3810,-73.4600
578.5030,-291.4600
578.6240,-258.4600
578.7460,-350.4600
578.8670,-179.4600
578.9880,-85.4600
579.1100,103.5400
579.2310,-89.4600
579.3530,-229.4600
579.4740,-183.4600
579.5960,-223.4600
579.7170,2.5400
579.8390,-107.4600
579.9600,-452.4600
580.0810,-75.4600
580.2030,-177.4600
580.3240,-122.4600
580.4460,-57.4600
580.5670,-152.4600
580.6880,206.5400
580.8100,-298.4600
580.9310,-235.4600
581.0530,-371.4600
581.1740,-115.4600
581.2950,-250.4600
581.4170,-59.4600
581.5380,-46.4600
581.6590,-51.4600
581.7810,-138.4600
581.9020,-263.4600
582.0240,-323.4600
582.1450,-330.4600
582.2660,-292.4600
582.3880,-184.4600
582.5090,-338.4600
582.6300,-145.4600
582.7510,-250.4600
582.8730,-225.4600
582.9940,-264.4600
583.1150,-186.4600
583.2370,-86.4600
583.3580,-285.4600
583.4790,-432.4600
583.6000,22.5400
583.7220,-176.4600
583.8430,-317.4600
583.9640,77.5400
584.0860,-229.4600
584.2070,-46.4600
584.3280,-351.4600
584.4490,-90.4600
584.5700,-106.4600
584.6920,-140.4600
584.8130,815.5400
584.9340,-148.4600
585.0550,-303.4600
585.1770,9.5400
585.2980,-123.4600
585.4190,-349.4600
585.5400,144.5400
585.6610,-39.4600
585.7830,-101.4600
585.9040,-289.4600
586.0250,103.5400
586.1460,-320.4600
586.2670,-250.4600
586.3880,-186.4600
586.5100,274.5400
586.6310,-290.4600
586.7520,-359.4600
586.8730,-226.4600
586.9940,-353.4600
587.1150,-317.4600
587.2360,-269.4600
587.3570,-392.4600
587.4790,-303.4600
587.6000,35.5400
587.7210,-231.4600
587.8420,-283.4600
587.9630,179.5400
588.0840,89.5400
588.2050,-332.4600
588.3260,-196.4600
588.4470,-136.4600
588.5680,-176.4600
588.6890,-122.4600
588.8100,-83.4600
588.9310,-180.4600
589.0520,-231.4600
589.1740,-289.4600
589.2950,-74.4600
589.4160,-103.4600
589.5370,34.5400
589.6580,-233.4600
589.7790,-379.4600
589.9000,58.5400
590.0210,-241.4600
590.1420,-244.4600
590.2630,-384.4600
590.3840,-152.4600
590.5050,200.5400
590.6260,-299.4600
590.7470,-145.4600
590.8670,-72.4600
590.9880,-45.4600
591.1090,-198.4600
591.2300,41.5400
591.3510,6.5400
591.4720,-136.4600
591.5930,-243.4600
591.7140,-134.4600
591.8350,-216.4600
591.9560,-204.4600
592.0770,-409.4600
592.1980,-187.4600
592.3190,-84.4600
592.4400,-22.4600
592.5600,-275.4600
592.6810,-381.4600
592.8020,-80.4600
592.9230,-175.4600
593.0440,-280.4600
593.1650,-338.4600
593.2860,-65.4600
593.4070,-265.4600
593.5270,9.5400
593.6480,-315.4600
593.7690,-68.4600
593.8900,79.5400
594.0110,-173.4600
594.1320,-272.4600
594.2520,-103.4600
594.3730,-318.4600
594.4940,-387.4600
594.6150,-203.4600
594.7360,-216.4600
594.8560,17.5400
594.9770,-340.4600
595.0980,-94.4600
595.2190,-305.4600
595.3400,-114.4600
595.4600,-353.4600
595.5810,175.5400
595.7020,-177.4600
595.8230,-318.4600
595.9430,-142.4600
596.0640,-205.4600
596.1850,86.5400
596.3060,-381.4600
596.4260,-297.4600
596.5470,-331.4600
596.6680,-87.4600
596.7880,-101.4600
596.9090,-152.4600
597.0300,-118.4600
597.1510,-126.4600
597.2710,-243.4600
597.3920,-189.4600
597.5130,-81.4600
597.6330,-34.4600
597.7540,-106.4600
597.8750,-199.4600
597.9950,117.5400
598.1160,-120.4600
598.2370,-197.4600
598.3570,-305.4600
598.4780,-291.4600
598.5990,186.5400
598.7190,-174.4600
598.8400,-378.4600
598.9600,-292.4600
599.0810,-158.4600
599.2020,-186.4600
599.3220,-307.4600
599.4430,-316.4600
599.5630,-69.4600
599.6840,30.5400
599.8050,-246.4600
599.9250,-371.4600
600.0460,220.5400
600.1660,-180.4600
600.2870,-106.4600
600.4070,-166.4600
600.5280,59.5400
600.6490,-59.4600
600.7690,-157.4600
600.8900,-333.4600
601.0100,-19.4600
601.1310,-240.4600
601.2510,125.5400
601.3720,-131.4600
601.4920,-225.4600
601.6130,-283.4600
601.7330,-261.4600
601.8540,190.5400
601.9740,315.5400
602.0950,140.5400
602.2150,-356.4600
602.3360,-354.4600
602.4560,208.5400
602.5770,-244.4600
602.6970,683.5400
602.8170,-40.4600
602.9380,-112.4600
603.0580,-70.4600
603.1790,-354.4600
603.2990,-307.4600
603.4200,-355.4600
603.5400,-54.4600
603.6600,-357.4600
603.7810,-117.4600
603.9010,-242.4600
604.0220,99.5400
604.1420,-166.4600
604.2620,-162.4600
604.3830,-239.4600
604.5030,100.5400
604.6240,-285.4600
604.7440,-110.4600
604.8640,-34.4600
604.9850,-204.4600
605.1050,-130.4600
605.2250,-165.4600
605.3460,-140.4600
605.4660,-2.4600
605.5860,195.5400
605.7070,275.5400
605.8270,-331.4600
605.9470,-200.4600
606.0680,-213.4600
606.1880,-215.4600
606.3080,-242.4600
606.4290,49.5400
606.5490,-237.4600
606.6690,-351.4600
606.7890,-266.4600
606.9100,-45.4600
607.0300,-306.4600
607.1500,-225.4600
607.2700,-68.4600
607.3910,4.5400
607.5110,-282.4600
607.6310,-305.4600
607.7510,176.5400
607.8720,-22.4600
607.9920,-329.4600
608.1120,30.5400
608.2320,-255.4600
608.3530,-298.4600
608.4730,-249.4600
608.5930,109.5400
608.7130,318.5400
608.8330,-138.4600
608.9540,-298.4600
609.0740,-228.4600
609.1940,-321.4600
609.3140,208.5400
609.4340,-69.4600
609.5540,-141.4600
609.6750,-59.4600
609.7950,-248.4600
609.9150,-317.4600
610.0350,299.5400
610.1550,-173.4600
610.2750,-211.4600
610.3950,-34.4600
610.5160,-326.4600
610.6360,-113.4600
610.7560,-69.4600
610.8760,-23.4600
610.9960,-315.4600
611.1160,178.5400
611.2360,-353.4600
611.3560,-263.4600
611.4760,-151.4600
611.5960,-109.4600
611.7160,132.5400
611.8360,-316.4600
611.9570,-354.4600
612.0770,-127.4600
612.1970,-58.4600
612.3170,-315.4600
612.4370,28.5400
612.5570,39.5400
612.6770,-171.4600
612.7970,-89.4600
612.9170,-338.4600
613.0370,-42.4600
613.1570,-121.4600
613.2770,-125.4600
613.3970,118.5400
613.5170,155.5400
613.6370,-199.4600
613.7570,-160.4600
613.8770,-253.4600
613.9970,-90.4600
614.1170,-278.4600
614.2370,-209.4600
614.3560,-122.4600
614.4760,76.5400
614.5960,22.5400
614.7160,-203.4600
614.8360,-190.4600
614.9560,-51.4600
615.0760,-98.4600
615.1960,-324.4600
615.3160,-132.4600
615.4360,-21.4600
615.5560,139.5400
615.6760,187.5400
615.7950,-79.4600
615.9150,-106.4600
616.0350,-227.4600
616.1550,-166.4600
616.2750,-292.4600
616.3950,-226.4600
616.5150,1.5400
616.6350,-407.4600
616.7540,-436.4600
616.8740,-12.4600
616.9940,-129.4600
617.1140,235.5400
617.2340,12.5400
617.3540,49.5400
617.4730,344.5400
617.5930,-234.4600
617.7130,-141.4600
617.8330,-55.4600
617.9530,-93.4600
618.0720,-455.4600
618.1920,-272.4600
618.3120,100.5400
618.4320,69.5400
618.5510,-296.4600
618.6710,-262.4600
618.7910,-16.4600
618.9110,-99.4600
619.0300,-199.4600
619.1500,-133.4600
619.2700,-147.4600
619.3900,-212.4600
619.5090,-193.4600
619.6290,-197.4600
619.7490,-276.4600
619.8680,-99.4600
619.9880,-389.4600
620.1080,-278.4600
620.2280,745.5400
620.3470,-82.4600
620.4670,-276.4600
620.5870,-285.4600
620.7060,87.5400
620.8260,-253.4600
620.9460,-307.4600
621.0650,-22.4600
621.1850,299.5400
621.3050,-209.4600
621.4240,-211.4600
621.5440,-424.4600
621.6630,-32.4600
621.7830,-204.4600
621.9030,187.5400
622.0220,-326.4600
622.1420,-132.4600
622.2610,168.5400
622.3810,-120.4600
622.5010,-53.4600
622.6200,-169.4600
622.7400,-107.4600
622.8590,-213.4600
622.9790,60.5400
623.0990,-201.4600
623.2180,-20.4600
623.3380,138.5400
623.4570,-80.4600
623.5770,-219.4600
623.6960,-74.4600
623.8160,-393.4600
623.9350,-282.4600
624.0550,-263.4600
624.1740,-155.4600
624.2940,-166.4600
624.4130,-375.4600
624.5330,-47.4600
624.6520,89.5400
624.7720,-283.4600
624.8910,-376.4600
625.0110,10.5400
625.1300,-188.4600
625.2500,-369.4600
625.3690,-232.4600
625.4890,-196.4600
625.6080,-261.4600
625.7280,-168.4600
625.8470,-141.4600
625.9660,-277.4600
626.0860,-255.4600
626.2050,-344.4600
626.3250,-130.4600
626.4440,-89.4600
626.5640,179.5400
626.6830,0.5400
626.8020,-7.4600
626.9220,87.5400
627.0410,-24.4600
627.1610,-171.4600
627.2800,-1.4600
627.3990,19.5400
627.5190,-66.4600
627.6380,-405.4600
627.7570,-291.4600
627.8770,-171.4600
627.9960,-155.4600
628.1150,-47.4600
628.2350,-25.4600
628.3540,-306.4600
628.4730,-113.4600
628.5930,91.5400
628.7120,-121.4600
628.8310,-78.4600
628.9510,-327.4600
629.0700,69.5400
629.1890,-110.4600
629.3090,-156.4600
629.4280,193.5400
629.5470,-347.4600
629.6660,-64.4600
629.7860,-113.4600
629.9050,-298.4600
630.0240,-25.4600
630.1430,-60.4600
630.2630,-154.4600
630.3820,260.5400
630.5010,-219.4600
630.6200,-251.4600
630.7400,-315.4600
630.8590,63.5400
630.9780,-173.4600
631.0970,-336.4600
631.2160,-272.4600
631.3360,164.5400
631.4550,-298.4600
631.5740,-229.4600
631.6930,-38.4600
631.8120,-193.4600
631.9320,-414.4600
632.0510,85.5400
632.1700,241.5400
632.2890,32.5400
632.4080,-252.4600
632.5270,-166.4600
632.6460,-104.4600
632.7660,-224.4600
632.8850,177.5400
633.0040,-379.4600
633.1230,-147.4600
633.2420,-236.4600
633.3610,624.5400
633.4800,-273.4600
633.5990,-240.4600
633.7180,59.5400
633.8380,-109.4600
633.9570,-376.4600
634.0760,-70.4600
634.1950,-169.4600
634.3140,-33.4600
634.4330,-33.4600
634.5520,-210.4600
634.6710,-78.4600
634.7900,167.5400
634.9090,49.5400
635.0280,-48.4600
635.1470,-13.4600
635.2660,-274.4600
635.3850,-132.4600
635.5040,-298.4600
635.6230,-43.4600
635.7420,-370.4600
635.8610,-334.4600
635.9800,-118.4600
636.0990,-195.4600
636.2180,-170.4600
636.3370,-142.4600
636.4560,273.5400
636.5750,36.5400
636.6940,-143.4600
636.8130,-361.4600
636.9320,-311.4600
637.0510,-72.4600
637.1700,-409.4600
637.2890,-136.4600
637.4080,-313.4600
637.5260,-114.4600
637.6450,-442.4600
637.7640,-375.4600
637.8830,-181.4600
638.0020,56.5400
638.1210,302.5400
638.2400,-281.4600
638.3590,44.5400
638.4780,-170.4600
638.5970,-310.4600
638.7150,383.5400
638.8340,-167.4600
638.9530,38.5400
639.0720,-350.4600
639.1910,-392.4600
639.3100,22.5400
639.4280,-110.4600
639.5470,-106.4600
639.6660,-21.4600
639.7850,-32.4600
639.9040,-73.4600
640.0230,-356.4600
640.1410,-211.4600
640.2600,-144.4600
640.3790,14.5400
640.4980,-404.4600
640.6160,-132.4600
640.7350,-129.4600
640.8540,61.5400
640.9730,-363.4600
641.0920,-50.4600
641.2100,-36.4600
641.3290,-162.4600
641.4480,-2.4600
641.5670,183.5400
641.6850,-132.4600
641.8040,-153.4600
641.9230,-163.4600
642.0410,-277.4600
642.1600,-182.4600
642.2790,116.5400
642.3980,-229.4600
642.5160,-297.4600
642.6350,151.5400
642.7540,-163.4600
642.8720,17.5400
642.9910,19.5400
643.1100,-210.4600
643.2280,-281.4600
643.3470,-376.4600
643.4660,-393.4600
643.5840,27.5400
643.7030,234.5400
643.8210,-137.4600
643.9400,-120.4600
644.0590,-49.4600
644.1770,49.5400
644.2960,-325.4600
644.4150,-266.4600
644.5330,-104.4600
644.6520,22.5400
644.7700,-374.4600
644.8890,-325.4600
645.0080,35.5400
645.1260,-226.4600
645.2450,-16.4600
645.3630,27.5400
645.4820,-60.4600
645.6000,-142.4600
645.7190,-179.4600
645.8370,-225.4600
645.9560,-64.4600
646.0740,-295.4600
646.1930,-298.4600
646.3120,13.5400
646.4300,135.5400
646.5490,242.5400
646.6670,-450.4600
646.7860,-322.4600
646.9040,18.5400
647.0230,-18.4600
647.1410,-347.4600
647.2600,-38.4600
647.3780,459.5400
647.4960,-157.4600
647.6150,-89.4600
647.7330,-132.4600
647.8520,215.5400
647.9700,-191.4600
648.0890,27.5400
648.2070,-60.4600
648.3260,98.5400
648.4440,-159.4600
648.5620,-174.4600
648.6810,-95.4600
648.7990,-141.4600
648.9180,-72.4600
649.0360,-162.4600
649.1540,-270.4600
649.2730,97.5400
649.3910,-153.4600
649.5100,-273.4600
649.6280,-370.4600
649.7460,214.5400
649.8650,-220.4600
649.9830,-337.4600
650.1010,-147.4600
650.2200,-85.4600
650.3380,-212.4600
650.4560,-215.4600
650.5750,-222.4600
650.6930,-287.4600
650.8110,-7.4600
650.9300,-375.4600
651.0480,1095.5400
651.1660,330.5400
651.2850,-144.4600
651.4030,-52.4600
651.5210,-130.4600
651.6390,-103.4600
651.7580,-101.4600
651.8760,196.5400
651.9940,-318.4600
652.1120,82.5400
652.2310,-68.4600
652.3490,-290.4600
652.4670,-471.4600
652.5850,-120.4600
652.7040,22.5400
652.8220,-406.4600
652.9400,-381.4600
653.0580,-40.4600
653.1760,-215.4600
653.2950,-157.4600
653.4130,-8.4600
653.5310,-222.4600
653.6490,-130.4600
653.7670,-322.4600
653.8860,-340.4600
654.0040,-233.4600
654.1220,144.5400
654.2400,-373.4600
654.3580,-333.4600
654.4760,-131.4600
654.5940,212.5400
654.7130,-225.4600
654.8310,-395.4600
654.9490,-163.4600
655.0670,-44.4600
655.1850,-365.4600
655.3030,-262.4600
655.4210,-179.4600
655.5390,114.5400
655.6580,-187.4600
655.7760,-233.4600
655.8940,-2.4600
656.0120,177.5400
656.1300,-405.4600
656.2480,-227.4600
656.3660,-246.4600
656.4840,-150.4600
656.6020,-324.4600
656.7200,-309.4600
656.8380,-59.4600
656.9560,-161.4600
657.0740,-58.4600
657.1920,-114.4600
657.3100,-240.4600
657.4280,-146.4600
657.5460,-94.4600
657.6640,-111.4600
657.7820,-131.4600
657.9000,82.5400
658.0180,-229.4600
658.1360,-156.4600
658.2540,52.5400
658.3720,119.5400
658.4900,-346.4600
658.6080,-329.4600
658.7260,-8.4600
658.8440,-7.4600
658.9620,-269.4600
659.0800,-357.4600
659.1980,-15.4600
659.3160,-83.4600
