197.2500,-1197.6200
197.3850,-1197.6200
197.5190,-1197.6200
197.6530,-1214.6200
197.7870,217.3800
197.9220,-149.6200
198.0560,48.3800
198.1900,50.3800
198.3240,23.3800
198.4590,-200.6200
198.5930,406.3800
198.7270,-24.6200
198.8610,-106.6200
198.9960,212.3800
199.1300,-252.6200
199.2640,-201.6200
199.3980,-50.6200
199.5330,245.3800
199.6670,121.3800
199.8010,-46.6200
199.9350,-251.6200
200.0700,-23.6200
200.2040,-15.6200
200.3380,-152.6200
200.4720,-187.6200
200.6060,-327.6200
200.7410,-146.6200
200.8750,-122.6200
201.0090,-106.6200
201.1430,-186.6200
201.2770,59.3800
201.4120,82.3800
201.5460,218.3800
201.6800,204.3800
201.8140,-173.6200
201.9480,86.3800
202.0820,-73.6200
202.2170,-308.6200
202.3510,-140.6200
202.4850,-23.6200
202.6190,-264.6200
202.7530,-335.6200
202.8870,288.3800
203.0210,103.3800
203.1560,226.3800
203.2900,36.3800
203.4240,-17.6200
203.5580,-191.6200
203.6920,-73.6200
203.8260,-285.6200
203.9600,-72.6200
204.0940,209.3800
204.2290,-175.6200
204.3630,-204.6200
204.4970,-322.6200
204.6310,-273.6200
204.7650,-205.6200
204.8990,-111.6200
205.0330,-138.6200
205.1670,-234.6200
205.3010,-8.6200
205.4350,-298.6200
205.5690,-76.6200
205.7040,-57.6200
205.8380,-276.6200
205.9720,-131.6200
206.1060,529.3800
206.2400,-176.6200
206.3740,-210.6200
206.5080,0.3800
206.6420,59.3800
206.7760,-70.6200
206.9100,189.3800
207.0440,19.3800
207.1780,119.3800
207.3120,-26.6200
207.4460,-132.6200
207.5800,-117.6200
207.7140,-237.6200
207.8480,133.3800
207.9820,-370.6200
208.1160,69.3800
208.2500,-220.6200
208.3840,-190.6200
208.5180,-164.6200
208.6520,-250.6200
208.7860,-258.6200
208.9200,239.3800
209.0540,-61.6200
209.1880,-267.6200
209.3220,-85.6200
209.4560,-123.6200
209.5900,-259.6200
209.7240,-83.6200
209.8580,-23.6200
209.9920,-87.6200
210.1260,-176.6200
210.2600,-129.6200
210.3940,-63.6200
210.5280,-69.6200
210.6620,-177.6200
210.7960,-154.6200
210.9290,141.3800
211.0630,14.3800
211.1970,-60.6200
211.3310,-18.6200
211.4650,-194.6200
211.5990,69.3800
211.7330,105.3800
211.8670,-187.6200
212.0010,-180.6200
212.1350,-33.6200
212.2690,-214.6200
212.4020,-198.6200
212.5360,84.3800
212.6700,-118.6200
212.8040,-238.6200
212.9380,58.3800
213.0720,-211.6200
213.2060,-77.6200
213.3400,-141.6200
213.4730,-133.6200
213.6070,112.3800
213.7410,-278.6200
213.8750,-268.6200
214.0090,-210.6200
214.1430,-147.6200
214.2770,-115.6200
214.4100,-224.6200
214.5440,240.3800
214.6780,87.3800
214.8120,306.3800
214.9460,-259.6200
215.0800,-162.6200
215.2130,-222.6200
215.3470,-89.6200
215.4810,-67.6200
215.6150,-320.6200
215.7490,50.3800
215.8820,-242.6200
216.0160,-291.6200
216.1500,66.3800
216.2840,152.3800
216.4180,6.3800
216.5510,112.3800
216.6850,34.3800
216.8190,-252.6200
216.9530,-165.6200
217.0860,268.3800
217.2200,-136.6200
217.3540,18.3800
217.4880,95.3800
217.6210,97.3800
217.7550,-14.6200
217.8890,-113.6200
218.0230,-56.6200
218.1560,64.3800
218.2900,101.3800
218.4240,198.3800
218.5580,-240.6200
218.6910,-377.6200
218.8250,-110.6200
218.9590,444.3800
219.0920,-121.6200
219.2260,-314.6200
219.3600,-299.6200
219.4940,-31.6200
219.6270,-172.6200
219.7610,-194.6200
219.8950,-102.6200
220.0280,-280.6200
220.1620,478.3800
220.2960,143.3800
220.4290,-11.6200
220.5630,-40.6200
220.6970,-19.6200
220.8300,-205.6200
220.9640,-165.6200
221.0980,-242.6200
221.2310,-244.6200
221.3650,55.3800
221.4990,-211.6200
221.6320,-236.6200
221.7660,18.3800
221.9000,-74.6200
222.0330,88.3800
222.1670,84.3800
222.3000,-192.6200
222.4340,-8.6200
222.5680,255.3800
222.7010,-172.6200
222.8350,-143.6200
222.9680,-230.6200
223.1020,-236.6200
223.2360,-264.6200
223.3690,19.3800
223.5030,9.3800
223.6360,-219.6200
223.7700,-150.6200
223.9040,38.3800
224.0370,-193.6200
224.1710,100.3800
224.3040,7.3800
224.4380,-158.6200
224.5710,-84.6200
224.7050,198.3800
224.8390,-25.6200
224.9720,-317.6200
225.1060,-31.6200
225.2390,-94.6200
225.3730,53.3800
225.5060,-70.6200
225.6400,62.3800
225.7730,-135.6200
225.9070,-193.6200
226.0400,-310.6200
226.1740,-105.6200
226.3070,-62.6200
226.4410,-132.6200
226.5750,9.3800
226.7080,184.3800
226.8420,-78.6200
226.9750,-147.6200
227.1090,-196.6200
227.2420,17.3800
227.3750,79.3800
227.5090,-47.6200
227.6420,-137.6200
227.7760,63.3800
227.9090,42.3800
228.0430,-199.6200
228.1760,200.3800
228.3100,-253.6200
228.4430,332.3800
228.5770,-62.6200
228.7100,-103.6200
228.8440,-10.6200
228.9770,-279.6200
229.1110,-186.6200
229.2440,78.3800
229.3770,-288.6200
229.5110,-26.6200
229.6440,-170.6200
229.7780,-144.6200
229.9110,-193.6200
230.0440,-112.6200
230.1780,-30.6200
230.3110,-211.6200
230.4450,26.3800
230.5780,-188.6200
230.7110,-55.6200
230.8450,329.3800
230.9780,55.3800
231.1120,-229.6200
231.2450,-239.6200
231.3780,-207.6200
231.5120,44.3800
231.6450,-408.6200
231.7790,-312.6200
231.9120,-11.6200
232.0450,60.3800
232.1790,-150.6200
232.3120,-139.6200
232.4450,90.3800
232.5790,252.3800
232.7120,140.3800
232.8450,-179.6200
232.9790,-347.6200
233.1120,96.3800
233.2450,-128.6200
233.3790,-288.6200
233.5120,-13.6200
233.6450,-241.6200
233.7790,-250.6200
233.9120,33.3800
234.0450,-144.6200
234.1790,51.3800
234.3120,-153.6200
234.4450,24.3800
234.5780,-1.6200
234.7120,12.3800
234.8450,58.3800
234.9780,-162.6200
235.1120,-45.6200
235.2450,131.3800
235.3780,-162.6200
235.5110,-21.6200
235.6450,35.3800
235.7780,21.3800
235.9110,-138.6200
236.0440,-283.6200
236.1780,294.3800
236.3110,-255.6200
236.4440,-253.6200
236.5770,-212.6200
236.7110,-37.6200
236.8440,-387.6200
236.9770,-124.6200
237.1100,-178.6200
237.2430,0.3800
237.3770,-264.6200
237.5100,-191.6200
237.6430,956.3800
237.7760,-139.6200
237.9090,-139.6200
238.0430,-3.6200
238.1760,-203.6200
238.3090,-87.6200
238.4420,-281.6200
238.5750,-78.6200
238.7090,422.3800
238.8420,11.3800
238.9750,-15.6200
239.1080,185.3800
239.2410,-281.6200
239.3740,-237.6200
239.5080,-180.6200
239.6410,197.3800
239.7740,383.3800
239.9070,-62.6200
240.0400,-244.6200
240.1730,49.3800
240.3060,210.3800
240.4400,-156.6200
240.5730,184.3800
240.7060,-146.6200
240.8390,7.3800
240.9720,-82.6200
241.1050,-64.6200
241.2380,33.3800
241.3710,-49.6200
241.5040,-43.6200
241.6380,-111.6200
241.7710,-40.6200
241.9040,-158.6200
242.0370,60.3800
242.1700,-207.6200
242.3030,-300.6200
242.4360,-51.6200
242.5690,-107.6200
242.7020,-207.6200
242.8350,-132.6200
242.9680,-56.6200
243.1010,-101.6200
243.2340,-232.6200
243.3670,-265.6200
243.5000,-129.6200
243.6340,-193.6200
243.7670,-283.6200
243.9000,-222.6200
244.0330,-244.6200
244.1660,68.3800
244.2990,-305.6200
244.4320,-241.6200
244.5650,17.3800
244.6980,-332.6200
244.8310,-149.6200
244.9640,-256.6200
245.0970,-178.6200
245.2300,23.3800
245.3630,147.3800
245.4960,-277.6200
245.6290,-146.6200
245.7620,450.3800
245.8950,-247.6200
246.0280,-217.6200
246.1610,425.3800
246.2940,83.3800
246.4270,-225.6200
246.5590,90.3800
246.6920,-32.6200
246.8250,-127.6200
246.9580,-224.6200
247.0910,-261.6200
247.2240,-302.6200
247.3570,-188.6200
247.4900,114.3800
247.6230,-183.6200
247.7560,-264.6200
247.8890,285.3800
248.0220,-112.6200
248.1550,-274.6200
248.2880,-96.6200
248.4210,-216.6200
248.5530,85.3800
248.6860,-233.6200
248.8190,90.3800
248.9520,-211.6200
249.0850,182.3800
249.2180,-44.6200
249.3510,-95.6200
249.4840,192.3800
249.6170,-82.6200
249.7490,-244.6200
249.8820,-215.6200
250.0150,-214.6200
250.1480,-151.6200
250.2810,-257.6200
250.4140,-149.6200
250.5470,-192.6200
250.6790,218.3800
250.8120,-92.6200
250.9450,9.3800
251.0780,-239.6200
251.2110,-171.6200
251.3440,-291.6200
251.4760,-157.6200
251.6090,9.3800
251.7420,-267.6200
251.8750,-61.6200
252.0080,-182.6200
252.1400,-349.6200
252.2730,-103.6200
252.4060,189.3800
252.5390,-39.6200
252.6720,-81.6200
252.8040,140.3800
252.9370,-257.6200
253.0700,11.3800
253.2030,-99.6200
253.3350,84.3800
253.4680,-326.6200
253.6010,-139.6200
253.7340,-66.6200
253.8660,-149.6200
253.9990,415.3800
254.1320,-17.6200
254.2650,-134.6200
254.3970,-183.6200
254.5300,-153.6200
254.6630,43.3800
254.7960,-192.6200
254.9280,-280.6200
255.0610,-209.6200
255.1940,-36.6200
255.3270,-295.6200
255.4590,-13.6200
255.5920,-275.6200
255.7250,189.3800
255.8570,-179.6200
255.9900,7.3800
256.1230,-276.6200
256.2550,-243.6200
256.3880,-57.6200
256.5210,-231.6200
256.6530,-287.6200
256.7860,-232.6200
256.9190,-175.6200
257.0510,-243.6200
257.1840,-23.6200
257.3170,-202.6200
257.4490,-248.6200
257.5820,-74.6200
257.7150,-196.6200
257.8470,-228.6200
257.9800,-96.6200
258.1130,-167.6200
258.2450,-111.6200
258.3780,-345.6200
258.5100,-260.6200
258.6430,-239.6200
258.7760,37.3800
258.9080,-291.6200
259.0410,-53.6200
259.1740,-180.6200
259.3060,-200.6200
259.4390,-263.6200
259.5710,-168.6200
259.7040,-112.6200
259.8370,198.3800
259.9690,-199.6200
260.1020,-218.6200
260.2340,235.3800
260.3670,85.3800
260.4990,-231.6200
260.6320,-148.6200
260.7650,-175.6200
260.8970,-180.6200
261.0300,-213.6200
261.1620,-54.6200
261.2950,-52.6200
261.4270,109.3800
261.5600,-54.6200
261.6920,-241.6200
261.8250,-56.6200
261.9570,88.3800
262.0900,117.3800
262.2220,19.3800
262.3550,-241.6200
262.4870,-119.6200
262.6200,-252.6200
262.7520,-99.6200
262.8850,-161.6200
263.0170,10.3800
263.1500,-200.6200
263.2820,-65.6200
263.4150,-260.6200
263.5470,-27.6200
263.6800,200.3800
263.8120,-295.6200
263.9450,-108.6200
264.0770,-234.6200
264.2100,174.3800
264.3420,-275.6200
264.4750,-206.6200
264.6070,169.3800
264.7400,-380.6200
264.8720,-102.6200
265.0040,119.3800
265.1370,58.3800
265.2690,353.3800
265.4020,-280.6200
265.5340,-190.6200
265.6670,-167.6200
265.7990,68.3800
265.9310,-87.6200
266.0640,-1.6200
266.1960,-139.6200
266.3290,-157.6200
266.4610,-160.6200
266.5930,51.3800
266.7260,-324.6200
266.8580,-151.6200
266.9900,-88.6200
267.1230,-162.6200
267.2550,-45.6200
267.3880,-124.6200
267.5200,-230.6200
267.6520,-164.6200
267.7850,113.3800
267.9170,-3.6200
268.0490,-134.6200
268.1820,388.3800
268.3140,67.3800
268.4460,-325.6200
268.5790,-198.6200
268.7110,185.3800
268.8430,-221.6200
268.9760,-59.6200
269.1080,392.3800
269.2400,155.3800
269.3730,-18.6200
269.5050,-155.6200
269.6370,-143.6200
269.7700,-223.6200
269.9020,143.3800
270.0340,-250.6200
270.1670,28.3800
270.2990,-19.6200
270.4310,38.3800
270.5630,-162.6200
270.6960,11.3800
270.8280,-106.6200
270.9600,-80.6200
271.0920,21.3800
271.2250,-191.6200
271.3570,-58.6200
271.4890,-198.6200
271.6210,-235.6200
271.7540,531.3800
271.8860,-218.6200
272.0180,-171.6200
272.1500,298.3800
272.2830,-262.6200
272.4150,-161.6200
272.5470,63.3800
272.6790,89.3800
272.8110,-96.6200
272.9440,-122.6200
273.0760,-329.6200
273.2080,-65.6200
273.3400,-94.6200
273.4730,-144.6200
273.6050,95.3800
273.7370,-268.6200
273.8690,-39.6200
274.0010,-395.6200
274.1330,-7.6200
274.2660,-193.6200
274.3980,1478.3800
274.5300,63.3800
274.6620,135.3800
274.7940,27.3800
274.9260,90.3800
275.0590,-174.6200
275.1910,0.3800
275.3230,-252.6200
275.4550,105.3800
275.5870,-228.6200
275.7190,-172.6200
275.8510,-98.6200
275.9830,44.3800
276.1160,-4.6200
276.2480,118.3800
276.3800,-263.6200
276.5120,-13.6200
276.6440,-147.6200
276.7760,-235.6200
276.9080,-30.6200
277.0400,-90.6200
277.1720,50.3800
277.3040,-169.6200
277.4370,-20.6200
277.5690,-205.6200
277.7010,-216.6200
277.8330,-114.6200
277.9650,-179.6200
278.0970,36.3800
278.2290,-181.6200
278.3610,-148.6200
278.4930,96.3800
278.6250,189.3800
278.7570,45.3800
278.8890,-243.6200
279.0210,-138.6200
279.1530,498.3800
279.2850,-211.6200
279.4170,584.3800
279.5490,95.3800
279.6810,-94.6200
279.8130,-184.6200
279.9450,29.3800
280.0770,-212.6200
280.2090,1050.3800
280.3410,-274.6200
280.4730,-158.6200
280.6050,102.3800
280.7370,-25.6200
280.8690,199.3800
281.0010,-69.6200
281.1330,-305.6200
281.2650,-12.6200
281.3970,-120.6200
281.5290,260.3800
281.6610,-260.6200
281.7930,-361.6200
281.9250,-220.6200
282.0570,-135.6200
282.1890,-149.6200
282.3210,-47.6200
282.4530,23.3800
282.5850,-214.6200
282.7170,152.3800
282.8490,-58.6200
282.9800,-132.6200
283.1120,-229.6200
283.2440,7.3800
283.3760,-251.6200
283.5080,-339.6200
283.6400,-215.6200
283.7720,114.3800
283.9040,104.3800
284.0360,-274.6200
284.1680,135.3800
284.2990,-33.6200
284.4310,-44.6200
284.5630,-138.6200
284.6950,-128.6200
284.8270,-241.6200
284.9590,4.3800
285.0910,-224.6200
285.2220,-253.6200
285.3540,-176.6200
285.4860,-101.6200
285.6180,-246.6200
285.7500,-116.6200
285.8820,180.3800
286.0130,45.3800
286.1450,-55.6200
286.2770,8.3800
286.4090,89.3800
286.5410,54.3800
286.6730,-221.6200
286.8040,-214.6200
286.9360,-60.6200
287.0680,-183.6200
287.2000,-221.6200
287.3320,303.3800
287.4630,-284.6200
287.5950,-46.6200
287.7270,393.3800
287.8590,-113.6200
287.9900,-119.6200
288.1220,-179.6200
288.2540,48.3800
288.3860,-152.6200
288.5170,-286.6200
288.6490,-138.6200
288.7810,-26.6200
288.9130,-23.6200
289.0440,-272.6200
289.1760,199.3800
289.3080,-169.6200
289.4400,-346.6200
289.5710,-173.6200
289.7030,-251.6200
289.8350,68.3800
289.9670,-250.6200
290.0980,-285.6200
290.2300,-309.6200
290.3620,113.3800
290.4930,-327.6200
290.6250,-157.6200
290.7570,-171.6200
290.8880,-142.6200
291.0200,-8.6200
291.1520,-27.6200
291.2830,-1.6200
291.4150,-121.6200
291.5470,-242.6200
291.6780,-240.6200
291.8100,-30.6200
291.9420,288.3800
292.0730,-49.6200
292.2050,-287.6200
292.3370,99.3800
292.4680,474.3800
292.6000,-194.6200
292.7320,639.3800
292.8630,-193.6200
292.9950,-323.6200
293.1260,40.3800
293.2580,185.3800
293.3900,-266.6200
293.5210,-245.6200
293.6530,-294.6200
293.7850,73.3800
293.9160,-147.6200
294.0480,29.3800
294.1790,22.3800
294.3110,-264.6200
294.4420,50.3800
294.5740,-260.6200
294.7060,-117.6200
294.8370,100.3800
294.9690,-59.6200
295.1000,-178.6200
295.2320,-231.6200
295.3630,194.3800
295.4950,-183.6200
295.6270,5.3800
295.7580,125.3800
295.8900,-360.6200
296.0210,12.3800
296.1530,29.3800
296.2840,-65.6200
296.4160,-115.6200
296.5470,-164.6200
296.6790,-54.6200
296.8100,-31.6200
296.9420,-316.6200
297.0730,-284.6200
297.2050,-291.6200
297.3360,-163.6200
297.4680,-247.6200
297.5990,-43.6200
297.7310,-357.6200
297.8620,-135.6200
297.9940,-330.6200
298.1250,-271.6200
298.2570,-112.6200
298.3880,33.3800
298.5200,31.3800
298.6510,-85.6200
298.7820,295.3800
298.9140,-238.6200
299.0450,-149.6200
299.1770,-290.6200
299.3080,-302.6200
299.4400,9.3800
299.5710,-24.6200
299.7020,-150.6200
299.8340,-74.6200
299.9650,-145.6200
300.0970,-221.6200
300.2280,-38.6200
300.3600,-82.6200
300.4910,-75.6200
300.6220,-20.6200
300.7540,-99.6200
300.8850,-217.6200
301.0170,-46.6200
301.1480,-192.6200
301.2790,-319.6200
301.4110,34.3800
301.5420,-11.6200
301.6730,-28.6200
301.8050,3.3800
301.9360,-218.6200
302.0670,-111.6200
302.1990,-185.6200
302.3300,-220.6200
302.4610,314.3800
302.5930,30.3800
302.7240,-16.6200
302.8550,-284.6200
302.9870,-114.6200
303.1180,-278.6200
303.2490,-331.6200
303.3810,-127.6200
303.5120,-194.6200
303.6430,-213.6200
303.7750,140.3800
303.9060,-246.6200
304.0370,-255.6200
304.1690,-210.6200
304.3000,-122.6200
304.4310,-285.6200
304.5620,-195.6200
304.6940,-153.6200
304.8250,-44.6200
304.9560,121.3800
305.0870,-150.6200
305.2190,-3.6200
305.3500,-45.6200
305.4810,-208.6200
305.6120,30.3800
305.7440,-3.6200
305.8750,-197.6200
306.0060,509.3800
306.1370,-226.6200
306.2690,-40.6200
306.4000,78.3800
306.5310,113.3800
306.6620,-115.6200
306.7940,108.3800
306.9250,-176.6200
307.0560,-268.6200
307.1870,-45.6200
307.3180,-121.6200
307.4500,-130.6200
307.5810,-231.6200
307.7120,-222.6200
307.8430,-72.6200
307.9740,-77.6200
308.1050,137.3800
308.2370,-58.6200
308.3680,-284.6200
308.4990,-116.6200
308.6300,-5.6200
308.7610,-89.6200
308.8920,-114.6200
309.0240,-145.6200
309.1550,-175.6200
309.2860,-202.6200
309.4170,-262.6200
309.5480,-133.6200
309.6790,-152.6200
309.8100,-383.6200
309.9410,444.3800
310.0730,-33.6200
310.2040,-319.6200
310.3350,-21.6200
310.4660,-174.6200
310.5970,-279.6200
310.7280,-165.6200
310.8590,358.3800
310.9900,343.3800
311.1210,-104.6200
311.2520,-88.6200
311.3830,-236.6200
311.5140,-36.6200
311.6460,-149.6200
311.7770,-7.6200
311.9080,-30.6200
312.0390,-134.6200
312.1700,-309.6200
312.3010,-121.6200
312.4320,-211.6200
312.5630,-326.6200
312.6940,-42.6200
312.8250,-124.6200
312.9560,-201.6200
313.0870,59.3800
313.2180,88.3800
313.3490,-120.6200
313.4800,-328.6200
313.6110,-114.6200
313.7420,-88.6200
313.8730,84.3800
314.0040,-34.6200
314.1350,-162.6200
314.2660,-41.6200
314.3970,-156.6200
314.5280,-238.6200
314.6590,-267.6200
314.7900,-211.6200
314.9210,28.3800
315.0520,36.3800
315.1830,-268.6200
315.3140,-287.6200
315.4450,50.3800
315.5760,-43.6200
315.7070,-119.6200
315.8380,-173.6200
315.9680,-27.6200
316.0990,-277.6200
316.2300,-335.6200
316.3610,88.3800
316.4920,-122.6200
316.6230,74.3800
316.7540,189.3800
316.8850,-369.6200
317.0160,-286.6200
317.1470,-337.6200
317.2780,68.3800
317.4080,-250.6200
317.5390,-274.6200
317.6700,-269.6200
317.8010,-15.6200
317.9320,-154.6200
318.0630,-197.6200
318.1940,-142.6200
318.3250,0.3800
318.4550,-331.6200
318.5860,-149.6200
318.7170,-21.6200
318.8480,-337.6200
318.9790,85.3800
319.1100,285.3800
319.2400,36.3800
319.3710,11.3800
319.5020,-88.6200
319.6330,-201.6200
319.7640,-126.6200
319.8950,-248.6200
320.0250,-80.6200
320.1560,-306.6200
320.2870,-393.6200
320.4180,-198.6200
320.5490,-67.6200
320.6790,-316.6200
320.8100,118.3800
320.9410,-333.6200
321.0720,-324.6200
321.2020,-37.6200
321.3330,228.3800
321.4640,-385.6200
321.5950,-227.6200
321.7260,253.3800
321.8560,-345.6200
321.9870,-157.6200
322.1180,-240.6200
322.2490,-31.6200
322.3790,-50.6200
322.5100,4.3800
322.6410,-34.6200
322.7710,-291.6200
322.9020,-81.6200
323.0330,-85.6200
323.1640,706.3800
323.2940,-171.6200
323.4250,-209.6200
323.5560,-191.6200
323.6860,-82.6200
323.8170,291.3800
323.9480,-26.6200
324.0780,-126.6200
324.2090,168.3800
324.3400,-171.6200
324.4700,205.3800
324.6010,-206.6200
324.7320,-13.6200
324.8620,23.3800
324.9930,-209.6200
325.1240,-417.6200
325.2540,-57.6200
325.3850,-94.6200
325.5160,503.3800
325.6460,381.3800
325.7770,-164.6200
325.9080,-155.6200
326.0380,40.3800
326.1690,-139.6200
326.2990,-64.6200
326.4300,109.3800
326.5610,-112.6200
326.6910,-142.6200
326.8220,-245.6200
326.9520,-188.6200
327.0830,-44.6200
327.2140,-232.6200
327.3440,-74.6200
327.4750,-5.6200
327.6050,-36.6200
327.7360,-149.6200
327.8670,-296.6200
327.9970,-135.6200
328.1280,-70.6200
328.2580,-325.6200
328.3890,274.3800
328.5190,-275.6200
328.6500,18.3800
328.7800,-211.6200
328.9110,-11.6200
329.0410,100.3800
329.1720,-348.6200
329.3030,-201.6200
329.4330,-145.6200
329.5640,-265.6200
329.6940,-233.6200
329.8250,-231.6200
329.9550,7.3800
330.0860,451.3800
330.2160,-126.6200
330.3470,-264.6200
330.4770,-115.6200
330.6080,-106.6200
330.7380,-115.6200
330.8680,-301.6200
330.9990,-170.6200
331.1290,147.3800
331.2600,-217.6200
331.3900,-208.6200
331.5210,272.3800
331.6510,48.3800
331.7820,-330.6200
331.9120,-283.6200
332.0430,-244.6200
332.1730,50.3800
332.3030,-325.6200
332.4340,117.3800
332.5640,-12.6200
332.6950,-184.6200
332.8250,-352.6200
332.9560,-203.6200
333.0860,-132.6200
333.2160,-253.6200
333.3470,-55.6200
333.4770,-389.6200
333.6080,-84.6200
333.7380,-3.6200
333.8680,-89.6200
333.9990,-59.6200
334.1290,107.3800
334.2590,-66.6200
334.3900,-200.6200
334.5200,18.3800
334.6500,-166.6200
334.7810,130.3800
334.9110,-203.6200
335.0420,-236.6200
335.1720,-47.6200
335.3020,-137.6200
335.4330,272.3800
335.5630,-244.6200
335.6930,-4.6200
335.8240,269.3800
335.9540,-377.6200
336.0840,-30.6200
336.2140,-32.6200
336.3450,295.3800
336.4750,62.3800
336.6050,-228.6200
336.7360,322.3800
336.8660,-101.6200
336.9960,-145.6200
337.1260,-254.6200
337.2570,-80.6200
337.3870,-328.6200
337.5170,-209.6200
337.6480,-341.6200
337.7780,162.3800
337.9080,81.3800
338.0380,43.3800
338.1690,-164.6200
338.2990,240.3800
338.4290,-46.6200
338.5590,-234.6200
338.6900,-188.6200
338.8200,389.3800
338.9500,-21.6200
339.0800,-431.6200
339.2100,-300.6200
339.3410,-95.6200
339.4710,31.3800
339.6010,-108.6200
339.7310,-53.6200
339.8610,-150.6200
339.9920,-140.6200
340.1220,-116.6200
340.2520,-204.6200
340.3820,-174.6200
340.5120,-80.6200
340.6420,156.3800
340.7730,-69.6200
340.9030,-305.6200
341.0330,-100.6200
341.1630,-23.6200
341.2930,96.3800
341.4230,-206.6200
341.5540,-279.6200
341.6840,-33.6200
341.8140,-112.6200
341.9440,-166.6200
342.0740,-85.6200
342.2040,-192.6200
342.3340,185.3800
342.4640,-276.6200
342.5950,-154.6200
342.7250,-310.6200
342.8550,-71.6200
342.9850,-156.6200
343.1150,-274.6200
343.2450,-377.6200
343.3750,9.3800
343.5050,-98.6200
343.6350,-0.6200
343.7650,-178.6200
343.8950,-345.6200
344.0250,45.3800
344.1550,-278.6200
344.2860,-179.6200
344.4160,-53.6200
344.5460,117.3800
344.6760,-93.6200
344.8060,177.3800
344.9360,-77.6200
345.0660,180.3800
345.1960,-243.6200
345.3260,-309.6200
345.4560,111.3800
345.5860,-240.6200
345.7160,-296.6200
345.8460,44.3800
345.9760,-343.6200
346.1060,-86.6200
346.2360,62.3800
346.3660,1.3800
346.4960,-194.6200
346.6260,-148.6200
346.7560,-191.6200
346.8860,-229.6200
347.0160,-330.6200
347.1460,-196.6200
347.2760,-266.6200
347.4060,-190.6200
347.5360,-62.6200
347.6660,114.3800
347.7950,-251.6200
347.9250,-170.6200
348.0550,106.3800
348.1850,-153.6200
348.3150,-187.6200
348.4450,99.3800
348.5750,-166.6200
348.7050,-254.6200
348.8350,-249.6200
348.9650,-182.6200
349.0950,39.3800
349.2250,255.3800
349.3540,-229.6200
349.4840,-188.6200
349.6140,-150.6200
349.7440,-239.6200
349.8740,-224.6200
350.0040,-317.6200
350.1340,-233.6200
350.2640,-337.6200
350.3930,-273.6200
350.5230,158.3800
350.6530,-320.6200
350.7830,7.3800
350.9130,170.3800
351.0430,-235.6200
351.1730,-208.6200
351.3020,-24.6200
351.4320,183.3800
351.5620,-98.6200
351.6920,-60.6200
351.8220,-150.6200
351.9510,-349.6200
352.0810,202.3800
352.2110,-104.6200
352.3410,178.3800
352.4710,139.3800
352.6000,-156.6200
352.7300,-201.6200
352.8600,-150.6200
352.9900,-5.6200
353.1200,-70.6200
353.2490,-24.6200
353.3790,-229.6200
353.5090,74.3800
353.6390,-293.6200
353.7680,-78.6200
353.8980,-225.6200
354.0280,-305.6200
354.1580,-195.6200
354.2870,-196.6200
354.4170,-273.6200
354.5470,-241.6200
354.6770,-354.6200
354.8060,-132.6200
354.9360,-16.6200
355.0660,-212.6200
355.1950,-11.6200
355.3250,-29.6200
355.4550,-228.6200
355.5840,179.3800
355.7140,-240.6200
355.8440,149.3800
355.9740,-31.6200
356.1030,-108.6200
356.2330,-157.6200
356.3630,26.3800
356.4920,-239.6200
356.6220,-289.6200
356.7520,-18.6200
356.8810,-330.6200
357.0110,60.3800
357.1400,121.3800
357.2700,-162.6200
357.4000,60.3800
357.5290,-127.6200
357.6590,139.3800
357.7890,34.3800
357.9180,-298.6200
358.0480,-347.6200
358.1770,-137.6200
358.3070,-262.6200
358.4370,-100.6200
358.5660,-244.6200
358.6960,62.3800
358.8250,112.3800
358.9550,-308.6200
359.0850,0.3800
359.2140,-389.6200
359.3440,-84.6200
359.4730,-274.6200
359.6030,-151.6200
359.7330,-207.6200
359.8620,-330.6200
359.9920,86.3800
360.1210,-172.6200
360.2510,34.3800
360.3800,-301.6200
360.5100,111.3800
360.6390,-175.6200
360.7690,-44.6200
360.8980,98.3800
361.0280,68.3800
361.1570,-80.6200
361.2870,-41.6200
361.4160,-249.6200
361.5460,-120.6200
361.6750,-141.6200
361.8050,-191.6200
361.9340,48.3800
362.0640,-153.6200
362.1930,-196.6200
362.3230,-262.6200
362.4520,92.3800
362.5820,-244.6200
362.7110,-131.6200
362.8410,35.3800
362.9700,-14.6200
363.1000,-266.6200
363.2290,-300.6200
363.3590,-115.6200
363.4880,-229.6200
363.6170,-79.6200
363.7470,-79.6200
363.8760,-379.6200
364.0060,-35.6200
364.1350,-131.6200
364.2650,-114.6200
364.3940,-182.6200
364.5230,282.3800
364.6530,-262.6200
364.7820,-15.6200
364.9120,-274.6200
365.0410,-291.6200
365.1700,-255.6200
365.3000,14.3800
365.4290,159.3800
365.5580,-177.6200
365.6880,-228.6200
365.8170,-244.6200
365.9470,-35.6200
366.0760,-50.6200
366.2050,-98.6200
366.3350,-372.6200
366.4640,-233.6200
366.5930,112.3800
366.7230,-150.6200
366.8520,-80.6200
366.9810,-93.6200
367.1110,-272.6200
367.2400,-144.6200
367.3690,-127.6200
367.4990,513.3800
367.6280,121.3800
367.7570,-173.6200
367.8860,-43.6200
368.0160,105.3800
368.1450,-128.6200
368.2740,-88.6200
368.4040,-289.6200
368.5330,-72.6200
368.6620,8.3800
368.7910,-198.6200
368.9210,-347.6200
369.0500,140.3800
369.1790,-53.6200
369.3080,316.3800
369.4380,-319.6200
369.5670,-337.6200
369.6960,-104.6200
369.8250,-13.6200
369.9550,-159.6200
370.0840,-7.6200
370.2130,-110.6200
370.3420,-317.6200
370.4720,-280.6200
370.6010,406.3800
370.7300,38.3800
370.8590,-418.6200
370.9880,-147.6200
371.1180,-271.6200
371.2470,14.3800
371.3760,114.3800
371.5050,-58.6200
371.6340,-35.6200
371.7630,-109.6200
371.8930,-255.6200
372.0220,-152.6200
372.1510,-270.6200
372.2800,-324.6200
372.4090,-381.6200
372.5380,-166.6200
372.6670,-37.6200
372.7970,92.3800
372.9260,-327.6200
373.0550,-52.6200
373.1840,-137.6200
373.3130,-246.6200
373.4420,-51.6200
373.5710,-232.6200
373.7000,-138.6200
373.8300,-59.6200
373.9590,-427.6200
374.0880,-159.6200
374.2170,102.3800
374.3460,-168.6200
374.4750,-363.6200
374.6040,-216.6200
374.7330,288.3800
374.8620,-130.6200
374.9910,-272.6200
375.1200,-76.6200
375.2490,-68.6200
375.3780,-241.6200
375.5080,-329.6200
375.6370,-325.6200
375.7660,56.3800
375.8950,-205.6200
376.0240,128.3800
376.1530,-278.6200
376.2820,-125.6200
376.4110,-240.6200
376.5400,-427.6200
376.6690,-80.6200
376.7980,-178.6200
376.9270,-265.6200
377.0560,97.3800
377.1850,-75.6200
377.3140,97.3800
377.4430,236.3800
377.5720,-287.6200
377.7010,-229.6200
377.8300,134.3800
377.9590,-9.6200
378.0880,1672.3800
378.2170,150.3800
378.3460,-155.6200
378.4740,-369.6200
378.6030,-281.6200
378.7320,-41.6200
378.8610,-167.6200
378.9900,-290.6200
379.1190,-382.6200
379.2480,-105.6200
379.3770,-173.6200
379.5060,-169.6200
379.6350,129.3800
379.7640,-86.6200
379.8930,-269.6200
380.0220,-294.6200
380.1500,-92.6200
380.2790,-340.6200
380.4080,-266.6200
380.5370,-162.6200
380.6660,-34.6200
380.7950,-28.6200
380.9240,-164.6200
381.0530,-282.6200
381.1810,-68.6200
381.3100,786.3800
381.4390,-272.6200
381.5680,-162.6200
381.6970,-188.6200
381.8260,-140.6200
381.9550,-267.6200
382.0830,-91.6200
382.2120,-305.6200
382.3410,46.3800
382.4700,-248.6200
382.5990,-172.6200
382.7270,244.3800
382.8560,-12.6200
382.9850,-13.6200
383.1140,-160.6200
383.2430,-213.6200
383.3710,-108.6200
383.5000,-216.6200
383.6290,-253.6200
383.7580,-246.6200
383.8870,-409.6200
384.0150,-78.6200
384.1440,-273.6200
384.2730,-97.6200
384.4020,-14.6200
384.5300,-232.6200
384.6590,-256.6200
384.7880,-264.6200
384.9170,-220.6200
385.0450,-90.6200
385.1740,-131.6200
385.3030,-404.6200
385.4320,29.3800
385.5600,-89.6200
385.6890,-130.6200
385.8180,-58.6200
385.9460,-30.6200
386.0750,-242.6200
386.2040,-291.6200
386.3320,-113.6200
386.4610,48.3800
386.5900,-9.6200
386.7180,-305.6200
386.8470,-166.6200
386.9760,-171.6200
387.1040,-372.6200
387.2330,-293.6200
387.3620,-55.6200
387.4900,-93.6200
387.6190,-269.6200
387.7480,-113.6200
387.8760,111.3800
388.0050,-102.6200
388.1340,69.3800
388.2620,-320.6200
388.3910,-237.6200
388.5200,-26.6200
388.6480,-311.6200
388.7770,68.3800
388.9050,-233.6200
389.0340,-153.6200
389.1630,-238.6200
389.2910,-141.6200
389.4200,42.3800
389.5480,65.3800
389.6770,-125.6200
389.8050,-80.6200
389.9340,8.3800
390.0630,-308.6200
390.1910,-362.6200
390.3200,-248.6200
390.4480,-180.6200
390.5770,-291.6200
390.7050,-314.6200
390.8340,-124.6200
390.9620,-313.6200
391.0910,-265.6200
391.2200,111.3800
391.3480,175.3800
391.4770,-7.6200
391.6050,-323.6200
391.7340,-186.6200
391.8620,-212.6200
391.9910,-305.6200
392.1190,-273.6200
392.2480,-120.6200
392.3760,-123.6200
392.5050,-138.6200
392.6330,-218.6200
392.7620,303.3800
392.8900,-307.6200
393.0180,46.3800
393.1470,-163.6200
393.2750,-377.6200
393.4040,-277.6200
393.5320,-194.6200
393.6610,-79.6200
393.7890,-105.6200
393.9180,-95.6200
394.0460,-126.6200
394.1740,-116.6200
394.3030,-346.6200
394.4310,-234.6200
394.5600,13.3800
394.6880,-339.6200
394.8170,-389.6200
394.9450,116.3800
395.0730,59.3800
395.2020,-71.6200
395.3300,-177.6200
395.4590,-115.6200
395.5870,97.3800
395.7150,78.3800
395.8440,-66.6200
395.9720,-427.6200
396.1000,99.3800
396.2290,-280.6200
396.3570,-54.6200
396.4850,-209.6200
396.6140,-249.6200
396.7420,85.3800
396.8700,-100.6200
396.9990,-12.6200
397.1270,-315.6200
397.2550,-42.6200
397.3840,52.3800
397.5120,-371.6200
397.6400,-270.6200
397.7690,-142.6200
397.8970,-36.6200
398.0250,-157.6200
398.1540,-69.6200
398.2820,217.3800
398.4100,-82.6200
398.5380,-84.6200
398.6670,-206.6200
398.7950,-217.6200
398.9230,19.3800
399.0520,-217.6200
399.1800,-148.6200
399.3080,-137.6200
399.4360,212.3800
399.5650,-279.6200
399.6930,-50.6200
399.8210,-133.6200
399.9490,-199.6200
400.0780,288.3800
400.2060,-292.6200
400.3340,-307.6200
400.4620,-130.6200
400.5900,-356.6200
400.7190,-207.6200
400.8470,-274.6200
400.9750,-33.6200
401.1030,-245.6200
401.2310,-63.6200
401.3600,-115.6200
401.4880,-10.6200
401.6160,-190.6200
401.7440,-175.6200
401.8720,-237.6200
402.0000,24.3800
402.1290,-187.6200
402.2570,-261.6200
402.3850,-157.6200
402.5130,-138.6200
402.6410,-172.6200
402.7690,-153.6200
402.8970,-248.6200
403.0260,-315.6200
403.1540,-362.6200
403.2820,-311.6200
403.4100,-176.6200
403.5380,179.3800
403.6660,-334.6200
403.7940,-152.6200
403.9220,-102.6200
404.0500,-84.6200
404.1790,-125.6200
404.3070,-63.6200
404.4350,-260.6200
404.5630,-265.6200
404.6910,-362.6200
404.8190,450.3800
404.9470,-266.6200
405.0750,-252.6200
405.2030,-347.6200
405.3310,-222.6200
405.4590,-300.6200
405.5870,-97.6200
405.7150,-254.6200
405.8430,-219.6200
405.9710,-92.6200
406.0990,126.3800
406.2270,-27.6200
406.3550,-149.6200
406.4830,-357.6200
406.6110,-30.6200
406.7390,-300.6200
406.8670,-294.6200
406.9950,-235.6200
407.1230,-159.6200
407.2510,-384.6200
407.3790,-321.6200
407.5070,-11.6200
407.6350,-141.6200
407.7630,-422.6200
407.8910,-442.6200
408.0190,-3.6200
408.1470,10.3800
408.2750,191.3800
408.4030,-345.6200
408.5310,-354.6200
408.6590,199.3800
408.7870,-109.6200
408.9150,-207.6200
409.0430,-246.6200
409.1710,66.3800
409.2990,16.3800
409.4270,47.3800
409.5540,-354.6200
409.6820,284.3800
409.8100,-85.6200
409.9380,-212.6200
410.0660,70.3800
410.1940,-65.6200
410.3220,-282.6200
410.4500,-212.6200
410.5780,-372.6200
410.7050,-301.6200
410.8330,-89.6200
410.9610,57.3800
411.0890,323.3800
411.2170,-172.6200
411.3450,-167.6200
411.4730,-247.6200
411.6000,-71.6200
411.7280,-203.6200
411.8560,-346.6200
411.9840,-312.6200
412.1120,-73.6200
412.2390,-56.6200
412.3670,-209.6200
412.4950,92.3800
412.6230,-268.6200
412.7510,39.3800
412.8780,-381.6200
413.0060,-183.6200
413.1340,98.3800
413.2620,161.3800
413.3900,-61.6200
413.5170,-63.6200
413.6450,35.3800
413.7730,-349.6200
413.9010,168.3800
414.0280,-189.6200
414.1560,-137.6200
414.2840,-258.6200
414.4120,52.3800
414.5390,-225.6200
414.6670,-248.6200
414.7950,-254.6200
414.9230,-385.6200
415.0500,-170.6200
415.1780,-35.6200
415.3060,330.3800
415.4330,-241.6200
415.5610,56.3800
415.6890,75.3800
415.8160,-236.6200
415.9440,149.3800
416.0720,-316.6200
416.2000,14.3800
416.3270,224.3800
416.4550,-262.6200
416.5830,-211.6200
416.7100,-232.6200
416.8380,139.3800
416.9660,-346.6200
417.0930,-183.6200
417.2210,48.3800
417.3480,-41.6200
417.4760,-325.6200
417.6040,-193.6200
417.7310,-146.6200
417.8590,37.3800
417.9870,-78.6200
418.1140,-258.6200
418.2420,43.3800
418.3690,-205.6200
418.4970,-323.6200
418.6250,164.3800
418.7520,-91.6200
418.8800,-293.6200
419.0070,169.3800
419.1350,-37.6200
419.2630,-182.6200
419.3900,71.3800
419.5180,95.3800
419.6450,69.3800
419.7730,667.3800
419.9000,1714.3800
420.0280,4214.3800
420.1550,5021.3800
420.2830,7141.3800
420.4100,8039.3800
420.5380,8827.3800
420.6660,9528.3800
420.7930,9631.3800
420.9210,8736.3800
421.0480,7027.3800
421.1760,4783.3800
421.3030,2432.3800
421.4310,670.3800
421.5580,-85.6200
421.6860,230.3800
421.8130,70.3800
421.9410,-176.6200
422.0680,-34.6200
422.1950,102.3800
422.3230,76.3800
422.4500,-357.6200
422.5780,-102.6200
422.7050,-192.6200
422.8330,-161.6200
422.9600,-253.6200
423.0880,-21.6200
423.2150,378.3800
423.3430,315.3800
423.4700,-79.6200
423.5970,225.3800
423.7250,-106.6200
423.8520,-126.6200
423.9800,-67.6200
424.1070,-355.6200
424.2340,-157.6200
424.3620,-203.6200
424.4890,-236.6200
424.6170,526.3800
424.7440,-68.6200
424.8710,-297.6200
424.9990,-161.6200
425.1260,125.3800
425.2530,-66.6200
425.3810,-177.6200
425.5080,-304.6200
425.6360,31.3800
425.7630,-215.6200
425.8900,-212.6200
426.0180,-317.6200
426.1450,-145.6200
426.2720,-67.6200
426.4000,54.3800
426.5270,97.3800
426.6540,-280.6200
426.7810,-68.6200
426.9090,-93.6200
427.0360,-100.6200
427.1630,-334.6200
427.2910,-295.6200
427.4180,-166.6200
427.5450,-121.6200
427.6730,-358.6200
427.8000,-374.6200
427.9270,-299.6200
428.0540,-55.6200
428.1820,-162.6200
428.3090,-198.6200
428.4360,-230.6200
428.5630,-292.6200
428.6910,-59.6200
428.8180,-239.6200
428.9450,-18.6200
429.0720,-332.6200
429.2000,0.3800
429.3270,-51.6200
429.4540,30.3800
429.5810,-135.6200
429.7080,-392.6200
429.8360,-246.6200
429.9630,-227.6200
430.0900,-223.6200
430.2170,-230.6200
430.3440,-301.6200
430.4720,-277.6200
430.5990,-7.6200
430.7260,-198.6200
430.8530,-124.6200
430.9800,-13.6200
431.1070,-280.6200
431.2350,-107.6200
431.3620,-28.6200
431.4890,-128.6200
431.6160,242.3800
431.7430,107.3800
431.8700,-336.6200
431.9970,-184.6200
432.1250,-128.6200
432.2520,-462.6200
432.3790,-182.6200
432.5060,-54.6200
432.6330,-231.6200
432.7600,-110.6200
432.8870,102.3800
433.0140,-225.6200
433.1410,-288.6200
433.2680,35.3800
433.3950,-226.6200
433.5230,-174.6200
433.6500,-190.6200
433.7770,-192.6200
433.9040,-170.6200
434.0310,-376.6200
434.1580,-72.6200
434.2850,13.3800
434.4120,-377.6200
434.5390,-148.6200
434.6660,-288.6200
434.7930,-268.6200
434.9200,-303.6200
435.0470,-2.6200
435.1740,-147.6200
435.3010,22.3800
435.4280,284.3800
435.5550,174.3800
435.6820,-89.6200
435.8090,-309.6200
435.9360,106.3800
436.0630,-235.6200
436.1900,136.3800
436.3170,-236.6200
436.4440,21.3800
436.5710,-248.6200
436.6980,-29.6200
436.8250,141.3800
436.9520,27.3800
437.0790,-68.6200
437.2060,-32.6200
437.3330,-285.6200
437.4600,-188.6200
437.5870,-128.6200
437.7140,-319.6200
437.8400,-189.6200
437.9670,-339.6200
438.0940,-360.6200
438.2210,82.3800
438.3480,-137.6200
438.4750,7999.3800
438.6020,-306.6200
438.7290,-429.6200
438.8560,-261.6200
438.9830,-321.6200
439.1090,-41.6200
439.2360,77.3800
439.3630,-415.6200
439.4900,-234.6200
439.6170,-141.6200
439.7440,-267.6200
439.8710,456.3800
439.9970,-246.6200
440.1240,-75.6200
440.2510,-59.6200
440.3780,-250.6200
440.5050,-205.6200
440.6320,63.3800
440.7580,119.3800
440.8850,264.3800
441.0120,-246.6200
441.1390,46.3800
441.2660,-313.6200
441.3920,-217.6200
441.5190,-280.6200
441.6460,-348.6200
441.7730,-60.6200
441.9000,251.3800
442.0260,-205.6200
442.1530,-120.6200
442.2800,-29.6200
442.4070,-272.6200
442.5330,26.3800
442.6600,-37.6200
442.7870,-89.6200
442.9140,-285.6200
443.0400,-211.6200
443.1670,-160.6200
443.2940,-95.6200
443.4210,-111.6200
443.5470,-320.6200
443.6740,-166.6200
443.8010,-63.6200
443.9270,78.3800
444.0540,408.3800
444.1810,97.3800
444.3070,95.3800
444.4340,-77.6200
444.5610,-288.6200
444.6880,-364.6200
444.8140,37.3800
444.9410,-195.6200
445.0680,-313.6200
445.1940,224.3800
445.3210,-250.6200
445.4470,194.3800
445.5740,-366.6200
445.7010,-363.6200
445.8270,-163.6200
445.9540,-409.6200
446.0810,-23.6200
446.2070,-285.6200
446.3340,-153.6200
446.4610,-164.6200
446.5870,-431.6200
446.7140,19.3800
446.8400,62.3800
446.9670,-275.6200
447.0940,-193.6200
447.2200,63.3800
447.3470,-165.6200
447.4730,-282.6200
447.6000,-88.6200
447.7260,-357.6200
447.8530,-133.6200
447.9800,-138.6200
448.1060,-78.6200
448.2330,-118.6200
448.3590,-232.6200
448.4860,-53.6200
448.6120,-236.6200
448.7390,-48.6200
448.8650,79.3800
448.9920,243.3800
449.1180,-214.6200
449.2450,-330.6200
449.3710,-284.6200
449.4980,-124.6200
449.6240,5.3800
449.7510,-96.6200
449.8770,-261.6200
450.0040,-98.6200
450.1300,-139.6200
450.2570,-293.6200
450.3830,-166.6200
450.5100,-369.6200
450.6360,-242.6200
450.7630,-212.6200
450.8890,-225.6200
451.0160,-448.6200
451.1420,-43.6200
451.2690,-272.6200
451.3950,239.3800
451.5210,-171.6200
451.6480,-256.6200
451.7740,-74.6200
451.9010,-392.6200
452.0270,-173.6200
452.1540,54.3800
452.2800,-147.6200
452.4060,-234.6200
452.5330,-262.6200
452.6590,-322.6200
452.7850,-205.6200
452.9120,-316.6200
453.0380,-319.6200
453.1650,-73.6200
453.2910,110.3800
453.4170,159.3800
453.5440,-312.6200
453.6700,-199.6200
453.7960,68.3800
453.9230,-297.6200
454.0490,-227.6200
454.1750,-245.6200
454.3020,-216.6200
454.4280,-11.6200
454.5540,-85.6200
454.6810,-274.6200
454.8070,-305.6200
454.9330,304.3800
455.0600,-55.6200
455.1860,-159.6200
455.3120,97.3800
455.4390,60.3800
455.5650,-322.6200
455.6910,-298.6200
455.8170,-20.6200
455.9440,68.3800
456.0700,-150.6200
456.1960,10.3800
456.3220,-404.6200
456.4490,-382.6200
456.5750,-158.6200
456.7010,-258.6200
456.8270,-275.6200
456.9540,-352.6200
457.0800,-255.6200
457.2060,-419.6200
457.3320,-137.6200
457.4590,-346.6200
457.5850,-277.6200
457.7110,-252.6200
457.8370,-41.6200
457.9630,-90.6200
458.0900,-286.6200
458.2160,-301.6200
458.3420,-181.6200
458.4680,-192.6200
458.5940,-133.6200
458.7210,-131.6200
458.8470,-99.6200
458.9730,-330.6200
459.0990,-181.6200
459.2250,-227.6200
459.3510,-234.6200
459.4770,-78.6200
459.6040,-293.6200
459.7300,-241.6200
459.8560,-321.6200
459.9820,-122.6200
460.1080,-403.6200
460.2340,-415.6200
460.3600,-203.6200
460.4860,-6.6200
460.6130,-292.6200
460.7390,55.3800
460.8650,-227.6200
460.9910,212.3800
461.1170,159.3800
461.2430,-284.6200
461.3690,-344.6200
461.4950,-238.6200
461.6210,-160.6200
461.7470,-78.6200
461.8730,-66.6200
461.9990,-296.6200
462.1250,-155.6200
462.2520,33.3800
462.3780,-109.6200
462.5040,-38.6200
462.6300,-70.6200
462.7560,-324.6200
462.8820,-203.6200
463.0080,-214.6200
463.1340,56.3800
463.2600,-369.6200
463.3860,-225.6200
463.5120,-104.6200
463.6380,-263.6200
463.7640,-342.6200
463.8900,-160.6200
464.0160,84.3800
464.1420,-66.6200
464.2680,-314.6200
464.3940,-206.6200
464.5200,-343.6200
464.6450,-100.6200
464.7710,25.3800
464.8970,-247.6200
465.0230,-252.6200
465.1490,-137.6200
465.2750,-359.6200
465.4010,-257.6200
465.5270,92.3800
465.6530,-142.6200
465.7790,65.3800
465.9050,-342.6200
466.0310,-124.6200
466.1570,-272.6200
466.2820,-226.6200
466.4080,-255.6200
466.5340,-140.6200
466.6600,-432.6200
466.7860,-205.6200
466.9120,-92.6200
467.0380,-148.6200
467.1640,-198.6200
467.2890,-246.6200
467.4150,-174.6200
467.5410,-172.6200
467.6670,-179.6200
467.7930,-189.6200
467.9190,-91.6200
468.0450,172.3800
468.1700,-265.6200
468.2960,-173.6200
468.4220,-193.6200
468.5480,39.3800
468.6740,-396.6200
468.7990,-271.6200
468.9250,-233.6200
469.0510,-296.6200
469.1770,-381.6200
469.3030,-394.6200
469.4280,-3.6200
469.5540,-253.6200
469.6800,-277.6200
469.8060,-61.6200
469.9310,-135.6200
470.0570,365.3800
470.1830,-474.6200
470.3090,-247.6200
470.4340,157.3800
470.5600,-177.6200
470.6860,-120.6200
470.8120,-167.6200
470.9370,-309.6200
471.0630,-299.6200
471.1890,-64.6200
471.3150,70.3800
471.4400,-41.6200
471.5660,-178.6200
471.6920,45.3800
471.8170,-291.6200
471.9430,-133.6200
472.0690,-21.6200
472.1940,-185.6200
472.3200,-265.6200
472.4460,-25.6200
472.5710,-292.6200
472.6970,-247.6200
472.8230,-143.6200
472.9480,-319.6200
473.0740,-140.6200
473.2000,-201.6200
473.3250,-318.6200
473.4510,-193.6200
473.5770,-171.6200
473.7020,-422.6200
473.8280,-200.6200
473.9530,-370.6200
474.0790,-145.6200
474.2050,-339.6200
474.3300,-373.6200
474.4560,-220.6200
474.5810,191.3800
474.7070,-269.6200
474.8330,-224.6200
474.9580,-61.6200
475.0840,44.3800
475.2090,-247.6200
475.3350,-283.6200
475.4600,-85.6200
475.5860,-194.6200
475.7120,-61.6200
475.8370,-211.6200
475.9630,-195.6200
476.0880,-381.6200
476.2140,-272.6200
476.3390,-244.6200
476.4650,-270.6200
476.5900,-353.6200
476.7160,81.3800
476.8410,-308.6200
476.9670,204.3800
477.0920,-202.6200
477.2180,-107.6200
477.3430,-312.6200
477.4690,221.3800
477.5940,-226.6200
477.7200,-308.6200
477.8450,-99.6200
477.9710,-217.6200
478.0960,-139.6200
478.2220,-213.6200
478.3470,3247.3800
478.4720,-2.6200
478.5980,-253.6200
478.7230,-279.6200
478.8490,7.3800
478.9740,-72.6200
479.1000,-297.6200
479.2250,-117.6200
479.3500,-248.6200
479.4760,-43.6200
479.6010,-291.6200
479.7270,33.3800
479.8520,-282.6200
479.9770,-145.6200
480.1030,-150.6200
480.2280,172.3800
480.3540,-176.6200
480.4790,65.3800
480.6040,-235.6200
480.7300,-256.6200
480.8550,-427.6200
480.9800,47.3800
481.1060,-357.6200
481.2310,-394.6200
481.3560,-283.6200
481.4820,-418.6200
481.6070,-329.6200
481.7320,-494.6200
481.8580,-215.6200
481.9830,-306.6200
482.1080,-259.6200
482.2340,-369.6200
482.3590,-240.6200
482.4840,113.3800
482.6100,-306.6200
482.7350,-159.6200
482.8600,-381.6200
482.9850,-219.6200
483.1110,-204.6200
483.2360,-100.6200
483.3610,-236.6200
483.4860,-331.6200
483.6120,41.3800
483.7370,-416.6200
483.8620,-148.6200
483.9870,-73.6200
484.1130,-434.6200
484.2380,-79.6200
484.3630,-331.6200
484.4880,-255.6200
484.6140,-14.6200
484.7390,-209.6200
484.8640,67.3800
484.9890,399.3800
485.1140,-66.6200
485.2400,-189.6200
485.3650,-235.6200
485.4900,-427.6200
485.6150,1.3800
485.7400,-195.6200
485.8650,-94.6200
485.9910,-128.6200
486.1160,-55.6200
486.2410,-375.6200
486.3660,-351.6200
486.4910,-40.6200
486.6160,-271.6200
486.7420,-212.6200
486.8670,-163.6200
486.9920,-335.6200
487.1170,-304.6200
487.2420,-315.6200
487.3670,-437.6200
487.4920,-202.6200
487.6170,-41.6200
487.7420,-137.6200
487.8680,-308.6200
487.9930,-28.6200
488.1180,-90.6200
488.2430,-103.6200
488.3680,-258.6200
488.4930,-441.6200
488.6180,-238.6200
488.7430,-250.6200
488.8680,-296.6200
488.9930,-205.6200
489.1180,45.3800
489.2430,-170.6200
489.3680,-286.6200
489.4930,22.3800
489.6180,-144.6200
489.7430,-321.6200
489.8680,-147.6200
489.9930,-245.6200
490.1180,-415.6200
490.2430,391.3800
490.3680,-250.6200
490.4930,-24.6200
490.6180,20.3800
490.7430,-436.6200
490.8680,-121.6200
490.9930,-105.6200
491.1180,-1.6200
491.2430,-301.6200
491.3680,-306.6200
491.4930,17.3800
491.6180,-175.6200
491.7430,-214.6200
491.8680,-270.6200
491.9930,-223.6200
492.1180,-252.6200
492.2430,-130.6200
492.3680,-67.6200
492.4930,-280.6200
492.6180,137.3800
492.7430,-242.6200
492.8670,15.3800
492.9920,-159.6200
493.1170,-20.6200
493.2420,-262.6200
493.3670,-185.6200
493.4920,44.3800
493.6170,-269.6200
493.7420,92.3800
493.8670,-208.6200
493.9910,-377.6200
494.1160,-168.6200
494.2410,-142.6200
494.3660,-185.6200
494.4910,-57.6200
494.6160,72.3800
494.7400,-294.6200
494.8650,-363.6200
494.9900,-253.6200
495.1150,-201.6200
495.2400,-134.6200
495.3650,-222.6200
495.4890,-228.6200
495.6140,-99.6200
495.7390,-208.6200
495.8640,-229.6200
495.9890,-403.6200
496.1130,-2.6200
496.2380,-118.6200
496.3630,-262.6200
496.4880,-330.6200
496.6120,16.3800
496.7370,-267.6200
496.8620,-200.6200
496.9870,-255.6200
497.1110,-321.6200
497.2360,-326.6200
497.3610,-291.6200
497.4860,89.3800
497.6100,8.3800
497.7350,-164.6200
497.8600,-58.6200
497.9840,-37.6200
498.1090,-410.6200
498.2340,-275.6200
498.3590,-224.6200
498.4830,-153.6200
498.6080,-167.6200
498.7330,-242.6200
498.8570,-325.6200
498.9820,-151.6200
499.1070,-377.6200
499.2310,-164.6200
499.3560,-251.6200
499.4810,83.3800
499.6050,-504.6200
499.7300,-350.6200
499.8550,20.3800
499.9790,-282.6200
500.1040,-184.6200
500.2280,188.3800
500.3530,-223.6200
500.4780,-359.6200
500.6020,-127.6200
500.7270,58.3800
500.8520,-39.6200
500.9760,-445.6200
501.1010,-241.6200
501.2250,182.3800
501.3500,-306.6200
501.4740,-287.6200
501.5990,8.3800
501.7240,-204.6200
501.8480,-179.6200
501.9730,110.3800
502.0970,-338.6200
502.2220,-432.6200
502.3460,-52.6200
502.4710,-110.6200
502.5950,-267.6200
502.7200,-335.6200
502.8440,-329.6200
502.9690,-194.6200
503.0940,172.3800
503.2180,-384.6200
503.3430,-250.6200
503.4670,-299.6200
503.5920,-238.6200
503.7160,-227.6200
503.8410,-122.6200
503.9650,190.3800
504.0890,-206.6200
504.2140,-345.6200
504.3380,-242.6200
504.4630,-0.6200
504.5870,-116.6200
504.7120,-145.6200
504.8360,-193.6200
504.9610,250.3800
505.0850,134.3800
505.2100,-250.6200
505.3340,-270.6200
505.4580,220.3800
505.5830,-347.6200
505.7070,-72.6200
505.8320,-250.6200
505.9560,-160.6200
506.0800,-301.6200
506.2050,-247.6200
506.3290,125.3800
506.4540,-375.6200
506.5780,-152.6200
506.7020,-281.6200
506.8270,136.3800
506.9510,-73.6200
507.0760,-172.6200
507.2000,-345.6200
507.3240,-26.6200
507.4490,73.3800
507.5730,-178.6200
507.6970,-251.6200
507.8220,-148.6200
507.9460,-226.6200
508.0700,-417.6200
508.1950,-193.6200
508.3190,-215.6200
508.4430,-129.6200
508.5670,-411.6200
508.6920,-345.6200
508.8160,-313.6200
508.9400,-172.6200
509.0650,-435.6200
509.1890,-63.6200
509.3130,-66.6200
509.4370,8.3800
509.5620,-208.6200
509.6860,-163.6200
509.8100,-224.6200
509.9350,-87.6200
510.0590,69.3800
510.1830,-315.6200
510.3070,-360.6200
510.4310,-5.6200
510.5560,-203.6200
510.6800,-261.6200
510.8040,-434.6200
510.9280,-181.6200
511.0530,-370.6200
511.1770,-377.6200
511.3010,-173.6200
511.4250,-264.6200
511.5490,-147.6200
511.6740,-153.6200
511.7980,-158.6200
511.9220,-96.6200
512.0460,154.3800
512.1700,-209.6200
512.2940,-346.6200
512.4190,-109.6200
512.5430,-60.6200
512.6670,-171.6200
512.7910,-307.6200
512.9150,-96.6200
513.0390,-225.6200
513.1630,-48.6200
513.2880,117.3800
513.4120,-245.6200
513.5360,62.3800
513.6600,-299.6200
513.7840,-185.6200
513.9080,-106.6200
514.0320,-136.6200
514.1560,-9.6200
514.2800,-52.6200
514.4040,-184.6200
514.5280,-184.6200
514.6530,-67.6200
514.7770,14.3800
514.9010,-93.6200
515.0250,119.3800
515.1490,-234.6200
515.2730,-93.6200
515.3970,-196.6200
515.5210,-199.6200
515.6450,-203.6200
515.7690,-304.6200
515.8930,-263.6200
516.0170,-268.6200
516.1410,-415.6200
516.2650,-236.6200
516.3890,-250.6200
516.5130,-151.6200
516.6370,-280.6200
516.7610,-492.6200
516.8850,-280.6200
517.0090,-201.6200
517.1330,-72.6200
517.2570,-247.6200
517.3810,-11.6200
517.5050,-17.6200
517.6290,72.3800
517.7530,-206.6200
517.8770,-373.6200
518.0010,-246.6200
518.1250,-189.6200
518.2480,-32.6200
518.3720,-128.6200
518.4960,-366.6200
518.6200,-87.6200
518.7440,-178.6200
518.8680,-124.6200
518.9920,-136.6200
519.1160,-323.6200
519.2400,402.3800
519.3640,47.3800
519.4880,-140.6200
519.6110,-418.6200
519.7350,-208.6200
519.8590,-194.6200
519.9830,-16.6200
520.1070,-248.6200
520.2310,8.3800
520.3550,-156.6200
520.4780,-287.6200
520.6020,-345.6200
520.7260,92.3800
520.8500,-221.6200
520.9740,6.3800
521.0980,-246.6200
521.2210,-354.6200
521.3450,60.3800
521.4690,-283.6200
521.5930,-210.6200
521.7170,35.3800
521.8400,-149.6200
521.9640,-300.6200
522.0880,-241.6200
522.2120,-206.6200
522.3350,-402.6200
522.4590,-268.6200
522.5830,198.3800
522.7070,-354.6200
522.8300,-485.6200
522.9540,-298.6200
523.0780,-291.6200
523.2020,-21.6200
523.3250,-231.6200
523.4490,-169.6200
523.5730,-181.6200
523.6970,-289.6200
523.8200,-187.6200
523.9440,-211.6200
524.0680,-186.6200
524.1910,-216.6200
524.3150,-419.6200
524.4390,-165.6200
524.5620,-7.6200
524.6860,-247.6200
524.8100,-308.6200
524.9330,-262.6200
525.0570,-267.6200
525.1810,-132.6200
525.3040,-372.6200
525.4280,92.3800
525.5520,-358.6200
525.6750,-158.6200
525.7990,-287.6200
525.9230,-112.6200
526.0460,-33.6200
526.1700,-382.6200
526.2930,-347.6200
526.4170,-141.6200
526.5410,12.3800
526.6640,-247.6200
526.7880,-215.6200
526.9110,-79.6200
527.0350,-345.6200
527.1590,-239.6200
527.2820,-260.6200
527.4060,-276.6200
527.5290,-53.6200
527.6530,-369.6200
527.7760,-113.6200
527.9000,-257.6200
528.0240,-282.6200
528.1470,-242.6200
528.2710,26.3800
528.3940,4.3800
528.5180,33.3800
528.6410,-339.6200
528.7650,-129.6200
528.8880,-170.6200
529.0120,-112.6200
529.1350,-266.6200
529.2590,92.3800
529.3820,-214.6200
529.5060,-286.6200
529.6290,-97.6200
529.7530,-397.6200
529.8760,104.3800
530.0000,58.3800
530.1230,-114.6200
530.2470,-320.6200
530.3700,-229.6200
530.4930,-154.6200
530.6170,-264.6200
530.7400,8.3800
530.8640,-50.6200
530.9870,-354.6200
531.1110,-96.6200
531.2340,-324.6200
531.3570,25.3800
531.4810,-4.6200
531.6040,24.3800
531.7280,-382.6200
531.8510,-89.6200
531.9740,-101.6200
532.0980,-227.6200
532.2210,-289.6200
532.3450,-219.6200
532.4680,-351.6200
532.5910,147.3800
532.7150,-186.6200
532.8380,-259.6200
532.9610,-205.6200
533.0850,-300.6200
533.2080,-134.6200
533.3310,-409.6200
533.4550,-9.6200
533.5780,-226.6200
533.7010,-91.6200
533.8250,8.3800
533.9480,-289.6200
534.0710,-237.6200
534.1950,-56.6200
534.3180,-322.6200
534.4410,-267.6200
534.5640,-54.6200
534.6880,-247.6200
534.8110,-24.6200
534.9340,-211.6200
535.0580,-126.6200
535.1810,45.3800
535.3040,-31.6200
535.4270,-300.6200
535.5510,-403.6200
535.6740,-213.6200
535.7970,-61.6200
535.9200,-32.6200
536.0430,-347.6200
536.1670,-331.6200
536.2900,-61.6200
536.4130,-127.6200
536.5360,-339.6200
536.6600,-248.6200
536.7830,-99.6200
536.9060,-164.6200
537.0290,-266.6200
537.1520,-239.6200
537.2750,-171.6200
537.3990,117.3800
537.5220,-432.6200
537.6450,-236.6200
537.7680,-208.6200
537.8910,-109.6200
538.0140,-189.6200
538.1380,-274.6200
538.2610,-247.6200
538.3840,-175.6200
538.5070,-352.6200
538.6300,-233.6200
538.7530,134.3800
538.8760,-119.6200
538.9990,-321.6200
539.1230,-120.6200
539.2460,164.3800
539.3690,255.3800
539.4920,-257.6200
539.6150,-338.6200
539.7380,189.3800
539.8610,-258.6200
539.9840,-159.6200
540.1070,-128.6200
540.2300,-268.6200
540.3530,-319.6200
540.4760,-495.6200
540.5990,-53.6200
540.7220,-347.6200
540.8460,-118.6200
540.9690,-422.6200
541.0920,-136.6200
541.2150,-324.6200
541.3380,-136.6200
541.4610,-349.6200
541.5840,-212.6200
541.7070,-145.6200
541.8300,-274.6200
541.9530,-133.6200
542.0760,-111.6200
542.1990,-171.6200
542.3220,65.3800
542.4450,129.3800
542.5670,-220.6200
542.6900,-116.6200
542.8130,-224.6200
542.9360,-65.6200
543.0590,-145.6200
543.1820,256.3800
543.3050,52.3800
543.4280,-107.6200
543.5510,-190.6200
543.6740,116.3800
543.7970,-60.6200
543.9200,-208.6200
544.0430,299.3800
544.1660,-285.6200
544.2880,-189.6200
544.4110,-85.6200
544.5340,-336.6200
544.6570,-122.6200
544.7800,-225.6200
544.9030,-98.6200
545.0260,-178.6200
545.1490,-306.6200
545.2710,-306.6200
545.3940,-223.6200
545.5170,-390.6200
545.6400,386.3800
545.7630,-197.6200
545.8860,-272.6200
546.0080,-117.6200
546.1310,25.3800
546.2540,-152.6200
546.3770,-380.6200
546.5000,-35.6200
546.6230,-44.6200
546.7450,-327.6200
546.8680,-215.6200
546.9910,32.3800
547.1140,-159.6200
547.2360,-169.6200
547.3590,-310.6200
547.4820,-102.6200
547.6050,-266.6200
547.7280,-250.6200
547.8500,-364.6200
547.9730,-299.6200
548.0960,-197.6200
548.2190,-48.6200
548.3410,-198.6200
548.4640,-396.6200
548.5870,-165.6200
548.7090,-200.6200
548.8320,-173.6200
548.9550,291.3800
549.0780,19.3800
549.2000,-296.6200
549.3230,-223.6200
549.4460,168.3800
549.5680,-159.6200
549.6910,-74.6200
549.8140,-21.6200
549.9360,-271.6200
550.0590,-186.6200
550.1820,-328.6200
550.3040,-407.6200
550.4270,-175.6200
550.5500,-226.6200
550.6720,-288.6200
550.7950,265.3800
550.9170,-282.6200
551.0400,-177.6200
551.1630,-88.6200
551.2850,56.3800
551.4080,14.3800
551.5310,351.3800
551.6530,-346.6200
551.7760,-94.6200
551.8980,-96.6200
552.0210,-95.6200
552.1430,-174.6200
552.2660,-194.6200
552.3890,-173.6200
552.5110,-350.6200
552.6340,-369.6200
552.7560,-315.6200
552.8790,211.3800
553.0010,43.3800
553.1240,-396.6200
553.2460,-290.6200
553.3690,53.3800
553.4920,-173.6200
553.6140,30.3800
553.7370,-467.6200
553.8590,-17.6200
553.9820,-9.6200
554.1040,-121.6200
554.2270,-282.6200
554.3490,-177.6200
554.4720,-191.6200
554.5940,-455.6200
554.7160,25.3800
554.8390,-48.6200
554.9610,-115.6200
555.0840,-328.6200
555.2060,-152.6200
555.3290,-387.6200
555.4510,-346.6200
555.5740,-86.6200
555.6960,-323.6200
555.8190,-159.6200
555.9410,-162.6200
556.0630,-46.6200
556.1860,-178.6200
556.3080,-81.6200
556.4310,229.3800
556.5530,-48.6200
556.6750,-288.6200
556.7980,-221.6200
556.9200,-16.6200
557.0430,-267.6200
557.1650,-371.6200
557.2870,22.3800
557.4100,-188.6200
557.5320,-129.6200
557.6540,-222.6200
557.7770,33.3800
557.8990,-132.6200
558.0210,-224.6200
558.1440,61.3800
558.2660,50.3800
558.3880,233.3800
558.5110,-232.6200
558.6330,-180.6200
558.7550,-263.6200
558.8780,-282.6200
559.0000,-49.6200
559.1220,-417.6200
559.2440,-241.6200
559.3670,-172.6200
559.4890,7.3800
559.6110,130.3800
559.7340,-167.6200
559.8560,-128.6200
559.9780,-150.6200
560.1000,-163.6200
560.2230,-160.6200
560.3450,75.3800
560.4670,-371.6200
560.5890,-210.6200
560.7120,-221.6200
560.8340,174.3800
560.9560,-342.6200
561.0780,-197.6200
561.2000,-112.6200
561.3230,105.3800
561.4450,-375.6200
561.5670,-250.6200
561.6890,-328.6200
561.8110,-45.6200
561.9340,-195.6200
562.0560,-196.6200
562.1780,-66.6200
562.3000,-213.6200
562.4220,-46.6200
562.5440,-166.6200
562.6660,42.3800
562.7890,-90.6200
562.9110,-158.6200
563.0330,-30.6200
563.1550,-23.6200
563.2770,-243.6200
563.3990,-438.6200
563.5210,-220.6200
563.6430,-297.6200
563.7660,-159.6200
563.8880,23.3800
564.0100,-142.6200
564.1320,-321.6200
564.2540,-371.6200
564.3760,85.3800
564.4980,-114.6200
564.6200,122.3800
564.7420,-139.6200
564.8640,-394.6200
564.9860,-115.6200
565.1080,267.3800
565.2300,-255.6200
565.3520,-25.6200
565.4740,-112.6200
565.5970,172.3800
565.7190,106.3800
565.8410,-350.6200
565.9630,-96.6200
566.0850,-141.6200
566.2070,-192.6200
566.3290,39.3800
566.4510,31.3800
566.5730,-198.6200
566.6950,-211.6200
566.8170,200.3800
566.9380,-318.6200
567.0600,-177.6200
567.1820,-118.6200
567.3040,-216.6200
567.4260,-347.6200
567.5480,65.3800
567.6700,-86.6200
567.7920,-181.6200
567.9140,-255.6200
568.0360,-152.6200
568.1580,-153.6200
568.2800,-294.6200
568.4020,-77.6200
568.5240,-201.6200
568.6460,-307.6200
568.7670,-209.6200
568.8890,12.3800
569.0110,-168.6200
569.1330,-232.6200
569.2550,-406.6200
569.3770,-346.6200
569.4990,-117.6200
569.6210,-237.6200
569.7420,210.3800
569.8640,29.3800
569.9860,284.3800
570.1080,-23.6200
570.2300,-327.6200
570.3520,78.3800
570.4730,-102.6200
570.5950,-169.6200
570.7170,-335.6200
570.8390,-128.6200
570.9610,-12.6200
571.0820,-192.6200
571.2040,-270.6200
571.3260,-291.6200
571.4480,30.3800
571.5700,65.3800
571.6910,-133.6200
571.8130,-120.6200
571.9350,54.3800
572.0570,-153.6200
572.1780,-300.6200
572.3000,97.3800
572.4220,115.3800
572.5440,190.3800
572.6650,-263.6200
572.7870,-307.6200
572.9090,126.3800
573.0310,-66.6200
573.1520,-358.6200
573.2740,-49.6200
573.3960,-29.6200
573.5170,-18.6200
573.6390,-423.6200
573.7610,-246.6200
573.8820,-135.6200
574.0040,-13.6200
574.1260,-288.6200
574.2470,12.3800
574.3690,-12.6200
574.4910,-145.6200
574.6120,-293.6200
574.7340,-173.6200
574.8560,-145.6200
574.9770,-33.6200
575.0990,-118.6200
575.2210,-129.6200
575.3420,-158.6200
575.4640,-106.6200
575.5850,-74.6200
575.7070,-297.6200
575.8290,94.3800
575.9500,81.3800
576.0720,-200.6200
576.1930,-302.6200
576.3150,-194.6200
576.4370,-163.6200
576.5580,-178.6200
576.6800,-187.6200
576.8010,238.3800
576.9230,-333.6200
577.0440,68.3800
577.1660,-407.6200
577.2870,-113.6200
577.4090,-201.6200
577.5310,-202.6200
577.6520,-56.6200
577.7740,-406.6200
577.8950,-145.6200
578.0170,-275.6200
578.1380,-283.6200
578.2600,-159.6200
578.3810,-65.6200
578.5030,-275.6200
578.6240,-266.6200
578.7460,-347.6200
578.8670,-197.6200
578.9880,-87.6200
579.1100,101.3800
579.2310,-96.6200
579.3530,-212.6200
579.4740,-163.6200
579.5960,-229.6200
579.7170,17.3800
579.8390,-167.6200
579.9600,-441.6200
580.0810,-73.6200
580.2030,-195.6200
580.3240,-97.6200
580.4460,-50.6200
580.5670,-147.6200
580.6880,200.3800
580.8100,-308.6200
580.9310,-218.6200
581.0530,-363.6200
581.1740,-109.6200
581.2950,-225.6200
581.4170,-49.6200
581.5380,-30.6200
581.6590,5.3800
581.7810,-121.6200
581.9020,-265.6200
582.0240,-294.6200
582.1450,-343.6200
582.2660,-268.6200
582.3880,-149.6200
582.5090,-336.6200
582.6300,-125.6200
582.7510,-194.6200
582.8730,-216.6200
582.9940,-251.6200
583.1150,-153.6200
583.2370,-76.6200
583.3580,-247.6200
583.4790,-410.6200
583.6000,41.3800
583.7220,-165.6200
583.8430,-307.6200
583.9640,58.3800
584.0860,-209.6200
584.2070,-22.6200
584.3280,-311.6200
584.4490,-69.6200
584.5700,-85.6200
584.6920,-101.6200
584.8130,829.3800
584.9340,-113.6200
585.0550,-276.6200
585.1770,-39.6200
585.2980,-136.6200
585.4190,-344.6200
585.5400,178.3800
585.6610,-20.6200
585.7830,-91.6200
585.9040,-299.6200
586.0250,92.3800
586.1460,-268.6200
586.2670,-213.6200
586.3880,-180.6200
586.5100,318.3800
586.6310,-299.6200
586.7520,-328.6200
586.8730,-205.6200
586.9940,-346.6200
587.1150,-337.6200
587.2360,-242.6200
587.3570,-373.6200
587.4790,-278.6200
587.6000,35.3800
587.7210,-202.6200
587.8420,-297.6200
587.9630,164.3800
588.0840,106.3800
588.2050,-291.6200
588.3260,-206.6200
588.4470,-130.6200
588.5680,-182.6200
588.6890,-123.6200
588.8100,-106.6200
588.9310,-183.6200
589.0520,-248.6200
589.1740,-282.6200
589.2950,-96.6200
589.4160,-101.6200
589.5370,48.3800
589.6580,-210.6200
589.7790,-379.6200
589.9000,57.3800
590.0210,-222.6200
590.1420,-261.6200
590.2630,-374.6200
590.3840,-138.6200
590.5050,197.3800
590.6260,-301.6200
590.7470,-130.6200
590.8670,-60.6200
590.9880,-29.6200
591.1090,-199.6200
591.2300,76.3800
591.3510,-11.6200
591.4720,-136.6200
591.5930,-208.6200
591.7140,-128.6200
591.8350,-202.6200
591.9560,-216.6200
592.0770,-383.6200
592.1980,-185.6200
592.3190,-86.6200
592.4400,-14.6200
592.5600,-254.6200
592.6810,-378.6200
592.8020,-63.6200
592.9230,-146.6200
593.0440,-281.6200
593.1650,-325.6200
593.2860,-70.6200
593.4070,-266.6200
593.5270,25.3800
593.6480,-330.6200
593.7690,-52.6200
593.8900,65.3800
594.0110,-171.6200
594.1320,-264.6200
594.2520,-72.6200
594.3730,-285.6200
594.4940,-393.6200
594.6150,-201.6200
594.7360,-207.6200
594.8560,57.3800
594.9770,-317.6200
595.0980,-119.6200
595.2190,-274.6200
595.3400,-89.6200
595.4600,-352.6200
595.5810,171.3800
595.7020,-159.6200
595.8230,-322.6200
595.9430,-116.6200
596.0640,-179.6200
596.1850,97.3800
596.3060,-400.6200
596.4260,-294.6200
596.5470,-368.6200
596.6680,-83.6200
596.7880,-76.6200
596.9090,-165.6200
597.0300,-95.6200
597.1510,-145.6200
597.2710,-254.6200
597.3920,-208.6200
597.5130,-91.6200
597.6330,11.3800
597.7540,-108.6200
597.8750,-163.6200
597.9950,103.3800
598.1160,-82.6200
598.2370,-184.6200
598.3570,-275.6200
598.4780,-289.6200
598.5990,192.3800
598.7190,-174.6200
598.8400,-345.6200
598.9600,-262.6200
599.0810,-136.6200
599.2020,-160.6200
599.3220,-298.6200
599.4430,-326.6200
599.5630,-60.6200
599.6840,77.3800
599.8050,-251.6200
599.9250,-363.6200
600.0460,214.3800
600.1660,-185.6200
600.2870,-66.6200
600.4070,-131.6200
600.5280,31.3800
600.6490,-33.6200
600.7690,-149.6200
600.8900,-370.6200
601.0100,0.3800
601.1310,-202.6200
601.2510,148.3800
601.3720,-136.6200
601.4920,-208.6200
601.6130,-269.6200
601.7330,-254.6200
601.8540,208.3800
601.9740,296.3800
602.0950,126.3800
602.2150,-327.6200
602.3360,-323.6200
602.4560,195.3800
602.5770,-225.6200
602.6970,647.3800
602.8170,2.3800
602.9380,-106.6200
603.0580,-32.6200
603.1790,-315.6200
603.2990,-291.6200
603.4200,-348.6200
603.5400,-74.6200
603.6600,-329.6200
603.7810,-83.6200
603.9010,-242.6200
604.0220,128.3800
604.1420,-199.6200
604.2620,-127.6200
604.3830,-254.6200
604.5030,95.3800
604.6240,-288.6200
604.7440,-120.6200
604.8640,-27.6200
604.9850,-204.6200
605.1050,-124.6200
605.2250,-140.6200
605.3460,-110.6200
605.4660,13.3800
605.5860,187.3800
605.7070,262.3800
605.8270,-316.6200
605.9470,-197.6200
606.0680,-192.6200
606.1880,-198.6200
606.3080,-207.6200
606.4290,59.3800
606.5490,-234.6200
606.6690,-349.6200
606.7890,-273.6200
606.9100,-46.6200
607.0300,-285.6200
607.1500,-219.6200
607.2700,-77.6200
607.3910,15.3800
607.5110,-269.6200
607.6310,-289.6200
607.7510,159.3800
607.8720,-18.6200
607.9920,-335.6200
608.1120,9.3800
608.2320,-229.6200
608.3530,-305.6200
608.4730,-238.6200
608.5930,121.3800
608.7130,310.3800
608.8330,-132.6200
608.9540,-251.6200
609.0740,-209.6200
609.1940,-292.6200
609.3140,203.3800
609.4340,-2.6200
609.5540,-156.6200
609.6750,-47.6200
609.7950,-231.6200
609.9150,-308.6200
610.0350,302.3800
610.1550,-168.6200
610.2750,-161.6200
610.3950,-28.6200
610.5160,-351.6200
610.6360,-113.6200
610.7560,-45.6200
610.8760,-22.6200
610.9960,-301.6200
611.1160,206.3800
611.2360,-325.6200
611.3560,-251.6200
611.4760,-143.6200
611.5960,-104.6200
611.7160,100.3800
611.8360,-312.6200
611.9570,-315.6200
612.0770,-153.6200
612.1970,-49.6200
612.3170,-283.6200
612.4370,82.3800
612.5570,63.3800
612.6770,-164.6200
612.7970,-140.6200
612.9170,-331.6200
613.0370,-45.6200
613.1570,-102.6200
613.2770,-87.6200
613.3970,102.3800
613.5170,142.3800
613.6370,-256.6200
613.7570,-149.6200
613.8770,-244.6200
613.9970,-16.6200
614.1170,-209.6200
614.2370,-194.6200
614.3560,-117.6200
614.4760,59.3800
614.5960,48.3800
614.7160,-203.6200
614.8360,-167.6200
614.9560,-4.6200
615.0760,-96.6200
615.1960,-319.6200
615.3160,-97.6200
615.4360,-47.6200
615.5560,135.3800
615.6760,178.3800
615.7950,-88.6200
615.9150,-101.6200
616.0350,-215.6200
616.1550,-155.6200
616.2750,-292.6200
616.3950,-209.6200
616.5150,5.3800
616.6350,-410.6200
616.7540,-432.6200
616.8740,-44.6200
616.9940,-108.6200
617.1140,269.3800
617.2340,31.3800
617.3540,35.3800
617.4730,369.3800
617.5930,-202.6200
617.7130,-127.6200
617.8330,-37.6200
617.9530,-48.6200
618.0720,-493.6200
618.1920,-254.6200
618.3120,119.3800
618.4320,83.3800
618.5510,-276.6200
618.6710,-270.6200
618.7910,-20.6200
618.9110,-89.6200
619.0300,-180.6200
619.1500,-120.6200
619.2700,-161.6200
619.3900,-217.6200
619.5090,-184.6200
619.6290,-187.6200
619.7490,-254.6200
619.8680,-91.6200
619.9880,-390.6200
620.1080,-231.6200
620.2280,754.3800
620.3470,-110.6200
620.4670,-276.6200
620.5870,-310.6200
620.7060,67.3800
620.8260,-225.6200
620.9460,-300.6200
621.0650,-18.6200
621.1850,280.3800
621.3050,-190.6200
621.4240,-225.6200
621.5440,-418.6200
621.6630,-16.6200
621.7830,-208.6200
621.9030,204.3800
622.0220,-274.6200
622.1420,-127.6200
622.2610,184.3800
622.3810,-112.6200
622.5010,-38.6200
622.6200,-210.6200
622.7400,-109.6200
622.8590,-190.6200
622.9790,103.3800
623.0990,-215.6200
623.2180,-23.6200
623.3380,143.3800
623.4570,-53.6200
623.5770,-223.6200
623.6960,-39.6200
623.8160,-390.6200
623.9350,-271.6200
624.0550,-255.6200
624.1740,-118.6200
624.2940,-172.6200
624.4130,-356.6200
624.5330,-60.6200
624.6520,132.3800
624.7720,-262.6200
624.8910,-380.6200
625.0110,26.3800
625.1300,-191.6200
625.2500,-358.6200
625.3690,-218.6200
625.4890,-184.6200
625.6080,-253.6200
625.7280,-134.6200
625.8470,-135.6200
625.9660,-272.6200
626.0860,-233.6200
626.2050,-369.6200
626.3250,-94.6200
626.4440,-122.6200
626.5640,172.3800
626.6830,-12.6200
626.8020,-1.6200
626.9220,145.3800
627.0410,-14.6200
627.1610,-194.6200
627.2800,24.3800
627.3990,34.3800
627.5190,-89.6200
627.6380,-386.6200
627.7570,-278.6200
627.8770,-165.6200
627.9960,-156.6200
628.1150,-52.6200
628.2350,-17.6200
628.3540,-313.6200
628.4730,-105.6200
628.5930,96.3800
628.7120,-125.6200
628.8310,-96.6200
628.9510,-357.6200
629.0700,71.3800
629.1890,-129.6200
629.3090,-125.6200
629.4280,216.3800
629.5470,-337.6200
629.6660,-45.6200
629.7860,-108.6200
629.9050,-277.6200
630.0240,-28.6200
630.1430,-78.6200
630.2630,-126.6200
630.3820,280.3800
630.5010,-203.6200
630.6200,-237.6200
630.7400,-293.6200
630.8590,85.3800
630.9780,-192.6200
631.0970,-337.6200
631.2160,-259.6200
631.3360,142.3800
631.4550,-259.6200
631.5740,-210.6200
631.6930,-42.6200
631.8120,-177.6200
631.9320,-425.6200
632.0510,74.3800
632.1700,315.3800
632.2890,30.3800
632.4080,-238.6200
632.5270,-157.6200
632.6460,-112.6200
632.7660,-243.6200
632.8850,186.3800
633.0040,-361.6200
633.1230,-119.6200
633.2420,-252.6200
633.3610,642.3800
633.4800,-261.6200
633.5990,-233.6200
633.7180,42.3800
633.8380,-105.6200
633.9570,-362.6200
634.0760,-63.6200
634.1950,-159.6200
634.3140,-45.6200
634.4330,-19.6200
634.5520,-204.6200
634.6710,-72.6200
634.7900,226.3800
634.9090,27.3800
635.0280,-53.6200
635.1470,3.3800
635.2660,-318.6200
635.3850,-92.6200
635.5040,-301.6200
635.6230,-21.6200
635.7420,-338.6200
635.8610,-374.6200
635.9800,-72.6200
636.0990,-214.6200
636.2180,-142.6200
636.3370,-144.6200
636.4560,300.3800
636.5750,7.3800
636.6940,-134.6200
636.8130,-349.6200
636.9320,-289.6200
637.0510,-101.6200
637.1700,-397.6200
637.2890,-103.6200
637.4080,-329.6200
637.5260,-75.6200
637.6450,-457.6200
637.7640,-348.6200
637.8830,-197.6200
638.0020,49.3800
638.1210,335.3800
638.2400,-284.6200
638.3590,43.3800
638.4780,-193.6200
638.5970,-311.6200
638.7150,345.3800
638.8340,-134.6200
638.9530,44.3800
639.0720,-334.6200
639.1910,-379.6200
639.3100,35.3800
639.4280,-116.6200
639.5470,-109.6200
639.6660,-37.6200
639.7850,-38.6200
639.9040,-91.6200
640.0230,-333.6200
640.1410,-229.6200
640.2600,-158.6200
640.3790,-26.6200
640.4980,-433.6200
640.6160,-86.6200
640.7350,-122.6200
640.8540,104.3800
640.9730,-335.6200
641.0920,-14.6200
641.2100,-8.6200
641.3290,-156.6200
641.4480,-17.6200
641.5670,228.3800
641.6850,-125.6200
641.8040,-163.6200
641.9230,-164.6200
642.0410,-292.6200
642.1600,-153.6200
642.2790,111.3800
642.3980,-220.6200
642.5160,-270.6200
642.6350,159.3800
642.7540,-157.6200
642.8720,23.3800
642.9910,1.3800
643.1100,-207.6200
643.2280,-284.6200
643.3470,-357.6200
643.4660,-385.6200
643.5840,48.3800
643.7030,239.3800
643.8210,-163.6200
643.9400,-118.6200
644.0590,-26.6200
644.1770,60.3800
644.2960,-335.6200
644.4150,-264.6200
644.5330,-89.6200
644.6520,43.3800
644.7700,-381.6200
644.8890,-338.6200
645.0080,41.3800
645.1260,-226.6200
645.2450,-9.6200
645.3630,37.3800
645.4820,-74.6200
645.6000,-111.6200
645.7190,-214.6200
645.8370,-217.6200
645.9560,-82.6200
646.0740,-280.6200
646.1930,-286.6200
646.3120,3.3800
646.4300,173.3800
646.5490,251.3800
646.6670,-454.6200
646.7860,-313.6200
646.9040,38.3800
647.0230,-21.6200
647.1410,-334.6200
647.2600,-2.6200
647.3780,416.3800
647.4960,-153.6200
647.6150,-67.6200
647.7330,-115.6200
647.8520,195.3800
647.9700,-207.6200
648.0890,2.3800
648.2070,-18.6200
648.3260,116.3800
648.4440,-132.6200
648.5620,-167.6200
648.6810,-95.6200
648.7990,-123.6200
648.9180,-59.6200
649.0360,-136.6200
649.1540,-231.6200
649.2730,67.3800
649.3910,-165.6200
649.5100,-282.6200
649.6280,-329.6200
649.7460,173.3800
649.8650,-178.6200
649.9830,-298.6200
650.1010,-118.6200
650.2200,-124.6200
650.3380,-210.6200
650.4560,-214.6200
650.5750,-236.6200
650.6930,-258.6200
650.8110,0.3800
650.9300,-354.6200
651.0480,1056.3800
651.1660,329.3800
651.2850,-130.6200
651.4030,-39.6200
651.5210,-116.6200
651.6390,-109.6200
651.7580,67.3800
651.8760,194.3800
651.9940,-297.6200
652.1120,128.3800
652.2310,-86.6200
652.3490,-275.6200
652.4670,-474.6200
652.5850,-109.6200
652.7040,22.3800
652.8220,-393.6200
652.9400,-359.6200
653.0580,-57.6200
653.1760,-195.6200
653.2950,-160.6200
653.4130,-21.6200
653.5310,-222.6200
653.6490,-130.6200
653.7670,-294.6200
653.8860,-326.6200
654.0040,-227.6200
654.1220,195.3800
654.2400,-364.6200
654.3580,-294.6200
654.4760,-113.6200
654.5940,203.3800
654.7130,-214.6200
654.8310,-397.6200
654.9490,-168.6200
655.0670,29.3800
655.1850,-357.6200
655.3030,-256.6200
655.4210,-158.6200
655.5390,101.3800
655.6580,-139.6200
655.7760,-229.6200
655.8940,20.3800
656.0120,181.3800
656.1300,-422.6200
656.2480,-204.6200
656.3660,-236.6200
656.4840,-171.6200
656.6020,-288.6200
656.7200,-300.6200
656.8380,-25.6200
656.9560,-148.6200
657.0740,-100.6200
657.1920,-125.6200
657.3100,-242.6200
657.4280,-158.6200
657.5460,-114.6200
657.6640,-129.6200
657.7820,-125.6200
657.9000,71.3800
658.0180,-212.6200
658.1360,-165.6200
658.2540,47.3800
658.3720,145.3800
658.4900,-319.6200
658.6080,-318.6200
658.7260,-16.6200
658.8440,14.3800
658.9620,-255.6200
659.0800,-374.6200
659.1980,-49.6200
659.3160,-103.6200
